

Platform: dx9
Target dir: dx9\
File: flower.fbx

FBX version number for this FBX SDK is 6.1.0
FBX version number for file flower.fbx is 6.1.0

Take Information
    Number of takes: 1
    Current take: "Take 001"

    Take 0
         Name: "Take 001"
         Description: ""
         Import Name: "Take 001"
         Import State: true

moo
moo1
moo2


---------------------
Global Light Settings
---------------------

Ambient Color: 0.400000 (red), 0.400000 (green), 0.400000 (blue)
Fog Options
    Fog Enable: false
    Fog Mode: Linear
    Fog Start: 0.300000
    Fog End: 1000.000000
    Fog Color: 1.000000 (red), 1.000000 (green), 1.000000 (blue)



----------------------
Global Camera Settings
----------------------

Default Camera: Producer Perspective
Default Viewing Mode: Standard
Camera Name: Producer Perspective
    Camera Position and Orientation
        Position: 0.000000, 71.300003, 287.500000
        Default Camera Interest Position: 0.000000, 0.000000, 0.000000
        Up Vector: 0.000000, 1.000000, 0.000000
        Roll: 0.000000
    Projection Type: Perspective
    Viewing Area Controls
        Format: Custom
        Aspect Ratio Mode: Window Size
        Pixel Ratio: 1.000000
        Near Plane: 10.000000
        Far Plane: 4000.000000
        Mouse Lock: false
    Aperture and Film Controls
        Aperture Format: 35mm TV Projection
        Aperture Width: 0.816000 inches
        Aperture Height: 0.612000 inches
        Squeeze Ratio: 1.000000
        Focal Length: 21.354494mm
        Field of View: 40.000000 degrees
    Background Properties
        Background Display Mode: When Media
        Background Drawing Mode: Background
        Foreground Matte Threshold Enable: true
        Background Placement Options:  Center, Keep Ratio
        Background Distance: 100.000000
        Background Distance Mode: Relative to Interest
    Camera View Options
        View Camera Interest: true
        View Near Far Planes: false
        Show Grid: true
        Show Axis: true
        Show Name: true
        Show Info on Moving: true
        Show Time Code: false
        Display Safe Area: false
        Safe Area Style: Square
        Show Audio: false
        Background Color: 0.630000 (red), 0.630000 (green), 0.630000 (blue)
        Audio Color: 0.000000 (red), 1.000000 (green), 0.000000 (blue)
        Use Frame Color: false
        Frame Color: 0.300000 (red), 0.300000 (green), 0.300000 (blue)
    Render Options
        Render Options Usage Time: At Render
        Use Antialiasing: false
        Antialiasing Intensity: 0.777770
        Antialiasing Method: Oversampling Antialiasing
        Number of Samples: 7
        Sampling Type: Stochastic
        Use Accumulation Buffer: false
        Use Depth of Field: false
        Focus Distance Source: Camera Interest
        Focus Angle: 3.500000 degrees
    Default Animation Values
        Default Field of View: 40.000000
        Default Field of View X: 1.000000
        Default Field of View Y: 1.000000
        Default Optical Center X: 0.000000
        Default Optical Center Y: 0.000000
        Default Roll: 0.000000
Camera Name: Producer Top
    Camera Position and Orientation
        Position: 0.000000, 4000.000000, 0.000000
        Default Camera Interest Position: 0.000000, 0.000000, 0.000000
        Up Vector: 0.000000, 0.000000, -1.000000
        Roll: 0.000000
    Projection Type: Orthogonal
    Viewing Area Controls
        Format: Custom
        Aspect Ratio Mode: Window Size
        Pixel Ratio: 1.000000
        Near Plane: 1.000000
        Far Plane: 30000.000000
        Mouse Lock: false
    Background Properties
        Background Display Mode: When Media
        Background Drawing Mode: Background
        Foreground Matte Threshold Enable: true
        Background Placement Options:  Center, Keep Ratio
        Background Distance: 100.000000
        Background Distance Mode: Relative to Interest
    Camera View Options
        View Camera Interest: true
        View Near Far Planes: false
        Show Grid: true
        Show Axis: true
        Show Name: true
        Show Info on Moving: true
        Show Time Code: false
        Display Safe Area: false
        Safe Area Style: Square
        Show Audio: false
        Background Color: 0.630000 (red), 0.630000 (green), 0.630000 (blue)
        Audio Color: 0.000000 (red), 1.000000 (green), 0.000000 (blue)
        Use Frame Color: false
        Frame Color: 0.300000 (red), 0.300000 (green), 0.300000 (blue)
    Render Options
        Render Options Usage Time: At Render
        Use Antialiasing: false
        Antialiasing Intensity: 0.777770
        Antialiasing Method: Oversampling Antialiasing
        Number of Samples: 7
        Sampling Type: Stochastic
        Use Accumulation Buffer: false
        Use Depth of Field: false
        Focus Distance Source: Camera Interest
        Focus Angle: 3.500000 degrees
    Default Animation Values
        Default Field of View: 40.000000
        Default Field of View X: 1.000000
        Default Field of View Y: 1.000000
        Default Optical Center X: 0.000000
        Default Optical Center Y: 0.000000
        Default Roll: 0.000000
Camera Name: Producer Front
    Camera Position and Orientation
        Position: 0.000000, 0.000000, 4000.000000
        Default Camera Interest Position: 0.000000, 0.000000, 0.000000
        Up Vector: 0.000000, 1.000000, 0.000000
        Roll: 0.000000
    Projection Type: Orthogonal
    Viewing Area Controls
        Format: Custom
        Aspect Ratio Mode: Window Size
        Pixel Ratio: 1.000000
        Near Plane: 1.000000
        Far Plane: 30000.000000
        Mouse Lock: false
    Background Properties
        Background Display Mode: When Media
        Background Drawing Mode: Background
        Foreground Matte Threshold Enable: true
        Background Placement Options:  Center, Keep Ratio
        Background Distance: 100.000000
        Background Distance Mode: Relative to Interest
    Camera View Options
        View Camera Interest: true
        View Near Far Planes: false
        Show Grid: true
        Show Axis: true
        Show Name: true
        Show Info on Moving: true
        Show Time Code: false
        Display Safe Area: false
        Safe Area Style: Square
        Show Audio: false
        Background Color: 0.630000 (red), 0.630000 (green), 0.630000 (blue)
        Audio Color: 0.000000 (red), 1.000000 (green), 0.000000 (blue)
        Use Frame Color: false
        Frame Color: 0.300000 (red), 0.300000 (green), 0.300000 (blue)
    Render Options
        Render Options Usage Time: At Render
        Use Antialiasing: false
        Antialiasing Intensity: 0.777770
        Antialiasing Method: Oversampling Antialiasing
        Number of Samples: 7
        Sampling Type: Stochastic
        Use Accumulation Buffer: false
        Use Depth of Field: false
        Focus Distance Source: Camera Interest
        Focus Angle: 3.500000 degrees
    Default Animation Values
        Default Field of View: 40.000000
        Default Field of View X: 1.000000
        Default Field of View Y: 1.000000
        Default Optical Center X: 0.000000
        Default Optical Center Y: 0.000000
        Default Roll: 0.000000
Camera Name: Producer Right
    Camera Position and Orientation
        Position: 4000.000000, 0.000000, 0.000000
        Default Camera Interest Position: 0.000000, 0.000000, 0.000000
        Up Vector: 0.000000, 1.000000, 0.000000
        Roll: 0.000000
    Projection Type: Orthogonal
    Viewing Area Controls
        Format: Custom
        Aspect Ratio Mode: Window Size
        Pixel Ratio: 1.000000
        Near Plane: 1.000000
        Far Plane: 30000.000000
        Mouse Lock: false
    Background Properties
        Background Display Mode: When Media
        Background Drawing Mode: Background
        Foreground Matte Threshold Enable: true
        Background Placement Options:  Center, Keep Ratio
        Background Distance: 100.000000
        Background Distance Mode: Relative to Interest
    Camera View Options
        View Camera Interest: true
        View Near Far Planes: false
        Show Grid: true
        Show Axis: true
        Show Name: true
        Show Info on Moving: true
        Show Time Code: false
        Display Safe Area: false
        Safe Area Style: Square
        Show Audio: false
        Background Color: 0.630000 (red), 0.630000 (green), 0.630000 (blue)
        Audio Color: 0.000000 (red), 1.000000 (green), 0.000000 (blue)
        Use Frame Color: false
        Frame Color: 0.300000 (red), 0.300000 (green), 0.300000 (blue)
    Render Options
        Render Options Usage Time: At Render
        Use Antialiasing: false
        Antialiasing Intensity: 0.777770
        Antialiasing Method: Oversampling Antialiasing
        Number of Samples: 7
        Sampling Type: Stochastic
        Use Accumulation Buffer: false
        Use Depth of Field: false
        Focus Distance Source: Camera Interest
        Focus Angle: 3.500000 degrees
    Default Animation Values
        Default Field of View: 40.000000
        Default Field of View X: 1.000000
        Default Field of View Y: 1.000000
        Default Optical Center X: 0.000000
        Default Optical Center Y: 0.000000
        Default Roll: 0.000000



--------------------
Global Time Settings
--------------------

Time Mode: Frames 60
Time Protocol: Frame
Snap On Frame: false



---------
Hierarchy
---------

camera1
branch_05
branch_03
branch_01
branch_02
branch_07
pPlane8
     polySurface1
     polySurface2
          polySurface3
          polySurface4
pPlane9
pPlane10
pPlane11
pPlane12
pPlane13
branch_04
branch_06
branch_08


------------
Node Content
------------

Camera Name: camera1
    Camera Position and Orientation
        Position: 59.853928, 84.469887, 502.310089
        Default Camera Interest Position: 0.000000, 0.000000, -1.000000
        Up Vector: 0.000000, 1.000000, 0.000000
        Roll: 0.000000
    Projection Type: Perspective
    Viewing Area Controls
        Format: Custom
        Aspect Ratio Mode: Window Size
        Pixel Ratio: 1.000000
        Near Plane: 1.000000
        Far Plane: 10000.000000
        Mouse Lock: false
    Aperture and Film Controls
        Aperture Format: Custom
        Aperture Width: 1.417320 inches
        Aperture Height: 0.944880 inches
        Squeeze Ratio: 1.000000
        Focal Length: 35.000000mm
        Field of View: 0.000000 degrees
    Background Properties
        Background Display Mode: When Media
        Background Drawing Mode: Background
        Foreground Matte Threshold Enable: true
        Background Placement Options:  Center, Keep Ratio
        Background Distance: 100.000000
        Background Distance Mode: Relative to Interest
    Camera View Options
        View Camera Interest: true
        View Near Far Planes: false
        Show Grid: true
        Show Axis: true
        Show Name: true
        Show Info on Moving: true
        Show Time Code: false
        Display Safe Area: false
        Safe Area Style: Square
        Show Audio: false
        Background Color: 0.000000 (red), 0.000000 (green), 0.000000 (blue)
        Audio Color: 0.000000 (red), 1.000000 (green), 0.000000 (blue)
        Use Frame Color: false
        Frame Color: 0.300000 (red), 0.300000 (green), 0.300000 (blue)
    Render Options
        Render Options Usage Time: At Render
        Use Antialiasing: false
        Antialiasing Intensity: 0.777770
        Antialiasing Method: Oversampling Antialiasing
        Number of Samples: 7
        Sampling Type: Stochastic
        Use Accumulation Buffer: false
        Use Depth of Field: false
        Focus Distance Source: Camera Interest
        Focus Angle: 3.500000 degrees
    Default Animation Values
        Default Field of View: 0.000000
        Default Field of View X: 1.000000
        Default Field of View Y: 1.000000
        Default Optical Center X: 0.000000
        Default Optical Center Y: 0.000000
        Default Roll: 0.000000
    Property Count: 68
    Pivot Information
        Pivot State: Active
        Pre-Rotation: 0.000000 0.000000 0.000000
        Post-Rotation: -0.000000 -90.000000 0.000000
        Rotation Pivot: 0.000000 -0.000000 -0.000000
        Rotation Offset: 0.000000 0.000000 0.000000
        Scaling Pivot: 0.000000 0.000000 0.000000
        Scaling Offset: 0.000000 0.000000 0.000000
    Limits Information
        Translation limits: Inactive
            X
                Min Limit: Inactive
                Min Limit Value: 0.000000
                Max Limit: Inactive
                Max Limit Value: 0.000000
            Y
                Min Limit: Inactive
                Min Limit Value: 0.000000
                Max Limit: Inactive
                Max Limit Value: 0.000000
            Z
                Min Limit: Inactive
                Min Limit Value: 0.000000
                Max Limit: Inactive
                Max Limit Value: 0.000000
        Rotation limits: Active
            X
                Min Limit: Inactive
                Min Limit Value: 0.000000
                Max Limit: Inactive
                Max Limit Value: 0.000000
            Y
                Min Limit: Inactive
                Min Limit Value: 0.000000
                Max Limit: Inactive
                Max Limit Value: 0.000000
            Z
                Min Limit: Inactive
                Min Limit Value: 0.000000
                Max Limit: Inactive
                Max Limit Value: 0.000000
        Scaling limits: Inactive
            X
                Min Limit: Inactive
                Min Limit Value: 0.000000
                Max Limit: Inactive
                Max Limit Value: 0.000000
            Y
                Min Limit: Inactive
                Min Limit Value: 0.000000
                Max Limit: Inactive
                Max Limit Value: 0.000000
            Z
                Min Limit: Inactive
                Min Limit Value: 0.000000
                Max Limit: Inactive
                Max Limit Value: 0.000000
    Transformation Propagation
        Rotation Space: Euler XYZ
        Use the Rotation Space for Limit specification only: No
        Transformation Inheritance: RSrs
    Geometric Transformations
        Translation: 0.000000 0.000000 0.000000
        Rotation:    0.000000 0.000000 0.000000
        Scaling:     1.000000 1.000000 1.000000
    Default Animation
        TX
            Default Value: 59.853928
        TY
            Default Value: 84.469887
        TZ
            Default Value: 502.310089
        RX
            Default Value: 0.000000
        RY
            Default Value: 0.000000
        RZ
            Default Value: -0.000000
        SX
            Default Value: 1.000000
        SY
            Default Value: 1.000000
        SZ
            Default Value: 1.000000
        Field of View
            Default Value: 0.000000
        Field of View X
            Default Value: 1.000000
        Field of View Y
            Default Value: 1.000000
        Optical Center X
            Default Value: 0.000000
        Optical Center Y
            Default Value: 0.000000
        Roll
            Default Value: 0.000000
        Property Visibility (Label: Visibility)
            Default Value: 1.000000

Mesh Name: branch_05
    Control Points
        Control Point 0
            Coordinates: 3741.010254, -96.491737, -51.024563
            Normal Vector (on layer 0): -0.324391, -0.031026, 0.945414
        Control Point 1
            Coordinates: 3320.196289, 89.818344, -189.300232
            Normal Vector (on layer 0): -0.324391, -0.031026, 0.945414
        Control Point 2
            Coordinates: 3646.383301, -64.040382, -82.428146
            Normal Vector (on layer 0): -0.324391, -0.031026, 0.945414
        Control Point 3
            Coordinates: 3584.333984, -120.668785, -105.576965
            Normal Vector (on layer 0): -0.324391, -0.031026, 0.945414
        Control Point 4
            Coordinates: 3503.816650, -85.015305, -132.034088
            Normal Vector (on layer 0): -0.324391, -0.031026, 0.945414
        Control Point 5
            Coordinates: 3543.735352, 22.375858, -114.812752
            Normal Vector (on layer 0): -0.324391, -0.031026, 0.945414
        Control Point 6
            Coordinates: 3487.349854, 49.545654, -133.268066
            Normal Vector (on layer 0): -0.324391, -0.031026, 0.945414
        Control Point 7
            Coordinates: 3435.636719, 24.972542, -151.818390
            Normal Vector (on layer 0): -0.324391, -0.031026, 0.945414
        Control Point 8
            Coordinates: 3760.563965, -48.930008, -42.754433
            Normal Vector (on layer 0): -0.324391, -0.031026, 0.945414
        Control Point 9
            Coordinates: 3500.054443, 188.495178, -124.348724
            Normal Vector (on layer 0): -0.324391, -0.031026, 0.945414
        Control Point 10
            Coordinates: 3645.331787, 30.159863, -79.697510
            Normal Vector (on layer 0): -0.324391, -0.031026, 0.945414
        Control Point 11
            Coordinates: 3633.777832, 98.937187, -81.404770
            Normal Vector (on layer 0): -0.324391, -0.031026, 0.945414
        Control Point 12
            Coordinates: 3474.143555, 200.624344, -132.841217
            Normal Vector (on layer 0): -0.324391, -0.031026, 0.945414
        Control Point 13
            Coordinates: 3354.864746, 174.145203, -174.637299
            Normal Vector (on layer 0): -0.324391, -0.031026, 0.945414

    Polygons
        Polygon 0
            Coordinates: 3741.010254, -96.491737, -51.024563
            Color vertex (on layer 0): 0.325508 (red), 0.417433 (green), 0.377075 (blue)
            Texture UV (on layer 0): 0.702763, 0.000000
            Coordinates: 3760.563965, -48.930008, -42.754433
            Color vertex (on layer 0): 0.373231 (red), 0.443310 (green), 0.382419 (blue)
            Texture UV (on layer 0): 0.665677, 0.714320
            Coordinates: 3645.331787, 30.159863, -79.697510
            Color vertex (on layer 0): 0.421604 (red), 0.476713 (green), 0.401574 (blue)
            Texture UV (on layer 0): 0.748543, 0.494851
            Coordinates: 3633.777832, 98.937187, -81.404770
            Color vertex (on layer 0): 0.469977 (red), 0.510115 (green), 0.420728 (blue)
            Texture UV (on layer 0): 0.530910, 0.486343
            Coordinates: 3500.054443, 188.495178, -124.348724
            Color vertex (on layer 0): 0.518350 (red), 0.543518 (green), 0.439882 (blue)
            Texture UV (on layer 0): 0.749881, 0.630665
            Coordinates: 3474.143555, 200.624344, -132.841217
            Color vertex (on layer 0): 0.522487 (red), 0.547618 (green), 0.443901 (blue)
            Texture UV (on layer 0): 0.534427, 0.295001
            Coordinates: 3354.864746, 174.145203, -174.637299
            Color vertex (on layer 0): 0.453162 (red), 0.481599 (green), 0.363224 (blue)
            Texture UV (on layer 0): 0.682317, 0.217061
            Coordinates: 3320.196289, 89.818344, -189.300232
            Color vertex (on layer 0): 0.350745 (red), 0.383382 (green), 0.247445 (blue)
            Texture UV (on layer 0): 0.800664, 0.000000
            Coordinates: 3435.636719, 24.972542, -151.818390
            Color vertex (on layer 0): 0.347140 (red), 0.388246 (green), 0.265964 (blue)
            Texture UV (on layer 0): 0.684331, 1.000000
            Coordinates: 3487.349854, 49.545654, -133.268066
            Color vertex (on layer 0): 0.343534 (red), 0.393111 (green), 0.284482 (blue)
            Texture UV (on layer 0): 0.857909, 1.000000
            Coordinates: 3543.735352, 22.375858, -114.812752
            Color vertex (on layer 0): 0.339929 (red), 0.397975 (green), 0.303001 (blue)
            Texture UV (on layer 0): 1.000000, 0.782085
            Coordinates: 3503.816650, -85.015305, -132.034088
            Color vertex (on layer 0): 0.336324 (red), 0.402840 (green), 0.321520 (blue)
            Texture UV (on layer 0): 1.000000, 0.719969
            Coordinates: 3584.333984, -120.668785, -105.576965
            Color vertex (on layer 0): 0.332719 (red), 0.407704 (green), 0.340038 (blue)
            Texture UV (on layer 0): 0.953461, 0.377108
            Coordinates: 3646.383301, -64.040382, -82.428146
            Color vertex (on layer 0): 0.329114 (red), 0.412568 (green), 0.358557 (blue)
            Texture UV (on layer 0): 0.844075, 0.297034

    Material layer 0: 
           Mapping: All Same
           Indices: 0

    Materials on layer 0: 
        Material 0
            Name: "b1"
            Ambient: 0.000000 (red), 0.000000 (green), 0.000000 (blue)
            Diffuse: 1.000000 (red), 1.000000 (green), 1.000000 (blue)
            Diffuse: 1.000000 (red), 1.000000 (green), 1.000000 (blue)
            Opacity: 0.000000
            Shading Model: Lambert

    Texture layer 0: 
           Mapping: By Polygon
           Indices: 0
        Blend Mode: Translucent
             Alpha: 1.000000

    Texture layer 0: 
           Mapping: By Polygon
           Indices: 0
        Blend Mode: Translucent
             Alpha: 1.000000


    Textures on layer 0: 
        Texture 0
            Name: "file3"
            File Name: "C:/psp/ReJ/Data/DemoTest/flower/g1.tga"
            Scale U: 1.000000
            Scale V: 1.000000
            Translation U: 0.000000
            Translation V: 0.000000
            Swap UV: false
            Rotation U: 0.000000
            Rotation V: 0.000000
            Rotation W: 0.000000
            Alpha Source: None
            Cropping Left: 0.000000
            Cropping Top: 0.000000
            Cropping Right: 0.000000
            Cropping Bottom: 0.000000
            Mapping Type: UV
            Material Use: Model Material
            Texture Use: Standard

    Textures on layer 0: 
        Texture 0
            Name: "file3"
            File Name: "C:/psp/ReJ/Data/DemoTest/flower/g1.tga"
            Scale U: 1.000000
            Scale V: 1.000000
            Translation U: 0.000000
            Translation V: 0.000000
            Swap UV: false
            Rotation U: 0.000000
            Rotation V: 0.000000
            Rotation W: 0.000000
            Alpha Source: None
            Cropping Left: 0.000000
            Cropping Top: 0.000000
            Cropping Right: 0.000000
            Cropping Bottom: 0.000000
            Mapping Type: UV
            Material Use: Model Material
            Texture Use: Standard

    Property Count: 68
    Pivot Information
        Pivot State: Active
        Pre-Rotation: 0.000000 0.000000 0.000000
        Post-Rotation: 0.000000 -0.000000 0.000000
        Rotation Pivot: 3541.864285 24.054657 -115.399532
        Rotation Offset: 0.000000 0.000000 0.000000
        Scaling Pivot: 3541.864285 24.054657 -115.399532
        Scaling Offset: 0.000000 0.000000 0.000000
    Limits Information
        Translation limits: Inactive
            X
                Min Limit: Inactive
                Min Limit Value: 0.000000
                Max Limit: Inactive
                Max Limit Value: 0.000000
            Y
                Min Limit: Inactive
                Min Limit Value: 0.000000
                Max Limit: Inactive
                Max Limit Value: 0.000000
            Z
                Min Limit: Inactive
                Min Limit Value: 0.000000
                Max Limit: Inactive
                Max Limit Value: 0.000000
        Rotation limits: Active
            X
                Min Limit: Inactive
                Min Limit Value: 0.000000
                Max Limit: Inactive
                Max Limit Value: 0.000000
            Y
                Min Limit: Inactive
                Min Limit Value: 0.000000
                Max Limit: Inactive
                Max Limit Value: 0.000000
            Z
                Min Limit: Inactive
                Min Limit Value: 0.000000
                Max Limit: Inactive
                Max Limit Value: 0.000000
        Scaling limits: Inactive
            X
                Min Limit: Inactive
                Min Limit Value: 0.000000
                Max Limit: Inactive
                Max Limit Value: 0.000000
            Y
                Min Limit: Inactive
                Min Limit Value: 0.000000
                Max Limit: Inactive
                Max Limit Value: 0.000000
            Z
                Min Limit: Inactive
                Min Limit Value: 0.000000
                Max Limit: Inactive
                Max Limit Value: 0.000000
    Transformation Propagation
        Rotation Space: Euler XYZ
        Use the Rotation Space for Limit specification only: No
        Transformation Inheritance: RSrs
    Geometric Transformations
        Translation: 0.000000 0.000000 0.000000
        Rotation:    0.000000 0.000000 0.000000
        Scaling:     1.000000 1.000000 1.000000
    Default Animation
        TX
            Default Value: 0.000000
        TY
            Default Value: 0.000000
        TZ
            Default Value: 0.000000
        RX
            Default Value: 0.000000
        RY
            Default Value: 0.000000
        RZ
            Default Value: 0.000000
        SX
            Default Value: 1.000000
        SY
            Default Value: 1.000000
        SZ
            Default Value: 1.000000
        Property Visibility (Label: Visibility)
            Default Value: 1.000000

Mesh Name: branch_03
    Control Points
        Control Point 0
            Coordinates: 3264.989258, -44.754883, 0.000000
            Normal Vector (on layer 0): 0.000000, 0.000000, 1.000000
        Control Point 1
            Coordinates: 3307.761230, 191.625214, 0.000000
            Normal Vector (on layer 0): 0.000000, 0.000000, 1.000000
        Control Point 2
            Coordinates: 3762.601074, 7.042934, -0.000000
            Normal Vector (on layer 0): 0.000000, 0.000000, 1.000000
        Control Point 3
            Coordinates: 3378.343262, 178.853683, 0.000000
            Normal Vector (on layer 0): 0.000000, 0.000000, 1.000000
        Control Point 4
            Coordinates: 3646.230225, 6.145840, -0.000000
            Normal Vector (on layer 0): 0.000000, 0.000000, 1.000000
        Control Point 5
            Coordinates: 3614.447266, 58.306492, 0.000000
            Normal Vector (on layer 0): 0.000000, 0.000000, 1.000000
        Control Point 6
            Coordinates: 3538.606201, 62.734070, 0.000000
            Normal Vector (on layer 0): 0.000000, 0.000000, 1.000000
        Control Point 7
            Coordinates: 3492.205811, 7.451579, 0.000000
            Normal Vector (on layer 0): 0.000000, 0.000000, 1.000000
        Control Point 8
            Coordinates: 3409.952637, 62.534500, 0.000000
            Normal Vector (on layer 0): 0.000000, 0.000000, 1.000000
        Control Point 9
            Coordinates: 3386.202393, 112.437775, 0.000000
            Normal Vector (on layer 0): 0.000000, 0.000000, 1.000000
        Control Point 10
            Coordinates: 3754.338379, -38.620667, -0.000000
            Normal Vector (on layer 0): 0.000000, 0.000000, 1.000000
        Control Point 11
            Coordinates: 3688.943604, -35.600460, -0.000000
            Normal Vector (on layer 0): 0.000000, 0.000000, 1.000000
        Control Point 12
            Coordinates: 3508.985596, -49.137390, 0.000000
            Normal Vector (on layer 0): 0.000000, 0.000000, 1.000000

    Polygons
        Polygon 0
            Coordinates: 3754.338379, -38.620667, -0.000000
            Color vertex (on layer 0): 0.424879 (red), 0.420722 (green), 0.298107 (blue)
            Texture UV (on layer 0): 0.000000, 1.000000
            Coordinates: 3762.601074, 7.042934, -0.000000
            Color vertex (on layer 0): 0.518957 (red), 0.514124 (green), 0.371727 (blue)
            Texture UV (on layer 0): 0.245714, 0.238015
            Coordinates: 3646.230225, 6.145840, -0.000000
            Color vertex (on layer 0): 0.512863 (red), 0.507953 (green), 0.363475 (blue)
            Texture UV (on layer 0): 0.321783, 0.479420
            Coordinates: 3614.447266, 58.306492, 0.000000
            Color vertex (on layer 0): 0.506768 (red), 0.501783 (green), 0.355222 (blue)
            Texture UV (on layer 0): 0.191268, 0.553968
            Coordinates: 3538.606201, 62.734070, 0.000000
            Color vertex (on layer 0): 0.500674 (red), 0.495613 (green), 0.346970 (blue)
            Texture UV (on layer 0): 0.273661, 0.742852
            Coordinates: 3492.205811, 7.451579, 0.000000
            Color vertex (on layer 0): 0.494580 (red), 0.489443 (green), 0.338718 (blue)
            Texture UV (on layer 0): 0.367134, 0.809991
            Coordinates: 3409.952637, 62.534500, 0.000000
            Color vertex (on layer 0): 0.488485 (red), 0.483273 (green), 0.330465 (blue)
            Texture UV (on layer 0): 0.500345, 0.850702
            Coordinates: 3386.202393, 112.437775, 0.000000
            Color vertex (on layer 0): 0.482391 (red), 0.477102 (green), 0.322213 (blue)
            Texture UV (on layer 0): 0.500345, 1.000000
            Coordinates: 3378.343262, 178.853683, 0.000000
            Color vertex (on layer 0): 0.476296 (red), 0.470932 (green), 0.313960 (blue)
            Texture UV (on layer 0): 0.340835, 0.322444
            Coordinates: 3307.761230, 191.625214, 0.000000
            Color vertex (on layer 0): 0.433000 (red), 0.427800 (green), 0.275800 (blue)
            Texture UV (on layer 0): 0.290711, 0.000000
            Coordinates: 3264.989258, -44.754883, 0.000000
            Color vertex (on layer 0): 0.123000 (red), 0.141800 (green), 0.063200 (blue)
            Texture UV (on layer 0): 0.194055, 0.000000
            Coordinates: 3508.985596, -49.137390, 0.000000
            Color vertex (on layer 0): 0.223626 (red), 0.234774 (green), 0.141502 (blue)
            Texture UV (on layer 0): 0.175992, 0.135059
            Coordinates: 3688.943604, -35.600460, -0.000000
            Color vertex (on layer 0): 0.324253 (red), 0.327748 (green), 0.219804 (blue)
            Texture UV (on layer 0): 0.081507, 0.498628

    Material layer 0: 
           Mapping: All Same
           Indices: 0

    Materials on layer 0: 
        Material 0
            Name: "b1"
            Ambient: 1.000000 (red), 1.000000 (green), 1.000000 (blue)
            Diffuse: 1.000000 (red), 1.000000 (green), 1.000000 (blue)
            Diffuse: 1.000000 (red), 1.000000 (green), 1.000000 (blue)
            Opacity: 0.000000
            Shading Model: Lambert

    Texture layer 0: 
           Mapping: By Polygon
           Indices: 0
        Blend Mode: Translucent
             Alpha: 1.000000

    Texture layer 0: 
           Mapping: By Polygon
           Indices: 0
        Blend Mode: Translucent
             Alpha: 1.000000


    Textures on layer 0: 
        Texture 0
            Name: "file3"
            File Name: "C:/psp/ReJ/Data/DemoTest/flower/g1.tga"
            Scale U: 1.000000
            Scale V: 1.000000
            Translation U: 0.000000
            Translation V: 0.000000
            Swap UV: false
            Rotation U: 0.000000
            Rotation V: 0.000000
            Rotation W: 0.000000
            Alpha Source: None
            Cropping Left: 0.000000
            Cropping Top: 0.000000
            Cropping Right: 0.000000
            Cropping Bottom: 0.000000
            Mapping Type: UV
            Material Use: Model Material
            Texture Use: Standard

    Textures on layer 0: 
        Texture 0
            Name: "file3"
            File Name: "C:/psp/ReJ/Data/DemoTest/flower/g1.tga"
            Scale U: 1.000000
            Scale V: 1.000000
            Translation U: 0.000000
            Translation V: 0.000000
            Swap UV: false
            Rotation U: 0.000000
            Rotation V: 0.000000
            Rotation W: 0.000000
            Alpha Source: None
            Cropping Left: 0.000000
            Cropping Top: 0.000000
            Cropping Right: 0.000000
            Cropping Bottom: 0.000000
            Mapping Type: UV
            Material Use: Model Material
            Texture Use: Standard

    Property Count: 68
    Pivot Information
        Pivot State: Active
        Pre-Rotation: 0.000000 0.000000 0.000000
        Post-Rotation: 0.000000 -0.000000 0.000000
        Rotation Pivot: 3522.755263 30.663198 0.000000
        Rotation Offset: 0.000000 0.000000 0.000000
        Scaling Pivot: 3522.755263 30.663198 0.000000
        Scaling Offset: 0.000000 0.000000 0.000000
    Limits Information
        Translation limits: Inactive
            X
                Min Limit: Inactive
                Min Limit Value: 0.000000
                Max Limit: Inactive
                Max Limit Value: 0.000000
            Y
                Min Limit: Inactive
                Min Limit Value: 0.000000
                Max Limit: Inactive
                Max Limit Value: 0.000000
            Z
                Min Limit: Inactive
                Min Limit Value: 0.000000
                Max Limit: Inactive
                Max Limit Value: 0.000000
        Rotation limits: Active
            X
                Min Limit: Inactive
                Min Limit Value: 0.000000
                Max Limit: Inactive
                Max Limit Value: 0.000000
            Y
                Min Limit: Inactive
                Min Limit Value: 0.000000
                Max Limit: Inactive
                Max Limit Value: 0.000000
            Z
                Min Limit: Inactive
                Min Limit Value: 0.000000
                Max Limit: Inactive
                Max Limit Value: 0.000000
        Scaling limits: Inactive
            X
                Min Limit: Inactive
                Min Limit Value: 0.000000
                Max Limit: Inactive
                Max Limit Value: 0.000000
            Y
                Min Limit: Inactive
                Min Limit Value: 0.000000
                Max Limit: Inactive
                Max Limit Value: 0.000000
            Z
                Min Limit: Inactive
                Min Limit Value: 0.000000
                Max Limit: Inactive
                Max Limit Value: 0.000000
    Transformation Propagation
        Rotation Space: Euler XYZ
        Use the Rotation Space for Limit specification only: No
        Transformation Inheritance: RSrs
    Geometric Transformations
        Translation: 0.000000 0.000000 0.000000
        Rotation:    0.000000 0.000000 0.000000
        Scaling:     1.000000 1.000000 1.000000
    Default Animation
        TX
            Default Value: 0.000000
        TY
            Default Value: 0.000000
        TZ
            Default Value: 0.000000
        RX
            Default Value: 0.000000
        RY
            Default Value: 0.000000
        RZ
            Default Value: 0.000000
        SX
            Default Value: 1.000000
        SY
            Default Value: 1.000000
        SZ
            Default Value: 1.000000
        Property Visibility (Label: Visibility)
            Default Value: 1.000000

Mesh Name: branch_01
    Control Points
        Control Point 0
            Coordinates: 3752.692383, -68.791351, 6.138488
            Normal Vector (on layer 0): -0.070911, -0.307295, 0.948969
        Control Point 1
            Coordinates: 4003.131836, -15.495518, 42.110748
            Normal Vector (on layer 0): -0.070911, -0.307295, 0.948969
        Control Point 2
            Coordinates: 3851.864014, -5.042361, 34.192223
            Normal Vector (on layer 0): -0.070911, -0.307295, 0.948969
        Control Point 3
            Coordinates: 3898.492188, -37.280579, 27.237131
            Normal Vector (on layer 0): -0.070911, -0.307295, 0.948969
        Control Point 4
            Coordinates: 3901.839844, 181.743393, 98.411491
            Normal Vector (on layer 0): -0.070911, -0.307295, 0.948969
        Control Point 5
            Coordinates: 4087.211670, 215.925583, 123.332184
            Normal Vector (on layer 0): -0.070911, -0.307295, 0.948969
        Control Point 6
            Coordinates: 3952.072998, 158.438751, 94.618629
            Normal Vector (on layer 0): -0.070911, -0.307295, 0.948969
        Control Point 7
            Coordinates: 3792.436279, 109.186302, 66.740944
            Normal Vector (on layer 0): -0.070911, -0.307295, 0.948969
        Control Point 8
            Coordinates: 3731.534668, -40.235481, 13.804436
            Normal Vector (on layer 0): -0.070911, -0.307295, 0.948969
        Control Point 9
            Coordinates: 3797.987061, 18.339769, 37.737892
            Normal Vector (on layer 0): -0.070911, -0.307295, 0.948969
        Control Point 10
            Coordinates: 4117.980469, 60.672550, 75.357452
            Normal Vector (on layer 0): -0.070911, -0.307295, 0.948969

    Polygons
        Polygon 0
            Coordinates: 3731.534668, -40.235481, 13.804436
            Color vertex (on layer 0): 0.407359 (red), 0.577065 (green), 0.574062 (blue)
            Texture UV (on layer 0): 0.000000, 0.613733
            Coordinates: 3752.692383, -68.791351, 6.138488
            Color vertex (on layer 0): 0.407343 (red), 0.580254 (green), 0.568344 (blue)
            Texture UV (on layer 0): 0.206501, 0.000000
            Coordinates: 3851.864014, -5.042361, 34.192223
            Color vertex (on layer 0): 0.416665 (red), 0.646426 (green), 0.642457 (blue)
            Texture UV (on layer 0): 0.290990, 0.268400
            Coordinates: 3898.492188, -37.280579, 27.237131
            Color vertex (on layer 0): 0.425988 (red), 0.712598 (green), 0.716569 (blue)
            Texture UV (on layer 0): 0.410616, 0.310093
            Coordinates: 4003.131836, -15.495518, 42.110748
            Color vertex (on layer 0): 0.435311 (red), 0.778771 (green), 0.790682 (blue)
            Texture UV (on layer 0): 0.287160, 0.000000
            Coordinates: 4117.980469, 60.672550, 75.357452
            Color vertex (on layer 0): 0.451859 (red), 0.891060 (green), 0.930981 (blue)
            Texture UV (on layer 0): 0.179031, 0.201389
            Coordinates: 4087.211670, 215.925583, 123.332184
            Color vertex (on layer 0): 0.560313 (red), 0.981974 (green), 0.893110 (blue)
            Texture UV (on layer 0): 0.500792, 0.845526
            Coordinates: 3952.072998, 158.438751, 94.618629
            Color vertex (on layer 0): 0.546335 (red), 0.907727 (green), 0.817744 (blue)
            Texture UV (on layer 0): 0.168102, 1.000000
            Coordinates: 3901.839844, 181.743393, 98.411491
            Color vertex (on layer 0): 0.532356 (red), 0.833480 (green), 0.742379 (blue)
            Texture UV (on layer 0): 0.500792, 0.531518
            Coordinates: 3792.436279, 109.186302, 66.740944
            Color vertex (on layer 0): 0.471455 (red), 0.704529 (green), 0.667478 (blue)
            Texture UV (on layer 0): 0.107235, 0.674169
            Coordinates: 3797.987061, 18.339769, 37.737892
            Color vertex (on layer 0): 0.439407 (red), 0.640797 (green), 0.620770 (blue)
            Texture UV (on layer 0): 0.000000, 0.314610

    Material layer 0: 
           Mapping: All Same
           Indices: 0

    Materials on layer 0: 
        Material 0
            Name: "b2"
            Ambient: 0.000000 (red), 0.000000 (green), 0.000000 (blue)
            Diffuse: 1.000000 (red), 1.000000 (green), 1.000000 (blue)
            Diffuse: 1.000000 (red), 1.000000 (green), 1.000000 (blue)
            Opacity: 0.000000
            Shading Model: Lambert

    Texture layer 0: 
           Mapping: By Polygon
           Indices: 0
        Blend Mode: Translucent
             Alpha: 1.000000

    Texture layer 0: 
           Mapping: By Polygon
           Indices: 0
        Blend Mode: Translucent
             Alpha: 1.000000


    Textures on layer 0: 
        Texture 0
            Name: "file4"
            File Name: "C:/psp/ReJ/Data/DemoTest/flower/g2.tga"
            Scale U: 1.000000
            Scale V: 1.000000
            Translation U: 0.000000
            Translation V: 0.000000
            Swap UV: false
            Rotation U: 0.000000
            Rotation V: 0.000000
            Rotation W: 0.000000
            Alpha Source: None
            Cropping Left: 0.000000
            Cropping Top: 0.000000
            Cropping Right: 0.000000
            Cropping Bottom: 0.000000
            Mapping Type: UV
            Material Use: Model Material
            Texture Use: Standard

    Textures on layer 0: 
        Texture 0
            Name: "file4"
            File Name: "C:/psp/ReJ/Data/DemoTest/flower/g2.tga"
            Scale U: 1.000000
            Scale V: 1.000000
            Translation U: 0.000000
            Translation V: 0.000000
            Swap UV: false
            Rotation U: 0.000000
            Rotation V: 0.000000
            Rotation W: 0.000000
            Alpha Source: None
            Cropping Left: 0.000000
            Cropping Top: 0.000000
            Cropping Right: 0.000000
            Cropping Bottom: 0.000000
            Mapping Type: UV
            Material Use: Model Material
            Texture Use: Standard

    Property Count: 68
    Pivot Information
        Pivot State: Active
        Pre-Rotation: 0.000000 0.000000 0.000000
        Post-Rotation: 0.000000 -0.000000 0.000000
        Rotation Pivot: 3925.923449 65.507520 62.571703
        Rotation Offset: 0.000000 0.000000 0.000000
        Scaling Pivot: 3925.923449 65.507520 62.571703
        Scaling Offset: 0.000000 0.000000 0.000000
    Limits Information
        Translation limits: Inactive
            X
                Min Limit: Inactive
                Min Limit Value: 0.000000
                Max Limit: Inactive
                Max Limit Value: 0.000000
            Y
                Min Limit: Inactive
                Min Limit Value: 0.000000
                Max Limit: Inactive
                Max Limit Value: 0.000000
            Z
                Min Limit: Inactive
                Min Limit Value: 0.000000
                Max Limit: Inactive
                Max Limit Value: 0.000000
        Rotation limits: Active
            X
                Min Limit: Inactive
                Min Limit Value: 0.000000
                Max Limit: Inactive
                Max Limit Value: 0.000000
            Y
                Min Limit: Inactive
                Min Limit Value: 0.000000
                Max Limit: Inactive
                Max Limit Value: 0.000000
            Z
                Min Limit: Inactive
                Min Limit Value: 0.000000
                Max Limit: Inactive
                Max Limit Value: 0.000000
        Scaling limits: Inactive
            X
                Min Limit: Inactive
                Min Limit Value: 0.000000
                Max Limit: Inactive
                Max Limit Value: 0.000000
            Y
                Min Limit: Inactive
                Min Limit Value: 0.000000
                Max Limit: Inactive
                Max Limit Value: 0.000000
            Z
                Min Limit: Inactive
                Min Limit Value: 0.000000
                Max Limit: Inactive
                Max Limit Value: 0.000000
    Transformation Propagation
        Rotation Space: Euler XYZ
        Use the Rotation Space for Limit specification only: No
        Transformation Inheritance: RSrs
    Geometric Transformations
        Translation: 0.000000 0.000000 0.000000
        Rotation:    0.000000 0.000000 0.000000
        Scaling:     1.000000 1.000000 1.000000
    Default Animation
        TX
            Default Value: 0.000000
        TY
            Default Value: 0.000000
        TZ
            Default Value: 0.000000
        RX
            Default Value: 0.000000
        RY
            Default Value: 0.000000
        RZ
            Default Value: 0.000000
        SX
            Default Value: 1.000000
        SY
            Default Value: 1.000000
        SZ
            Default Value: 1.000000
        Property Visibility (Label: Visibility)
            Default Value: 1.000000

Mesh Name: branch_02
    Control Points
        Control Point 0
            Coordinates: 4342.355957, 102.367767, -108.603867
            Normal Vector (on layer 0): 0.320787, 0.085786, 0.943259
        Control Point 1
            Coordinates: 4118.705078, 246.203018, -45.625225
            Normal Vector (on layer 0): 0.320787, 0.085786, 0.943259
        Control Point 2
            Coordinates: 4305.606445, 202.871063, -105.246429
            Normal Vector (on layer 0): 0.320787, 0.085786, 0.943259
        Control Point 3
            Coordinates: 3968.634277, 189.451645, 10.572779
            Normal Vector (on layer 0): 0.320787, 0.085786, 0.943259
        Control Point 4
            Coordinates: 3895.743164, 59.029533, 47.223206
            Normal Vector (on layer 0): 0.320787, 0.085786, 0.943259
        Control Point 5
            Coordinates: 4082.968994, 4.277111, -11.469671
            Normal Vector (on layer 0): 0.320787, 0.085786, 0.943259
        Control Point 6
            Coordinates: 3904.628418, 34.730125, 46.411453
            Normal Vector (on layer 0): 0.320787, 0.085786, 0.943259
        Control Point 7
            Coordinates: 4017.288086, 68.181076, 5.055379
            Normal Vector (on layer 0): 0.320787, 0.085786, 0.943259

    Polygons
        Polygon 0
            Coordinates: 3895.743164, 59.029533, 47.223206
            Color vertex (on layer 0): 0.779850 (red), 0.960958 (green), 0.948440 (blue)
            Texture UV (on layer 0): 1.002170, 1.000000
            Coordinates: 3904.628418, 34.730125, 46.411453
            Color vertex (on layer 0): 0.760717 (red), 0.950459 (green), 0.959798 (blue)
            Texture UV (on layer 0): 0.501378, 0.630115
            Coordinates: 4017.288086, 68.181076, 5.055379
            Color vertex (on layer 0): 0.726859 (red), 0.922244 (green), 0.979899 (blue)
            Texture UV (on layer 0): 0.501378, 0.260737
            Coordinates: 4082.968994, 4.277111, -11.469671
            Color vertex (on layer 0): 0.693000 (red), 0.894029 (green), 1.000000 (blue)
            Texture UV (on layer 0): 0.751348, 1.000000
            Coordinates: 4342.355957, 102.367767, -108.603867
            Color vertex (on layer 0): 0.693000 (red), 0.860000 (green), 1.000000 (blue)
            Texture UV (on layer 0): 0.726893, 0.000000
            Coordinates: 4305.606445, 202.871063, -105.246429
            Color vertex (on layer 0): 0.674468 (red), 0.883640 (green), 1.000000 (blue)
            Texture UV (on layer 0): 0.807604, 0.270059
            Coordinates: 4118.705078, 246.203018, -45.625225
            Color vertex (on layer 0): 0.728128 (red), 0.941525 (green), 0.965305 (blue)
            Texture UV (on layer 0): 0.787536, 0.000000
            Coordinates: 3968.634277, 189.451645, 10.572779
            Color vertex (on layer 0): 0.800156 (red), 0.975804 (green), 0.930657 (blue)
            Texture UV (on layer 0): 1.002170, 0.361557

    Material layer 0: 
           Mapping: All Same
           Indices: 0

    Materials on layer 0: 
        Material 0
            Name: "b2"
            Ambient: 1.000000 (red), 1.000000 (green), 1.000000 (blue)
            Diffuse: 1.000000 (red), 1.000000 (green), 1.000000 (blue)
            Diffuse: 1.000000 (red), 1.000000 (green), 1.000000 (blue)
            Opacity: 0.000000
            Shading Model: Lambert

    Texture layer 0: 
           Mapping: By Polygon
           Indices: 0
        Blend Mode: Translucent
             Alpha: 1.000000

    Texture layer 0: 
           Mapping: By Polygon
           Indices: 0
        Blend Mode: Translucent
             Alpha: 1.000000


    Textures on layer 0: 
        Texture 0
            Name: "file4"
            File Name: "C:/psp/ReJ/Data/DemoTest/flower/g2.tga"
            Scale U: 1.000000
            Scale V: 1.000000
            Translation U: 0.000000
            Translation V: 0.000000
            Swap UV: false
            Rotation U: 0.000000
            Rotation V: 0.000000
            Rotation W: 0.000000
            Alpha Source: None
            Cropping Left: 0.000000
            Cropping Top: 0.000000
            Cropping Right: 0.000000
            Cropping Bottom: 0.000000
            Mapping Type: UV
            Material Use: Model Material
            Texture Use: Standard

    Textures on layer 0: 
        Texture 0
            Name: "file4"
            File Name: "C:/psp/ReJ/Data/DemoTest/flower/g2.tga"
            Scale U: 1.000000
            Scale V: 1.000000
            Translation U: 0.000000
            Translation V: 0.000000
            Swap UV: false
            Rotation U: 0.000000
            Rotation V: 0.000000
            Rotation W: 0.000000
            Alpha Source: None
            Cropping Left: 0.000000
            Cropping Top: 0.000000
            Cropping Right: 0.000000
            Cropping Bottom: 0.000000
            Mapping Type: UV
            Material Use: Model Material
            Texture Use: Standard

    Property Count: 68
    Pivot Information
        Pivot State: Active
        Pre-Rotation: 0.000000 0.000000 0.000000
        Post-Rotation: 0.000000 -0.000000 0.000000
        Rotation Pivot: 4102.528818 125.879848 -29.180996
        Rotation Offset: 0.000000 0.000000 0.000000
        Scaling Pivot: 4102.528818 125.879848 -29.180996
        Scaling Offset: 0.000000 0.000000 0.000000
    Limits Information
        Translation limits: Inactive
            X
                Min Limit: Inactive
                Min Limit Value: 0.000000
                Max Limit: Inactive
                Max Limit Value: 0.000000
            Y
                Min Limit: Inactive
                Min Limit Value: 0.000000
                Max Limit: Inactive
                Max Limit Value: 0.000000
            Z
                Min Limit: Inactive
                Min Limit Value: 0.000000
                Max Limit: Inactive
                Max Limit Value: 0.000000
        Rotation limits: Active
            X
                Min Limit: Inactive
                Min Limit Value: 0.000000
                Max Limit: Inactive
                Max Limit Value: 0.000000
            Y
                Min Limit: Inactive
                Min Limit Value: 0.000000
                Max Limit: Inactive
                Max Limit Value: 0.000000
            Z
                Min Limit: Inactive
                Min Limit Value: 0.000000
                Max Limit: Inactive
                Max Limit Value: 0.000000
        Scaling limits: Inactive
            X
                Min Limit: Inactive
                Min Limit Value: 0.000000
                Max Limit: Inactive
                Max Limit Value: 0.000000
            Y
                Min Limit: Inactive
                Min Limit Value: 0.000000
                Max Limit: Inactive
                Max Limit Value: 0.000000
            Z
                Min Limit: Inactive
                Min Limit Value: 0.000000
                Max Limit: Inactive
                Max Limit Value: 0.000000
    Transformation Propagation
        Rotation Space: Euler XYZ
        Use the Rotation Space for Limit specification only: No
        Transformation Inheritance: RSrs
    Geometric Transformations
        Translation: 0.000000 0.000000 0.000000
        Rotation:    0.000000 0.000000 0.000000
        Scaling:     1.000000 1.000000 1.000000
    Default Animation
        TX
            Default Value: 0.000000
        TY
            Default Value: 0.000000
        TZ
            Default Value: 0.000000
        RX
            Default Value: 0.000000
        RY
            Default Value: 0.000000
        RZ
            Default Value: 0.000000
        SX
            Default Value: 1.000000
        SY
            Default Value: 1.000000
        SZ
            Default Value: 1.000000
        Property Visibility (Label: Visibility)
            Default Value: 1.000000

Mesh Name: branch_07
    Control Points
        Control Point 0
            Coordinates: 4077.249512, 360.965088, -284.180145
            Normal Vector (on layer 0): -0.291484, 0.200540, 0.935319
        Control Point 1
            Coordinates: 4455.916504, 243.546021, -140.996368
            Normal Vector (on layer 0): -0.291484, 0.200540, 0.935319
        Control Point 2
            Coordinates: 4139.287598, 308.054718, -253.502075
            Normal Vector (on layer 0): -0.291484, 0.200540, 0.935319
        Control Point 3
            Coordinates: 4206.983398, 277.250519, -225.800507
            Normal Vector (on layer 0): -0.291484, 0.200540, 0.935319
        Control Point 4
            Coordinates: 4267.231934, 264.293213, -204.246475
            Normal Vector (on layer 0): -0.291484, 0.200540, 0.935319
        Control Point 5
            Coordinates: 4290.468750, 301.118988, -204.900772
            Normal Vector (on layer 0): -0.291484, 0.200540, 0.935319
        Control Point 6
            Coordinates: 4360.411621, 287.302704, -180.141403
            Normal Vector (on layer 0): -0.291484, 0.200540, 0.935319
        Control Point 7
            Coordinates: 4342.735352, 236.471848, -174.751419
            Normal Vector (on layer 0): -0.291484, 0.200540, 0.935319
        Control Point 8
            Coordinates: 4392.378418, 213.229996, -154.297272
            Normal Vector (on layer 0): -0.291484, 0.200540, 0.935319
        Control Point 9
            Coordinates: 4495.257813, 213.017731, -122.190414
            Normal Vector (on layer 0): -0.291484, 0.200540, 0.935319
        Control Point 10
            Coordinates: 4560.564941, 52.745926, -67.474228
            Normal Vector (on layer 0): -0.291484, 0.200540, 0.935319
        Control Point 11
            Coordinates: 4489.594238, 187.841553, -118.557335
            Normal Vector (on layer 0): -0.291484, 0.200540, 0.935319
        Control Point 12
            Coordinates: 4507.681152, 145.536484, -103.850143
            Normal Vector (on layer 0): -0.291484, 0.200540, 0.935319
        Control Point 13
            Coordinates: 4478.617188, 103.207191, -103.831810
            Normal Vector (on layer 0): -0.291484, 0.200540, 0.935319
        Control Point 14
            Coordinates: 4533.330078, 90.120316, -83.975166
            Normal Vector (on layer 0): -0.291484, 0.200540, 0.935319
        Control Point 15
            Coordinates: 4047.200195, 321.688812, -285.123474
            Normal Vector (on layer 0): -0.291484, 0.200540, 0.935319
        Control Point 16
            Coordinates: 4509.213867, -14.373405, -69.086296
            Normal Vector (on layer 0): -0.291484, 0.200540, 0.935319
        Control Point 17
            Coordinates: 4149.004883, 241.595078, -236.224213
            Normal Vector (on layer 0): -0.291484, 0.200540, 0.935319
        Control Point 18
            Coordinates: 4128.002441, 122.593811, -217.254517
            Normal Vector (on layer 0): -0.291484, 0.200540, 0.935319
        Control Point 19
            Coordinates: 4171.900879, 94.296005, -197.506592
            Normal Vector (on layer 0): -0.291484, 0.200540, 0.935319
        Control Point 20
            Coordinates: 4211.307617, 141.991318, -195.452209
            Normal Vector (on layer 0): -0.291484, 0.200540, 0.935319
        Control Point 21
            Coordinates: 4272.597656, 185.298309, -185.637085
            Normal Vector (on layer 0): -0.291484, 0.200540, 0.935319
        Control Point 22
            Coordinates: 4343.970703, 143.319824, -154.393829
            Normal Vector (on layer 0): -0.291484, 0.200540, 0.935319
        Control Point 23
            Coordinates: 4368.012207, 105.178276, -138.723618
            Normal Vector (on layer 0): -0.291484, 0.200540, 0.935319
        Control Point 24
            Coordinates: 4366.451172, 61.229584, -129.787048
            Normal Vector (on layer 0): -0.291484, 0.200540, 0.935319
        Control Point 25
            Coordinates: 4424.434570, 39.394688, -107.035576
            Normal Vector (on layer 0): -0.291484, 0.200540, 0.935319
        Control Point 26
            Coordinates: 4423.211914, -0.662139, -98.827942
            Normal Vector (on layer 0): -0.291484, 0.200540, 0.935319

    Polygons
        Polygon 0
            Coordinates: 4077.249512, 360.965088, -284.180145
            Color vertex (on layer 0): 0.392774 (red), 0.553322 (green), 0.654178 (blue)
            Texture UV (on layer 0): 0.783860, 0.000000
            Coordinates: 4047.200195, 321.688812, -285.123474
            Color vertex (on layer 0): 0.428884 (red), 0.625248 (green), 0.748619 (blue)
            Texture UV (on layer 0): 0.850683, 0.832360
            Coordinates: 4149.004883, 241.595078, -236.224213
            Color vertex (on layer 0): 0.449284 (red), 0.639954 (green), 0.759751 (blue)
            Texture UV (on layer 0): 0.966608, 0.757582
            Coordinates: 4128.002441, 122.593811, -217.254517
            Color vertex (on layer 0): 0.469684 (red), 0.654661 (green), 0.770884 (blue)
            Texture UV (on layer 0): 1.003408, 0.738673
            Coordinates: 4171.900879, 94.296005, -197.506592
            Color vertex (on layer 0): 0.490083 (red), 0.669367 (green), 0.782016 (blue)
            Texture UV (on layer 0): 1.003408, 0.651487
            Coordinates: 4211.307617, 141.991318, -195.452209
            Color vertex (on layer 0): 0.510483 (red), 0.684074 (green), 0.793148 (blue)
            Texture UV (on layer 0): 0.904323, 0.595385
            Coordinates: 4272.597656, 185.298309, -185.637085
            Color vertex (on layer 0): 0.530883 (red), 0.698781 (green), 0.804281 (blue)
            Texture UV (on layer 0): 0.885307, 0.501626
            Coordinates: 4343.970703, 143.319824, -154.393829
            Color vertex (on layer 0): 0.551283 (red), 0.713487 (green), 0.815413 (blue)
            Texture UV (on layer 0): 0.965634, 0.472128
            Coordinates: 4368.012207, 105.178276, -138.723618
            Color vertex (on layer 0): 0.571683 (red), 0.728194 (green), 0.826545 (blue)
            Texture UV (on layer 0): 0.915285, 0.360168
            Coordinates: 4366.451172, 61.229584, -129.787048
            Color vertex (on layer 0): 0.592083 (red), 0.742900 (green), 0.837678 (blue)
            Texture UV (on layer 0): 0.847018, 0.367034
            Coordinates: 4424.434570, 39.394688, -107.035576
            Color vertex (on layer 0): 0.612483 (red), 0.757607 (green), 0.848810 (blue)
            Texture UV (on layer 0): 0.804962, 0.269468
            Coordinates: 4423.211914, -0.662139, -98.827942
            Color vertex (on layer 0): 0.632883 (red), 0.772313 (green), 0.859943 (blue)
            Texture UV (on layer 0): 0.777924, 0.142560
            Coordinates: 4509.213867, -14.373405, -69.086296
            Color vertex (on layer 0): 0.653283 (red), 0.787020 (green), 0.871075 (blue)
            Texture UV (on layer 0): 0.931427, 0.827742
            Coordinates: 4560.564941, 52.745926, -67.474228
            Color vertex (on layer 0): 0.598564 (red), 0.721119 (green), 0.798133 (blue)
            Texture UV (on layer 0): 0.718948, 0.824904
            Coordinates: 4533.330078, 90.120316, -83.975166
            Color vertex (on layer 0): 0.574206 (red), 0.691779 (green), 0.765657 (blue)
            Texture UV (on layer 0): 0.887232, 0.922365
            Coordinates: 4478.617188, 103.207191, -103.831810
            Color vertex (on layer 0): 0.549849 (red), 0.662439 (green), 0.733180 (blue)
            Texture UV (on layer 0): 0.867022, 1.000000
            Coordinates: 4507.681152, 145.536484, -103.850143
            Color vertex (on layer 0): 0.525491 (red), 0.633099 (green), 0.700704 (blue)
            Texture UV (on layer 0): 0.733906, 1.000000
            Coordinates: 4489.594238, 187.841553, -118.557335
            Color vertex (on layer 0): 0.501134 (red), 0.603758 (green), 0.668227 (blue)
            Texture UV (on layer 0): 0.667918, 0.865820
            Coordinates: 4495.257813, 213.017731, -122.190414
            Color vertex (on layer 0): 0.476776 (red), 0.574418 (green), 0.635751 (blue)
            Texture UV (on layer 0): 0.690127, 0.721044
            Coordinates: 4455.916504, 243.546021, -140.996368
            Color vertex (on layer 0): 0.454849 (red), 0.548001 (green), 0.606509 (blue)
            Texture UV (on layer 0): 0.705964, 0.000000
            Coordinates: 4392.378418, 213.229996, -154.297272
            Color vertex (on layer 0): 0.447090 (red), 0.548666 (green), 0.612468 (blue)
            Texture UV (on layer 0): 0.746327, 0.676458
            Coordinates: 4342.735352, 236.471848, -174.751419
            Color vertex (on layer 0): 0.439330 (red), 0.549331 (green), 0.618426 (blue)
            Texture UV (on layer 0): 0.770576, 0.602448
            Coordinates: 4360.411621, 287.302704, -180.141403
            Color vertex (on layer 0): 0.431571 (red), 0.549996 (green), 0.624385 (blue)
            Texture UV (on layer 0): 0.753893, 0.458537
            Coordinates: 4290.468750, 301.118988, -204.900772
            Color vertex (on layer 0): 0.423812 (red), 0.550661 (green), 0.630344 (blue)
            Texture UV (on layer 0): 0.640813, 0.419383
            Coordinates: 4267.231934, 264.293213, -204.246475
            Color vertex (on layer 0): 0.416052 (red), 0.551326 (green), 0.636302 (blue)
            Texture UV (on layer 0): 0.543404, 0.415328
            Coordinates: 4206.983398, 277.250519, -225.800507
            Color vertex (on layer 0): 0.408293 (red), 0.551992 (green), 0.642261 (blue)
            Texture UV (on layer 0): 0.536228, 0.324178
            Coordinates: 4139.287598, 308.054718, -253.502075
            Color vertex (on layer 0): 0.400533 (red), 0.552657 (green), 0.648220 (blue)
            Texture UV (on layer 0): 0.704602, 0.226778

    Material layer 0: 
           Mapping: All Same
           Indices: 0

    Materials on layer 0: 
        Material 0
            Name: "b1"
            Ambient: 1.000000 (red), 1.000000 (green), 1.000000 (blue)
            Diffuse: 1.000000 (red), 1.000000 (green), 1.000000 (blue)
            Diffuse: 1.000000 (red), 1.000000 (green), 1.000000 (blue)
            Opacity: 0.000000
            Shading Model: Lambert

    Texture layer 0: 
           Mapping: By Polygon
           Indices: 0
        Blend Mode: Translucent
             Alpha: 1.000000

    Texture layer 0: 
           Mapping: By Polygon
           Indices: 0
        Blend Mode: Translucent
             Alpha: 1.000000


    Textures on layer 0: 
        Texture 0
            Name: "file3"
            File Name: "C:/psp/ReJ/Data/DemoTest/flower/g1.tga"
            Scale U: 1.000000
            Scale V: 1.000000
            Translation U: 0.000000
            Translation V: 0.000000
            Swap UV: false
            Rotation U: 0.000000
            Rotation V: 0.000000
            Rotation W: 0.000000
            Alpha Source: None
            Cropping Left: 0.000000
            Cropping Top: 0.000000
            Cropping Right: 0.000000
            Cropping Bottom: 0.000000
            Mapping Type: UV
            Material Use: Model Material
            Texture Use: Standard

    Textures on layer 0: 
        Texture 0
            Name: "file3"
            File Name: "C:/psp/ReJ/Data/DemoTest/flower/g1.tga"
            Scale U: 1.000000
            Scale V: 1.000000
            Translation U: 0.000000
            Translation V: 0.000000
            Swap UV: false
            Rotation U: 0.000000
            Rotation V: 0.000000
            Rotation W: 0.000000
            Alpha Source: None
            Cropping Left: 0.000000
            Cropping Top: 0.000000
            Cropping Right: 0.000000
            Cropping Bottom: 0.000000
            Mapping Type: UV
            Material Use: Model Material
            Texture Use: Standard

    Property Count: 68
    Pivot Information
        Pivot State: Active
        Pre-Rotation: 0.000000 0.000000 0.000000
        Post-Rotation: 0.000000 -0.000000 0.000000
        Rotation Pivot: 4288.640941 169.555358 -134.643755
        Rotation Offset: 0.000000 0.000000 0.000000
        Scaling Pivot: 4288.640941 169.555358 -134.643755
        Scaling Offset: 0.000000 0.000000 0.000000
    Limits Information
        Translation limits: Inactive
            X
                Min Limit: Inactive
                Min Limit Value: 0.000000
                Max Limit: Inactive
                Max Limit Value: 0.000000
            Y
                Min Limit: Inactive
                Min Limit Value: 0.000000
                Max Limit: Inactive
                Max Limit Value: 0.000000
            Z
                Min Limit: Inactive
                Min Limit Value: 0.000000
                Max Limit: Inactive
                Max Limit Value: 0.000000
        Rotation limits: Active
            X
                Min Limit: Inactive
                Min Limit Value: 0.000000
                Max Limit: Inactive
                Max Limit Value: 0.000000
            Y
                Min Limit: Inactive
                Min Limit Value: 0.000000
                Max Limit: Inactive
                Max Limit Value: 0.000000
            Z
                Min Limit: Inactive
                Min Limit Value: 0.000000
                Max Limit: Inactive
                Max Limit Value: 0.000000
        Scaling limits: Inactive
            X
                Min Limit: Inactive
                Min Limit Value: 0.000000
                Max Limit: Inactive
                Max Limit Value: 0.000000
            Y
                Min Limit: Inactive
                Min Limit Value: 0.000000
                Max Limit: Inactive
                Max Limit Value: 0.000000
            Z
                Min Limit: Inactive
                Min Limit Value: 0.000000
                Max Limit: Inactive
                Max Limit Value: 0.000000
    Transformation Propagation
        Rotation Space: Euler XYZ
        Use the Rotation Space for Limit specification only: No
        Transformation Inheritance: RSrs
    Geometric Transformations
        Translation: 0.000000 0.000000 0.000000
        Rotation:    0.000000 0.000000 0.000000
        Scaling:     1.000000 1.000000 1.000000
    Default Animation
        TX
            Default Value: 0.000000
        TY
            Default Value: 0.000000
        TZ
            Default Value: 0.000000
        RX
            Default Value: 0.000000
        RY
            Default Value: 0.000000
        RZ
            Default Value: 0.000000
        SX
            Default Value: 1.000000
        SY
            Default Value: 1.000000
        SZ
            Default Value: 1.000000
        Property Visibility (Label: Visibility)
            Default Value: 1.000000

    Property Count: 68
    Pivot Information
        Pivot State: Reference
        Pre-Rotation: 0.000000 0.000000 0.000000
        Post-Rotation: 0.000000 0.000000 0.000000
        Rotation Pivot: 0.000000 0.000000 0.000000
        Rotation Offset: 0.000000 0.000000 0.000000
        Scaling Pivot: 0.000000 0.000000 0.000000
        Scaling Offset: 0.000000 0.000000 0.000000
    Limits Information
        Translation limits: Inactive
            X
                Min Limit: Inactive
                Min Limit Value: 0.000000
                Max Limit: Inactive
                Max Limit Value: 0.000000
            Y
                Min Limit: Inactive
                Min Limit Value: 0.000000
                Max Limit: Inactive
                Max Limit Value: 0.000000
            Z
                Min Limit: Inactive
                Min Limit Value: 0.000000
                Max Limit: Inactive
                Max Limit Value: 0.000000
        Rotation limits: Active
            X
                Min Limit: Inactive
                Min Limit Value: 0.000000
                Max Limit: Inactive
                Max Limit Value: 0.000000
            Y
                Min Limit: Inactive
                Min Limit Value: 0.000000
                Max Limit: Inactive
                Max Limit Value: 0.000000
            Z
                Min Limit: Inactive
                Min Limit Value: 0.000000
                Max Limit: Inactive
                Max Limit Value: 0.000000
        Scaling limits: Inactive
            X
                Min Limit: Inactive
                Min Limit Value: 0.000000
                Max Limit: Inactive
                Max Limit Value: 0.000000
            Y
                Min Limit: Inactive
                Min Limit Value: 0.000000
                Max Limit: Inactive
                Max Limit Value: 0.000000
            Z
                Min Limit: Inactive
                Min Limit Value: 0.000000
                Max Limit: Inactive
                Max Limit Value: 0.000000
    Transformation Propagation
        Rotation Space: Euler XYZ
        Use the Rotation Space for Limit specification only: No
        Transformation Inheritance: RSrs
    Geometric Transformations
        Translation: 0.000000 0.000000 0.000000
        Rotation:    0.000000 0.000000 0.000000
        Scaling:     1.000000 1.000000 1.000000
    Default Animation
        TX
            Default Value: 3139.090088
        TY
            Default Value: -159.524658
        TZ
            Default Value: -1106.438232
        RX
            Default Value: 86.974815
        RY
            Default Value: 0.000000
        RZ
            Default Value: 0.000000
        SX
            Default Value: 1496.200562
        SY
            Default Value: 1496.200562
        SZ
            Default Value: 1496.200562
        Property Visibility (Label: Visibility)
            Default Value: 0.000000

Mesh Name: polySurface1
    Control Points
        Control Point 0
            Coordinates: -1.500000, 0.000000, 0.500000
            Normal Vector (on layer 0): -0.000000, 1.000000, -0.000000
        Control Point 1
            Coordinates: -0.500000, 0.000000, 0.500000
            Normal Vector (on layer 0): -0.000000, 1.000000, -0.000000
        Control Point 2
            Coordinates: -0.500000, 0.000000, -0.500000
            Normal Vector (on layer 0): -0.000000, 1.000000, -0.000000
        Control Point 3
            Coordinates: -1.500000, 0.000000, -0.500000
            Normal Vector (on layer 0): -0.000000, 1.000000, -0.000000

    Polygons
        Polygon 0
            Coordinates: -1.500000, 0.000000, 0.500000
            Texture UV (on layer 0): 0.003906, 0.000000
            Coordinates: -0.500000, 0.000000, 0.500000
            Texture UV (on layer 0): 0.998047, 0.000000
            Coordinates: -0.500000, 0.000000, -0.500000
            Texture UV (on layer 0): 0.998047, 1.000000
            Coordinates: -1.500000, 0.000000, -0.500000
            Texture UV (on layer 0): 0.003906, 1.000000

    Material layer 0: 
           Mapping: All Same
           Indices: 0

    Materials on layer 0: 
        Material 0
            Name: "f1"
            Ambient: 0.000000 (red), 0.000000 (green), 0.000000 (blue)
            Diffuse: 1.000000 (red), 1.000000 (green), 1.000000 (blue)
            Diffuse: 1.000000 (red), 1.000000 (green), 1.000000 (blue)
            Opacity: 0.000000
            Shading Model: Lambert

    Texture layer 0: 
           Mapping: By Polygon
           Indices: 0
        Blend Mode: Translucent
             Alpha: 1.000000

    Texture layer 0: 
           Mapping: By Polygon
           Indices: 0
        Blend Mode: Translucent
             Alpha: 1.000000


    Textures on layer 0: 
        Texture 0
            Name: "file7"
            File Name: "C:/psp/ReJ/Data/DemoTest/flower/g7.tga"
            Scale U: 1.000000
            Scale V: 1.000000
            Translation U: 0.000000
            Translation V: 0.000000
            Swap UV: false
            Rotation U: 0.000000
            Rotation V: 0.000000
            Rotation W: 0.000000
            Alpha Source: None
            Cropping Left: 0.000000
            Cropping Top: 0.000000
            Cropping Right: 0.000000
            Cropping Bottom: 0.000000
            Mapping Type: UV
            Material Use: Model Material
            Texture Use: Standard

    Textures on layer 0: 
        Texture 0
            Name: "file7"
            File Name: "C:/psp/ReJ/Data/DemoTest/flower/g7.tga"
            Scale U: 1.000000
            Scale V: 1.000000
            Translation U: 0.000000
            Translation V: 0.000000
            Swap UV: false
            Rotation U: 0.000000
            Rotation V: 0.000000
            Rotation W: 0.000000
            Alpha Source: None
            Cropping Left: 0.000000
            Cropping Top: 0.000000
            Cropping Right: 0.000000
            Cropping Bottom: 0.000000
            Mapping Type: UV
            Material Use: Model Material
            Texture Use: Standard

    Property Count: 68
    Pivot Information
        Pivot State: Reference
        Pre-Rotation: 0.000000 0.000000 0.000000
        Post-Rotation: 0.000000 0.000000 0.000000
        Rotation Pivot: 0.000000 0.000000 0.000000
        Rotation Offset: 0.000000 0.000000 0.000000
        Scaling Pivot: 0.000000 0.000000 0.000000
        Scaling Offset: 0.000000 0.000000 0.000000
    Limits Information
        Translation limits: Inactive
            X
                Min Limit: Inactive
                Min Limit Value: 0.000000
                Max Limit: Inactive
                Max Limit Value: 0.000000
            Y
                Min Limit: Inactive
                Min Limit Value: 0.000000
                Max Limit: Inactive
                Max Limit Value: 0.000000
            Z
                Min Limit: Inactive
                Min Limit Value: 0.000000
                Max Limit: Inactive
                Max Limit Value: 0.000000
        Rotation limits: Active
            X
                Min Limit: Inactive
                Min Limit Value: 0.000000
                Max Limit: Inactive
                Max Limit Value: 0.000000
            Y
                Min Limit: Inactive
                Min Limit Value: 0.000000
                Max Limit: Inactive
                Max Limit Value: 0.000000
            Z
                Min Limit: Inactive
                Min Limit Value: 0.000000
                Max Limit: Inactive
                Max Limit Value: 0.000000
        Scaling limits: Inactive
            X
                Min Limit: Inactive
                Min Limit Value: 0.000000
                Max Limit: Inactive
                Max Limit Value: 0.000000
            Y
                Min Limit: Inactive
                Min Limit Value: 0.000000
                Max Limit: Inactive
                Max Limit Value: 0.000000
            Z
                Min Limit: Inactive
                Min Limit Value: 0.000000
                Max Limit: Inactive
                Max Limit Value: 0.000000
    Transformation Propagation
        Rotation Space: Euler XYZ
        Use the Rotation Space for Limit specification only: No
        Transformation Inheritance: RSrs
    Geometric Transformations
        Translation: 0.000000 0.000000 0.000000
        Rotation:    0.000000 0.000000 0.000000
        Scaling:     1.000000 1.000000 1.000000
    Default Animation
        TX
            Default Value: 0.000000
        TY
            Default Value: 0.000000
        TZ
            Default Value: 0.000000
        RX
            Default Value: 0.000000
        RY
            Default Value: 0.000000
        RZ
            Default Value: 0.000000
        SX
            Default Value: 1.000000
        SY
            Default Value: 1.000000
        SZ
            Default Value: 1.000000
        Property Visibility (Label: Visibility)
            Default Value: 1.000000

    Property Count: 68
    Pivot Information
        Pivot State: Reference
        Pre-Rotation: 0.000000 0.000000 0.000000
        Post-Rotation: 0.000000 0.000000 0.000000
        Rotation Pivot: 0.000000 0.000000 0.000000
        Rotation Offset: 0.000000 0.000000 0.000000
        Scaling Pivot: 0.000000 0.000000 0.000000
        Scaling Offset: 0.000000 0.000000 0.000000
    Limits Information
        Translation limits: Inactive
            X
                Min Limit: Inactive
                Min Limit Value: 0.000000
                Max Limit: Inactive
                Max Limit Value: 0.000000
            Y
                Min Limit: Inactive
                Min Limit Value: 0.000000
                Max Limit: Inactive
                Max Limit Value: 0.000000
            Z
                Min Limit: Inactive
                Min Limit Value: 0.000000
                Max Limit: Inactive
                Max Limit Value: 0.000000
        Rotation limits: Active
            X
                Min Limit: Inactive
                Min Limit Value: 0.000000
                Max Limit: Inactive
                Max Limit Value: 0.000000
            Y
                Min Limit: Inactive
                Min Limit Value: 0.000000
                Max Limit: Inactive
                Max Limit Value: 0.000000
            Z
                Min Limit: Inactive
                Min Limit Value: 0.000000
                Max Limit: Inactive
                Max Limit Value: 0.000000
        Scaling limits: Inactive
            X
                Min Limit: Inactive
                Min Limit Value: 0.000000
                Max Limit: Inactive
                Max Limit Value: 0.000000
            Y
                Min Limit: Inactive
                Min Limit Value: 0.000000
                Max Limit: Inactive
                Max Limit Value: 0.000000
            Z
                Min Limit: Inactive
                Min Limit Value: 0.000000
                Max Limit: Inactive
                Max Limit Value: 0.000000
    Transformation Propagation
        Rotation Space: Euler XYZ
        Use the Rotation Space for Limit specification only: No
        Transformation Inheritance: RSrs
    Geometric Transformations
        Translation: 0.000000 0.000000 0.000000
        Rotation:    0.000000 0.000000 0.000000
        Scaling:     1.000000 1.000000 1.000000
    Default Animation
        TX
            Default Value: 0.000000
        TY
            Default Value: 0.000000
        TZ
            Default Value: 0.000000
        RX
            Default Value: 0.000000
        RY
            Default Value: 0.000000
        RZ
            Default Value: 0.000000
        SX
            Default Value: 1.000000
        SY
            Default Value: 1.000000
        SZ
            Default Value: 1.000000
        Property Visibility (Label: Visibility)
            Default Value: 1.000000

Mesh Name: polySurface3
    Control Points
        Control Point 0
            Coordinates: -0.500000, 0.000000, 0.500000
            Normal Vector (on layer 0): 0.000000, 1.000000, -0.000000
        Control Point 1
            Coordinates: 0.500000, 0.000000, 0.500000
            Normal Vector (on layer 0): 0.000000, 1.000000, -0.000000
        Control Point 2
            Coordinates: 0.500000, -0.000000, -0.500000
            Normal Vector (on layer 0): 0.000000, 1.000000, -0.000000
        Control Point 3
            Coordinates: -0.500000, -0.000000, -0.500000
            Normal Vector (on layer 0): 0.000000, 1.000000, -0.000000

    Polygons
        Polygon 0
            Coordinates: -0.500000, 0.000000, 0.500000
            Texture UV (on layer 0): 0.001953, 0.000000
            Coordinates: 0.500000, 0.000000, 0.500000
            Texture UV (on layer 0): 0.998047, 0.000000
            Coordinates: 0.500000, -0.000000, -0.500000
            Texture UV (on layer 0): 0.998047, 1.000000
            Coordinates: -0.500000, -0.000000, -0.500000
            Texture UV (on layer 0): 0.001953, 1.000000

    Material layer 0: 
           Mapping: All Same
           Indices: 0

    Materials on layer 0: 
        Material 0
            Name: "f2"
            Ambient: 0.000000 (red), 0.000000 (green), 0.000000 (blue)
            Diffuse: 1.000000 (red), 1.000000 (green), 1.000000 (blue)
            Diffuse: 1.000000 (red), 1.000000 (green), 1.000000 (blue)
            Opacity: 0.000000
            Shading Model: Lambert

    Texture layer 0: 
           Mapping: By Polygon
           Indices: 0
        Blend Mode: Translucent
             Alpha: 1.000000

    Texture layer 0: 
           Mapping: By Polygon
           Indices: 0
        Blend Mode: Translucent
             Alpha: 1.000000


    Textures on layer 0: 
        Texture 0
            Name: "file8"
            File Name: "C:/psp/ReJ/Data/DemoTest/flower/g8.tga"
            Scale U: 1.000000
            Scale V: 1.000000
            Translation U: 0.000000
            Translation V: 0.000000
            Swap UV: false
            Rotation U: 0.000000
            Rotation V: 0.000000
            Rotation W: 0.000000
            Alpha Source: None
            Cropping Left: 0.000000
            Cropping Top: 0.000000
            Cropping Right: 0.000000
            Cropping Bottom: 0.000000
            Mapping Type: UV
            Material Use: Model Material
            Texture Use: Standard

    Textures on layer 0: 
        Texture 0
            Name: "file8"
            File Name: "C:/psp/ReJ/Data/DemoTest/flower/g8.tga"
            Scale U: 1.000000
            Scale V: 1.000000
            Translation U: 0.000000
            Translation V: 0.000000
            Swap UV: false
            Rotation U: 0.000000
            Rotation V: 0.000000
            Rotation W: 0.000000
            Alpha Source: None
            Cropping Left: 0.000000
            Cropping Top: 0.000000
            Cropping Right: 0.000000
            Cropping Bottom: 0.000000
            Mapping Type: UV
            Material Use: Model Material
            Texture Use: Standard

    Property Count: 68
    Pivot Information
        Pivot State: Reference
        Pre-Rotation: 0.000000 0.000000 0.000000
        Post-Rotation: 0.000000 0.000000 0.000000
        Rotation Pivot: 0.000000 0.000000 0.000000
        Rotation Offset: 0.000000 0.000000 0.000000
        Scaling Pivot: 0.000000 0.000000 0.000000
        Scaling Offset: 0.000000 0.000000 0.000000
    Limits Information
        Translation limits: Inactive
            X
                Min Limit: Inactive
                Min Limit Value: 0.000000
                Max Limit: Inactive
                Max Limit Value: 0.000000
            Y
                Min Limit: Inactive
                Min Limit Value: 0.000000
                Max Limit: Inactive
                Max Limit Value: 0.000000
            Z
                Min Limit: Inactive
                Min Limit Value: 0.000000
                Max Limit: Inactive
                Max Limit Value: 0.000000
        Rotation limits: Active
            X
                Min Limit: Inactive
                Min Limit Value: 0.000000
                Max Limit: Inactive
                Max Limit Value: 0.000000
            Y
                Min Limit: Inactive
                Min Limit Value: 0.000000
                Max Limit: Inactive
                Max Limit Value: 0.000000
            Z
                Min Limit: Inactive
                Min Limit Value: 0.000000
                Max Limit: Inactive
                Max Limit Value: 0.000000
        Scaling limits: Inactive
            X
                Min Limit: Inactive
                Min Limit Value: 0.000000
                Max Limit: Inactive
                Max Limit Value: 0.000000
            Y
                Min Limit: Inactive
                Min Limit Value: 0.000000
                Max Limit: Inactive
                Max Limit Value: 0.000000
            Z
                Min Limit: Inactive
                Min Limit Value: 0.000000
                Max Limit: Inactive
                Max Limit Value: 0.000000
    Transformation Propagation
        Rotation Space: Euler XYZ
        Use the Rotation Space for Limit specification only: No
        Transformation Inheritance: RSrs
    Geometric Transformations
        Translation: 0.000000 0.000000 0.000000
        Rotation:    0.000000 0.000000 0.000000
        Scaling:     1.000000 1.000000 1.000000
    Default Animation
        TX
            Default Value: 0.000000
        TY
            Default Value: 0.000000
        TZ
            Default Value: 0.000000
        RX
            Default Value: 0.000000
        RY
            Default Value: 0.000000
        RZ
            Default Value: 0.000000
        SX
            Default Value: 1.000000
        SY
            Default Value: 1.000000
        SZ
            Default Value: 1.000000
        Property Visibility (Label: Visibility)
            Default Value: 1.000000

Mesh Name: polySurface4
    Control Points
        Control Point 0
            Coordinates: 0.500000, 0.000000, 0.500000
            Normal Vector (on layer 0): 0.000000, 1.000000, -0.000000
        Control Point 1
            Coordinates: 1.500000, 0.000000, 0.500000
            Normal Vector (on layer 0): 0.000000, 1.000000, -0.000000
        Control Point 2
            Coordinates: 0.500000, -0.000000, -0.500000
            Normal Vector (on layer 0): 0.000000, 1.000000, -0.000000
        Control Point 3
            Coordinates: 1.500000, -0.000000, -0.500000
            Normal Vector (on layer 0): 0.000000, 1.000000, -0.000000

    Polygons
        Polygon 0
            Coordinates: 0.500000, 0.000000, 0.500000
            Texture UV (on layer 0): 0.001953, 0.000000
            Coordinates: 1.500000, 0.000000, 0.500000
            Texture UV (on layer 0): 0.998047, 0.000000
            Coordinates: 1.500000, -0.000000, -0.500000
            Texture UV (on layer 0): 0.998047, 1.000000
            Coordinates: 0.500000, -0.000000, -0.500000
            Texture UV (on layer 0): 0.001953, 1.000000

    Material layer 0: 
           Mapping: All Same
           Indices: 0

    Materials on layer 0: 
        Material 0
            Name: "f3"
            Ambient: 0.000000 (red), 0.000000 (green), 0.000000 (blue)
            Diffuse: 1.000000 (red), 1.000000 (green), 1.000000 (blue)
            Diffuse: 1.000000 (red), 1.000000 (green), 1.000000 (blue)
            Opacity: 0.000000
            Shading Model: Lambert

    Texture layer 0: 
           Mapping: By Polygon
           Indices: 0
        Blend Mode: Translucent
             Alpha: 1.000000

    Texture layer 0: 
           Mapping: By Polygon
           Indices: 0
        Blend Mode: Translucent
             Alpha: 1.000000


    Textures on layer 0: 
        Texture 0
            Name: "file9"
            File Name: "C:/psp/ReJ/Data/DemoTest/flower/g9.tga"
            Scale U: 1.000000
            Scale V: 1.000000
            Translation U: 0.000000
            Translation V: 0.000000
            Swap UV: false
            Rotation U: 0.000000
            Rotation V: 0.000000
            Rotation W: 0.000000
            Alpha Source: None
            Cropping Left: 0.000000
            Cropping Top: 0.000000
            Cropping Right: 0.000000
            Cropping Bottom: 0.000000
            Mapping Type: UV
            Material Use: Model Material
            Texture Use: Standard

    Textures on layer 0: 
        Texture 0
            Name: "file9"
            File Name: "C:/psp/ReJ/Data/DemoTest/flower/g9.tga"
            Scale U: 1.000000
            Scale V: 1.000000
            Translation U: 0.000000
            Translation V: 0.000000
            Swap UV: false
            Rotation U: 0.000000
            Rotation V: 0.000000
            Rotation W: 0.000000
            Alpha Source: None
            Cropping Left: 0.000000
            Cropping Top: 0.000000
            Cropping Right: 0.000000
            Cropping Bottom: 0.000000
            Mapping Type: UV
            Material Use: Model Material
            Texture Use: Standard

    Property Count: 68
    Pivot Information
        Pivot State: Reference
        Pre-Rotation: 0.000000 0.000000 0.000000
        Post-Rotation: 0.000000 0.000000 0.000000
        Rotation Pivot: 0.000000 0.000000 0.000000
        Rotation Offset: 0.000000 0.000000 0.000000
        Scaling Pivot: 0.000000 0.000000 0.000000
        Scaling Offset: 0.000000 0.000000 0.000000
    Limits Information
        Translation limits: Inactive
            X
                Min Limit: Inactive
                Min Limit Value: 0.000000
                Max Limit: Inactive
                Max Limit Value: 0.000000
            Y
                Min Limit: Inactive
                Min Limit Value: 0.000000
                Max Limit: Inactive
                Max Limit Value: 0.000000
            Z
                Min Limit: Inactive
                Min Limit Value: 0.000000
                Max Limit: Inactive
                Max Limit Value: 0.000000
        Rotation limits: Active
            X
                Min Limit: Inactive
                Min Limit Value: 0.000000
                Max Limit: Inactive
                Max Limit Value: 0.000000
            Y
                Min Limit: Inactive
                Min Limit Value: 0.000000
                Max Limit: Inactive
                Max Limit Value: 0.000000
            Z
                Min Limit: Inactive
                Min Limit Value: 0.000000
                Max Limit: Inactive
                Max Limit Value: 0.000000
        Scaling limits: Inactive
            X
                Min Limit: Inactive
                Min Limit Value: 0.000000
                Max Limit: Inactive
                Max Limit Value: 0.000000
            Y
                Min Limit: Inactive
                Min Limit Value: 0.000000
                Max Limit: Inactive
                Max Limit Value: 0.000000
            Z
                Min Limit: Inactive
                Min Limit Value: 0.000000
                Max Limit: Inactive
                Max Limit Value: 0.000000
    Transformation Propagation
        Rotation Space: Euler XYZ
        Use the Rotation Space for Limit specification only: No
        Transformation Inheritance: RSrs
    Geometric Transformations
        Translation: 0.000000 0.000000 0.000000
        Rotation:    0.000000 0.000000 0.000000
        Scaling:     1.000000 1.000000 1.000000
    Default Animation
        TX
            Default Value: 0.000000
        TY
            Default Value: 0.000000
        TZ
            Default Value: 0.000000
        RX
            Default Value: 0.000000
        RY
            Default Value: 0.000000
        RZ
            Default Value: 0.000000
        SX
            Default Value: 1.000000
        SY
            Default Value: 1.000000
        SZ
            Default Value: 1.000000
        Property Visibility (Label: Visibility)
            Default Value: 1.000000

Mesh Name: pPlane9
    Control Points
        Control Point 0
            Coordinates: -0.500000, -0.000000, 0.500000
            Normal Vector (on layer 0): 0.000000, 1.000000, 0.000000
        Control Point 1
            Coordinates: -0.500000, -0.000000, 0.134299
            Normal Vector (on layer 0): 0.000000, 1.000000, 0.000000
        Control Point 2
            Coordinates: 0.033808, -0.000000, 0.500000
            Normal Vector (on layer 0): 0.000000, 1.000000, 0.000000
        Control Point 3
            Coordinates: 0.051706, -0.000000, 0.187941
            Normal Vector (on layer 0): 0.000000, 1.000000, 0.000000

    Polygons
        Polygon 0
            Coordinates: -0.500000, -0.000000, 0.500000
            Texture UV (on layer 0): 0.000000, 0.000000
            Coordinates: 0.033808, -0.000000, 0.500000
            Texture UV (on layer 0): 0.551706, 0.312059
            Coordinates: 0.051706, -0.000000, 0.187941
            Texture UV (on layer 0): 0.000000, 0.365701
            Coordinates: -0.500000, -0.000000, 0.134299
            Texture UV (on layer 0): 0.533808, 0.000000

    Material layer 0: 
           Mapping: All Same
           Indices: 0

    Materials on layer 0: 
        Material 0
            Name: "dd1"
            Ambient: 0.000000 (red), 0.000000 (green), 0.000000 (blue)
            Diffuse: 1.000000 (red), 1.000000 (green), 1.000000 (blue)
            Diffuse: 1.000000 (red), 1.000000 (green), 1.000000 (blue)
            Opacity: 0.000000
            Shading Model: Lambert

    Texture layer 0: 
           Mapping: By Polygon
           Indices: 0
        Blend Mode: Translucent
             Alpha: 1.000000

    Texture layer 0: 
           Mapping: By Polygon
           Indices: 0
        Blend Mode: Translucent
             Alpha: 1.000000


    Textures on layer 0: 
        Texture 0
            Name: "file10"
            File Name: "C:/psp/ReJ/Data/DemoTest/flower/g6.tga"
            Scale U: 1.000000
            Scale V: 1.000000
            Translation U: 0.000000
            Translation V: 0.000000
            Swap UV: false
            Rotation U: 0.000000
            Rotation V: 0.000000
            Rotation W: 0.000000
            Alpha Source: None
            Cropping Left: 0.000000
            Cropping Top: 0.000000
            Cropping Right: 0.000000
            Cropping Bottom: 0.000000
            Mapping Type: UV
            Material Use: Model Material
            Texture Use: Standard

    Textures on layer 0: 
        Texture 0
            Name: "file10"
            File Name: "C:/psp/ReJ/Data/DemoTest/flower/g6.tga"
            Scale U: 1.000000
            Scale V: 1.000000
            Translation U: 0.000000
            Translation V: 0.000000
            Swap UV: false
            Rotation U: 0.000000
            Rotation V: 0.000000
            Rotation W: 0.000000
            Alpha Source: None
            Cropping Left: 0.000000
            Cropping Top: 0.000000
            Cropping Right: 0.000000
            Cropping Bottom: 0.000000
            Mapping Type: UV
            Material Use: Model Material
            Texture Use: Standard

    Property Count: 68
    Pivot Information
        Pivot State: Reference
        Pre-Rotation: 0.000000 0.000000 0.000000
        Post-Rotation: 0.000000 0.000000 0.000000
        Rotation Pivot: 0.000000 0.000000 0.000000
        Rotation Offset: 0.000000 0.000000 0.000000
        Scaling Pivot: 0.000000 0.000000 0.000000
        Scaling Offset: 0.000000 0.000000 0.000000
    Limits Information
        Translation limits: Inactive
            X
                Min Limit: Inactive
                Min Limit Value: 0.000000
                Max Limit: Inactive
                Max Limit Value: 0.000000
            Y
                Min Limit: Inactive
                Min Limit Value: 0.000000
                Max Limit: Inactive
                Max Limit Value: 0.000000
            Z
                Min Limit: Inactive
                Min Limit Value: 0.000000
                Max Limit: Inactive
                Max Limit Value: 0.000000
        Rotation limits: Active
            X
                Min Limit: Inactive
                Min Limit Value: 0.000000
                Max Limit: Inactive
                Max Limit Value: 0.000000
            Y
                Min Limit: Inactive
                Min Limit Value: 0.000000
                Max Limit: Inactive
                Max Limit Value: 0.000000
            Z
                Min Limit: Inactive
                Min Limit Value: 0.000000
                Max Limit: Inactive
                Max Limit Value: 0.000000
        Scaling limits: Inactive
            X
                Min Limit: Inactive
                Min Limit Value: 0.000000
                Max Limit: Inactive
                Max Limit Value: 0.000000
            Y
                Min Limit: Inactive
                Min Limit Value: 0.000000
                Max Limit: Inactive
                Max Limit Value: 0.000000
            Z
                Min Limit: Inactive
                Min Limit Value: 0.000000
                Max Limit: Inactive
                Max Limit Value: 0.000000
    Transformation Propagation
        Rotation Space: Euler XYZ
        Use the Rotation Space for Limit specification only: No
        Transformation Inheritance: RSrs
    Geometric Transformations
        Translation: 0.000000 0.000000 0.000000
        Rotation:    0.000000 0.000000 0.000000
        Scaling:     1.000000 1.000000 1.000000
    Default Animation
        TX
            Default Value: 3643.269043
        TY
            Default Value: 836.461487
        TZ
            Default Value: -816.363708
        RX
            Default Value: 85.269302
        RY
            Default Value: 0.000000
        RZ
            Default Value: 0.000000
        SX
            Default Value: 1376.471069
        SY
            Default Value: 1376.471069
        SZ
            Default Value: 1376.471069
        Property Visibility (Label: Visibility)
            Default Value: 1.000000

Mesh Name: pPlane10
    Control Points
        Control Point 0
            Coordinates: 0.500000, -0.000000, 0.500000
            Normal Vector (on layer 0): 0.000000, 1.000000, 0.000000
        Control Point 1
            Coordinates: 0.500000, -0.000000, 0.205636
            Normal Vector (on layer 0): 0.000000, 1.000000, 0.000000
        Control Point 2
            Coordinates: 0.033400, -0.000000, 0.500000
            Normal Vector (on layer 0): 0.000000, 1.000000, 0.000000
        Control Point 3
            Coordinates: 0.031414, -0.000000, 0.188918
            Normal Vector (on layer 0): 0.000000, 1.000000, 0.000000

    Polygons
        Polygon 0
            Coordinates: 0.033400, -0.000000, 0.500000
            Texture UV (on layer 0): 1.000000, 0.294364
            Coordinates: 0.500000, -0.000000, 0.500000
            Texture UV (on layer 0): 0.533400, 0.000000
            Coordinates: 0.500000, -0.000000, 0.205636
            Texture UV (on layer 0): 1.000000, 0.000000
            Coordinates: 0.031414, -0.000000, 0.188918
            Texture UV (on layer 0): 0.531415, 0.311082

    Material layer 0: 
           Mapping: All Same
           Indices: 0

    Materials on layer 0: 
        Material 0
            Name: "dd1"
            Ambient: 1.000000 (red), 1.000000 (green), 1.000000 (blue)
            Diffuse: 1.000000 (red), 1.000000 (green), 1.000000 (blue)
            Diffuse: 1.000000 (red), 1.000000 (green), 1.000000 (blue)
            Opacity: 0.000000
            Shading Model: Lambert

    Texture layer 0: 
           Mapping: By Polygon
           Indices: 0
        Blend Mode: Translucent
             Alpha: 1.000000

    Texture layer 0: 
           Mapping: By Polygon
           Indices: 0
        Blend Mode: Translucent
             Alpha: 1.000000


    Textures on layer 0: 
        Texture 0
            Name: "file10"
            File Name: "C:/psp/ReJ/Data/DemoTest/flower/g6.tga"
            Scale U: 1.000000
            Scale V: 1.000000
            Translation U: 0.000000
            Translation V: 0.000000
            Swap UV: false
            Rotation U: 0.000000
            Rotation V: 0.000000
            Rotation W: 0.000000
            Alpha Source: None
            Cropping Left: 0.000000
            Cropping Top: 0.000000
            Cropping Right: 0.000000
            Cropping Bottom: 0.000000
            Mapping Type: UV
            Material Use: Model Material
            Texture Use: Standard

    Textures on layer 0: 
        Texture 0
            Name: "file10"
            File Name: "C:/psp/ReJ/Data/DemoTest/flower/g6.tga"
            Scale U: 1.000000
            Scale V: 1.000000
            Translation U: 0.000000
            Translation V: 0.000000
            Swap UV: false
            Rotation U: 0.000000
            Rotation V: 0.000000
            Rotation W: 0.000000
            Alpha Source: None
            Cropping Left: 0.000000
            Cropping Top: 0.000000
            Cropping Right: 0.000000
            Cropping Bottom: 0.000000
            Mapping Type: UV
            Material Use: Model Material
            Texture Use: Standard

    Property Count: 68
    Pivot Information
        Pivot State: Reference
        Pre-Rotation: 0.000000 0.000000 0.000000
        Post-Rotation: 0.000000 0.000000 0.000000
        Rotation Pivot: 0.000000 0.000000 0.000000
        Rotation Offset: 0.000000 0.000000 0.000000
        Scaling Pivot: 0.000000 0.000000 0.000000
        Scaling Offset: 0.000000 0.000000 0.000000
    Limits Information
        Translation limits: Inactive
            X
                Min Limit: Inactive
                Min Limit Value: 0.000000
                Max Limit: Inactive
                Max Limit Value: 0.000000
            Y
                Min Limit: Inactive
                Min Limit Value: 0.000000
                Max Limit: Inactive
                Max Limit Value: 0.000000
            Z
                Min Limit: Inactive
                Min Limit Value: 0.000000
                Max Limit: Inactive
                Max Limit Value: 0.000000
        Rotation limits: Active
            X
                Min Limit: Inactive
                Min Limit Value: 0.000000
                Max Limit: Inactive
                Max Limit Value: 0.000000
            Y
                Min Limit: Inactive
                Min Limit Value: 0.000000
                Max Limit: Inactive
                Max Limit Value: 0.000000
            Z
                Min Limit: Inactive
                Min Limit Value: 0.000000
                Max Limit: Inactive
                Max Limit Value: 0.000000
        Scaling limits: Inactive
            X
                Min Limit: Inactive
                Min Limit Value: 0.000000
                Max Limit: Inactive
                Max Limit Value: 0.000000
            Y
                Min Limit: Inactive
                Min Limit Value: 0.000000
                Max Limit: Inactive
                Max Limit Value: 0.000000
            Z
                Min Limit: Inactive
                Min Limit Value: 0.000000
                Max Limit: Inactive
                Max Limit Value: 0.000000
    Transformation Propagation
        Rotation Space: Euler XYZ
        Use the Rotation Space for Limit specification only: No
        Transformation Inheritance: RSrs
    Geometric Transformations
        Translation: 0.000000 0.000000 0.000000
        Rotation:    0.000000 0.000000 0.000000
        Scaling:     1.000000 1.000000 1.000000
    Default Animation
        TX
            Default Value: 3564.059082
        TY
            Default Value: 770.540649
        TZ
            Default Value: -816.363708
        RX
            Default Value: 85.269302
        RY
            Default Value: 0.000000
        RZ
            Default Value: 0.000000
        SX
            Default Value: 1376.471069
        SY
            Default Value: 1376.471069
        SZ
            Default Value: 1376.471069
        Property Visibility (Label: Visibility)
            Default Value: 1.000000

Mesh Name: pPlane11
    Control Points
        Control Point 0
            Coordinates: 0.500000, 0.000000, -0.167742
            Normal Vector (on layer 0): 0.000000, 1.000000, 0.000000
        Control Point 1
            Coordinates: 0.500000, -0.000000, 0.198175
            Normal Vector (on layer 0): 0.000000, 1.000000, 0.000000
        Control Point 2
            Coordinates: -0.115126, 0.000000, -0.148582
            Normal Vector (on layer 0): 0.000000, 1.000000, 0.000000
        Control Point 3
            Coordinates: -0.116730, -0.000000, 0.175306
            Normal Vector (on layer 0): 0.000000, 1.000000, 0.000000

    Polygons
        Polygon 0
            Coordinates: -0.116730, -0.000000, 0.175306
            Texture UV (on layer 0): 0.384874, 0.648582
            Coordinates: 0.500000, -0.000000, 0.198175
            Texture UV (on layer 0): 1.000000, 0.301825
            Coordinates: 0.500000, 0.000000, -0.167742
            Texture UV (on layer 0): 0.383270, 0.324694
            Coordinates: -0.115126, 0.000000, -0.148582
            Texture UV (on layer 0): 1.000000, 0.667742

    Material layer 0: 
           Mapping: All Same
           Indices: 0

    Materials on layer 0: 
        Material 0
            Name: "dd1"
            Ambient: 1.000000 (red), 1.000000 (green), 1.000000 (blue)
            Diffuse: 1.000000 (red), 1.000000 (green), 1.000000 (blue)
            Diffuse: 1.000000 (red), 1.000000 (green), 1.000000 (blue)
            Opacity: 0.000000
            Shading Model: Lambert

    Texture layer 0: 
           Mapping: By Polygon
           Indices: 0
        Blend Mode: Translucent
             Alpha: 1.000000

    Texture layer 0: 
           Mapping: By Polygon
           Indices: 0
        Blend Mode: Translucent
             Alpha: 1.000000


    Textures on layer 0: 
        Texture 0
            Name: "file10"
            File Name: "C:/psp/ReJ/Data/DemoTest/flower/g6.tga"
            Scale U: 1.000000
            Scale V: 1.000000
            Translation U: 0.000000
            Translation V: 0.000000
            Swap UV: false
            Rotation U: 0.000000
            Rotation V: 0.000000
            Rotation W: 0.000000
            Alpha Source: None
            Cropping Left: 0.000000
            Cropping Top: 0.000000
            Cropping Right: 0.000000
            Cropping Bottom: 0.000000
            Mapping Type: UV
            Material Use: Model Material
            Texture Use: Standard

    Textures on layer 0: 
        Texture 0
            Name: "file10"
            File Name: "C:/psp/ReJ/Data/DemoTest/flower/g6.tga"
            Scale U: 1.000000
            Scale V: 1.000000
            Translation U: 0.000000
            Translation V: 0.000000
            Swap UV: false
            Rotation U: 0.000000
            Rotation V: 0.000000
            Rotation W: 0.000000
            Alpha Source: None
            Cropping Left: 0.000000
            Cropping Top: 0.000000
            Cropping Right: 0.000000
            Cropping Bottom: 0.000000
            Mapping Type: UV
            Material Use: Model Material
            Texture Use: Standard

    Property Count: 68
    Pivot Information
        Pivot State: Reference
        Pre-Rotation: 0.000000 0.000000 0.000000
        Post-Rotation: 0.000000 0.000000 0.000000
        Rotation Pivot: 0.000000 0.000000 0.000000
        Rotation Offset: 0.000000 0.000000 0.000000
        Scaling Pivot: 0.000000 0.000000 0.000000
        Scaling Offset: 0.000000 0.000000 0.000000
    Limits Information
        Translation limits: Inactive
            X
                Min Limit: Inactive
                Min Limit Value: 0.000000
                Max Limit: Inactive
                Max Limit Value: 0.000000
            Y
                Min Limit: Inactive
                Min Limit Value: 0.000000
                Max Limit: Inactive
                Max Limit Value: 0.000000
            Z
                Min Limit: Inactive
                Min Limit Value: 0.000000
                Max Limit: Inactive
                Max Limit Value: 0.000000
        Rotation limits: Active
            X
                Min Limit: Inactive
                Min Limit Value: 0.000000
                Max Limit: Inactive
                Max Limit Value: 0.000000
            Y
                Min Limit: Inactive
                Min Limit Value: 0.000000
                Max Limit: Inactive
                Max Limit Value: 0.000000
            Z
                Min Limit: Inactive
                Min Limit Value: 0.000000
                Max Limit: Inactive
                Max Limit Value: 0.000000
        Scaling limits: Inactive
            X
                Min Limit: Inactive
                Min Limit Value: 0.000000
                Max Limit: Inactive
                Max Limit Value: 0.000000
            Y
                Min Limit: Inactive
                Min Limit Value: 0.000000
                Max Limit: Inactive
                Max Limit Value: 0.000000
            Z
                Min Limit: Inactive
                Min Limit Value: 0.000000
                Max Limit: Inactive
                Max Limit Value: 0.000000
    Transformation Propagation
        Rotation Space: Euler XYZ
        Use the Rotation Space for Limit specification only: No
        Transformation Inheritance: RSrs
    Geometric Transformations
        Translation: 0.000000 0.000000 0.000000
        Rotation:    0.000000 0.000000 0.000000
        Scaling:     1.000000 1.000000 1.000000
    Default Animation
        TX
            Default Value: 4640.782227
        TY
            Default Value: 300.428345
        TZ
            Default Value: -816.363708
        RX
            Default Value: 85.269302
        RY
            Default Value: 0.000000
        RZ
            Default Value: 0.000000
        SX
            Default Value: 1550.989624
        SY
            Default Value: 1550.989624
        SZ
            Default Value: 1550.989624
        Property Visibility (Label: Visibility)
            Default Value: 1.000000

Mesh Name: pPlane12
    Control Points
        Control Point 0
            Coordinates: 0.500000, 0.000000, -0.500000
            Normal Vector (on layer 0): 0.000000, 1.000000, 0.000000
        Control Point 1
            Coordinates: -0.045644, 0.000000, -0.500000
            Normal Vector (on layer 0): 0.000000, 1.000000, 0.000000
        Control Point 2
            Coordinates: 0.500000, 0.000000, -0.159709
            Normal Vector (on layer 0): 0.000000, 1.000000, 0.000000
        Control Point 3
            Coordinates: -0.039211, 0.000000, -0.160084
            Normal Vector (on layer 0): 0.000000, 1.000000, 0.000000

    Polygons
        Polygon 0
            Coordinates: -0.039211, 0.000000, -0.160084
            Texture UV (on layer 0): 0.454356, 1.000000
            Coordinates: 0.500000, 0.000000, -0.159709
            Texture UV (on layer 0): 1.000000, 1.000000
            Coordinates: 0.500000, 0.000000, -0.500000
            Texture UV (on layer 0): 0.460789, 0.660084
            Coordinates: -0.045644, 0.000000, -0.500000
            Texture UV (on layer 0): 1.000000, 0.659709

    Material layer 0: 
           Mapping: All Same
           Indices: 0

    Materials on layer 0: 
        Material 0
            Name: "dd1"
            Ambient: 1.000000 (red), 1.000000 (green), 1.000000 (blue)
            Diffuse: 1.000000 (red), 1.000000 (green), 1.000000 (blue)
            Diffuse: 1.000000 (red), 1.000000 (green), 1.000000 (blue)
            Opacity: 0.000000
            Shading Model: Lambert

    Texture layer 0: 
           Mapping: By Polygon
           Indices: 0
        Blend Mode: Translucent
             Alpha: 1.000000

    Texture layer 0: 
           Mapping: By Polygon
           Indices: 0
        Blend Mode: Translucent
             Alpha: 1.000000


    Textures on layer 0: 
        Texture 0
            Name: "file10"
            File Name: "C:/psp/ReJ/Data/DemoTest/flower/g6.tga"
            Scale U: 1.000000
            Scale V: 1.000000
            Translation U: 0.000000
            Translation V: 0.000000
            Swap UV: false
            Rotation U: 0.000000
            Rotation V: 0.000000
            Rotation W: 0.000000
            Alpha Source: None
            Cropping Left: 0.000000
            Cropping Top: 0.000000
            Cropping Right: 0.000000
            Cropping Bottom: 0.000000
            Mapping Type: UV
            Material Use: Model Material
            Texture Use: Standard

    Textures on layer 0: 
        Texture 0
            Name: "file10"
            File Name: "C:/psp/ReJ/Data/DemoTest/flower/g6.tga"
            Scale U: 1.000000
            Scale V: 1.000000
            Translation U: 0.000000
            Translation V: 0.000000
            Swap UV: false
            Rotation U: 0.000000
            Rotation V: 0.000000
            Rotation W: 0.000000
            Alpha Source: None
            Cropping Left: 0.000000
            Cropping Top: 0.000000
            Cropping Right: 0.000000
            Cropping Bottom: 0.000000
            Mapping Type: UV
            Material Use: Model Material
            Texture Use: Standard

    Property Count: 68
    Pivot Information
        Pivot State: Reference
        Pre-Rotation: 0.000000 0.000000 0.000000
        Post-Rotation: 0.000000 0.000000 0.000000
        Rotation Pivot: 0.000000 0.000000 0.000000
        Rotation Offset: 0.000000 0.000000 0.000000
        Scaling Pivot: 0.000000 0.000000 0.000000
        Scaling Offset: 0.000000 0.000000 0.000000
    Limits Information
        Translation limits: Inactive
            X
                Min Limit: Inactive
                Min Limit Value: 0.000000
                Max Limit: Inactive
                Max Limit Value: 0.000000
            Y
                Min Limit: Inactive
                Min Limit Value: 0.000000
                Max Limit: Inactive
                Max Limit Value: 0.000000
            Z
                Min Limit: Inactive
                Min Limit Value: 0.000000
                Max Limit: Inactive
                Max Limit Value: 0.000000
        Rotation limits: Active
            X
                Min Limit: Inactive
                Min Limit Value: 0.000000
                Max Limit: Inactive
                Max Limit Value: 0.000000
            Y
                Min Limit: Inactive
                Min Limit Value: 0.000000
                Max Limit: Inactive
                Max Limit Value: 0.000000
            Z
                Min Limit: Inactive
                Min Limit Value: 0.000000
                Max Limit: Inactive
                Max Limit Value: 0.000000
        Scaling limits: Inactive
            X
                Min Limit: Inactive
                Min Limit Value: 0.000000
                Max Limit: Inactive
                Max Limit Value: 0.000000
            Y
                Min Limit: Inactive
                Min Limit Value: 0.000000
                Max Limit: Inactive
                Max Limit Value: 0.000000
            Z
                Min Limit: Inactive
                Min Limit Value: 0.000000
                Max Limit: Inactive
                Max Limit Value: 0.000000
    Transformation Propagation
        Rotation Space: Euler XYZ
        Use the Rotation Space for Limit specification only: No
        Transformation Inheritance: RSrs
    Geometric Transformations
        Translation: 0.000000 0.000000 0.000000
        Rotation:    0.000000 0.000000 0.000000
        Scaling:     1.000000 1.000000 1.000000
    Default Animation
        TX
            Default Value: 2287.953857
        TY
            Default Value: -124.424980
        TZ
            Default Value: -816.363708
        RX
            Default Value: 85.269302
        RY
            Default Value: 0.000000
        RZ
            Default Value: 0.000000
        SX
            Default Value: 1376.471069
        SY
            Default Value: 1376.471069
        SZ
            Default Value: 1376.471069
        Property Visibility (Label: Visibility)
            Default Value: 1.000000

Mesh Name: pPlane13
    Control Points
        Control Point 0
            Coordinates: -0.500000, 0.000000, -0.500000
            Normal Vector (on layer 0): 0.000000, 1.000000, 0.000000
        Control Point 1
            Coordinates: -0.500000, 0.000000, -0.109421
            Normal Vector (on layer 0): 0.000000, 1.000000, 0.000000
        Control Point 2
            Coordinates: -0.055626, 0.000000, -0.500000
            Normal Vector (on layer 0): 0.000000, 1.000000, 0.000000
        Control Point 3
            Coordinates: -0.077571, 0.000000, -0.129713
            Normal Vector (on layer 0): 0.000000, 1.000000, 0.000000

    Polygons
        Polygon 0
            Coordinates: -0.500000, 0.000000, -0.109421
            Texture UV (on layer 0): 0.422429, 0.629713
            Coordinates: -0.077571, 0.000000, -0.129713
            Texture UV (on layer 0): 0.000000, 1.000000
            Coordinates: -0.055626, 0.000000, -0.500000
            Texture UV (on layer 0): 0.444374, 1.000000
            Coordinates: -0.500000, 0.000000, -0.500000
            Texture UV (on layer 0): 0.000000, 0.609421

    Material layer 0: 
           Mapping: All Same
           Indices: 0

    Materials on layer 0: 
        Material 0
            Name: "dd1"
            Ambient: 1.000000 (red), 1.000000 (green), 1.000000 (blue)
            Diffuse: 1.000000 (red), 1.000000 (green), 1.000000 (blue)
            Diffuse: 1.000000 (red), 1.000000 (green), 1.000000 (blue)
            Opacity: 0.000000
            Shading Model: Lambert

    Texture layer 0: 
           Mapping: By Polygon
           Indices: 0
        Blend Mode: Translucent
             Alpha: 1.000000

    Texture layer 0: 
           Mapping: By Polygon
           Indices: 0
        Blend Mode: Translucent
             Alpha: 1.000000


    Textures on layer 0: 
        Texture 0
            Name: "file10"
            File Name: "C:/psp/ReJ/Data/DemoTest/flower/g6.tga"
            Scale U: 1.000000
            Scale V: 1.000000
            Translation U: 0.000000
            Translation V: 0.000000
            Swap UV: false
            Rotation U: 0.000000
            Rotation V: 0.000000
            Rotation W: 0.000000
            Alpha Source: None
            Cropping Left: 0.000000
            Cropping Top: 0.000000
            Cropping Right: 0.000000
            Cropping Bottom: 0.000000
            Mapping Type: UV
            Material Use: Model Material
            Texture Use: Standard

    Textures on layer 0: 
        Texture 0
            Name: "file10"
            File Name: "C:/psp/ReJ/Data/DemoTest/flower/g6.tga"
            Scale U: 1.000000
            Scale V: 1.000000
            Translation U: 0.000000
            Translation V: 0.000000
            Swap UV: false
            Rotation U: 0.000000
            Rotation V: 0.000000
            Rotation W: 0.000000
            Alpha Source: None
            Cropping Left: 0.000000
            Cropping Top: 0.000000
            Cropping Right: 0.000000
            Cropping Bottom: 0.000000
            Mapping Type: UV
            Material Use: Model Material
            Texture Use: Standard

    Property Count: 68
    Pivot Information
        Pivot State: Reference
        Pre-Rotation: 0.000000 0.000000 0.000000
        Post-Rotation: 0.000000 0.000000 0.000000
        Rotation Pivot: 0.000000 0.000000 0.000000
        Rotation Offset: 0.000000 0.000000 0.000000
        Scaling Pivot: 0.000000 0.000000 0.000000
        Scaling Offset: 0.000000 0.000000 0.000000
    Limits Information
        Translation limits: Inactive
            X
                Min Limit: Inactive
                Min Limit Value: 0.000000
                Max Limit: Inactive
                Max Limit Value: 0.000000
            Y
                Min Limit: Inactive
                Min Limit Value: 0.000000
                Max Limit: Inactive
                Max Limit Value: 0.000000
            Z
                Min Limit: Inactive
                Min Limit Value: 0.000000
                Max Limit: Inactive
                Max Limit Value: 0.000000
        Rotation limits: Active
            X
                Min Limit: Inactive
                Min Limit Value: 0.000000
                Max Limit: Inactive
                Max Limit Value: 0.000000
            Y
                Min Limit: Inactive
                Min Limit Value: 0.000000
                Max Limit: Inactive
                Max Limit Value: 0.000000
            Z
                Min Limit: Inactive
                Min Limit Value: 0.000000
                Max Limit: Inactive
                Max Limit Value: 0.000000
        Scaling limits: Inactive
            X
                Min Limit: Inactive
                Min Limit Value: 0.000000
                Max Limit: Inactive
                Max Limit Value: 0.000000
            Y
                Min Limit: Inactive
                Min Limit Value: 0.000000
                Max Limit: Inactive
                Max Limit Value: 0.000000
            Z
                Min Limit: Inactive
                Min Limit Value: 0.000000
                Max Limit: Inactive
                Max Limit Value: 0.000000
    Transformation Propagation
        Rotation Space: Euler XYZ
        Use the Rotation Space for Limit specification only: No
        Transformation Inheritance: RSrs
    Geometric Transformations
        Translation: 0.000000 0.000000 0.000000
        Rotation:    0.000000 0.000000 0.000000
        Scaling:     1.000000 1.000000 1.000000
    Default Animation
        TX
            Default Value: 2169.424072
        TY
            Default Value: -124.424980
        TZ
            Default Value: -816.363708
        RX
            Default Value: 85.269302
        RY
            Default Value: 0.000000
        RZ
            Default Value: 0.000000
        SX
            Default Value: 1376.471069
        SY
            Default Value: 1376.471069
        SZ
            Default Value: 1376.471069
        Property Visibility (Label: Visibility)
            Default Value: 1.000000

Mesh Name: branch_04
    Control Points
        Control Point 0
            Coordinates: 3689.702148, 288.252136, -101.986267
            Normal Vector (on layer 0): 0.254517, 0.359234, 0.897871
        Control Point 1
            Coordinates: 3723.371094, -41.446323, 20.380653
            Normal Vector (on layer 0): 0.254517, 0.359234, 0.897871
        Control Point 2
            Coordinates: 3780.565918, 205.133331, -94.487785
            Normal Vector (on layer 0): 0.254517, 0.359234, 0.897871
        Control Point 3
            Coordinates: 3767.652344, 135.736740, -63.061932
            Normal Vector (on layer 0): 0.254517, 0.359234, 0.897871
        Control Point 4
            Coordinates: 3782.904785, 109.213112, -56.773460
            Normal Vector (on layer 0): 0.254517, 0.359234, 0.897871
        Control Point 5
            Coordinates: 3707.151855, 312.881256, -116.786705
            Normal Vector (on layer 0): 0.254517, 0.359234, 0.897871
        Control Point 6
            Coordinates: 3851.134766, 351.603516, -173.093887
            Normal Vector (on layer 0): 0.254517, 0.359234, 0.897871
        Control Point 7
            Coordinates: 4055.663818, 251.906036, -191.182663
            Normal Vector (on layer 0): 0.254517, 0.359234, 0.897871
        Control Point 8
            Coordinates: 3954.040039, 275.029846, -171.627274
            Normal Vector (on layer 0): 0.254517, 0.359234, 0.897871
        Control Point 9
            Coordinates: 4093.567383, 225.051376, -191.182663
            Normal Vector (on layer 0): 0.254517, 0.359234, 0.897871
        Control Point 10
            Coordinates: 4060.830078, -19.158226, -84.195496
            Normal Vector (on layer 0): 0.254517, 0.359234, 0.897871
        Control Point 11
            Coordinates: 4095.044922, 123.609619, -151.014999
            Normal Vector (on layer 0): 0.254517, 0.359234, 0.897871
        Control Point 12
            Coordinates: 3983.568848, 122.324249, -118.900894
            Normal Vector (on layer 0): 0.254517, 0.359234, 0.897871
        Control Point 13
            Coordinates: 3914.912842, 97.682793, -89.580208
            Normal Vector (on layer 0): 0.254517, 0.359234, 0.897871
        Control Point 14
            Coordinates: 3848.251221, 72.161232, -60.472729
            Normal Vector (on layer 0): 0.254517, 0.359234, 0.897871
        Control Point 15
            Coordinates: 4023.061768, 64.666916, -107.027405
            Normal Vector (on layer 0): 0.254517, 0.359234, 0.897871
        Control Point 16
            Coordinates: 3761.918701, -68.757225, 20.380653
            Normal Vector (on layer 0): 0.254517, 0.359234, 0.897871
        Control Point 17
            Coordinates: 3986.318848, -124.326271, -20.996595
            Normal Vector (on layer 0): 0.254517, 0.359234, 0.897871
        Control Point 18
            Coordinates: 3794.972656, -14.265705, -10.790910
            Normal Vector (on layer 0): 0.254517, 0.359234, 0.897871
        Control Point 19
            Coordinates: 3930.976807, -62.035709, -30.231173
            Normal Vector (on layer 0): 0.254517, 0.359234, 0.897871

    Polygons
        Polygon 0
            Coordinates: 3723.371094, -41.446323, 20.380653
            Color vertex (on layer 0): 0.446561 (red), 0.442326 (green), 0.318682 (blue)
            Texture UV (on layer 0): 0.552117, 0.000000
            Coordinates: 3761.918701, -68.757225, 20.380653
            Color vertex (on layer 0): 0.454200 (red), 0.449827 (green), 0.322231 (blue)
            Texture UV (on layer 0): 0.000000, 0.578394
            Coordinates: 3794.972656, -14.265705, -10.790910
            Color vertex (on layer 0): 0.467208 (red), 0.462952 (green), 0.338847 (blue)
            Texture UV (on layer 0): 0.315841, 0.394409
            Coordinates: 3930.976807, -62.035709, -30.231173
            Color vertex (on layer 0): 0.480216 (red), 0.476077 (green), 0.355463 (blue)
            Texture UV (on layer 0): 0.373648, 0.364686
            Coordinates: 3986.318848, -124.326271, -20.996595
            Color vertex (on layer 0): 0.493224 (red), 0.489202 (green), 0.372079 (blue)
            Texture UV (on layer 0): 0.254282, 0.542951
            Coordinates: 4060.830078, -19.158226, -84.195496
            Color vertex (on layer 0): 0.499677 (red), 0.497148 (green), 0.423519 (blue)
            Texture UV (on layer 0): 0.886342, 0.810139
            Coordinates: 4023.061768, 64.666916, -107.027405
            Color vertex (on layer 0): 0.507413 (red), 0.505306 (green), 0.443948 (blue)
            Texture UV (on layer 0): 0.000000, 0.648351
            Coordinates: 3848.251221, 72.161232, -60.472729
            Color vertex (on layer 0): 0.515149 (red), 0.513463 (green), 0.464377 (blue)
            Texture UV (on layer 0): 0.197899, 0.914499
            Coordinates: 3914.912842, 97.682793, -89.580208
            Color vertex (on layer 0): 0.522885 (red), 0.521620 (green), 0.484806 (blue)
            Texture UV (on layer 0): 0.464753, 0.907568
            Coordinates: 3983.568848, 122.324249, -118.900894
            Color vertex (on layer 0): 0.530621 (red), 0.529778 (green), 0.505234 (blue)
            Texture UV (on layer 0): 0.665128, 1.000000
            Coordinates: 4095.044922, 123.609619, -151.014999
            Color vertex (on layer 0): 0.538356 (red), 0.537935 (green), 0.525663 (blue)
            Texture UV (on layer 0): 0.761796, 1.000000
            Coordinates: 4093.567383, 225.051376, -191.182663
            Color vertex (on layer 0): 0.546092 (red), 0.546092 (green), 0.546092 (blue)
            Texture UV (on layer 0): 0.698602, 0.658345
            Coordinates: 4055.663818, 251.906036, -191.182663
            Color vertex (on layer 0): 0.560496 (red), 0.560496 (green), 0.560496 (blue)
            Texture UV (on layer 0): 0.529181, 0.382171
            Coordinates: 3954.040039, 275.029846, -171.627274
            Color vertex (on layer 0): 0.584689 (red), 0.584536 (green), 0.580030 (blue)
            Texture UV (on layer 0): 0.611669, 0.519754
            Coordinates: 3851.134766, 351.603516, -173.093887
            Color vertex (on layer 0): 0.608883 (red), 0.608575 (green), 0.599564 (blue)
            Texture UV (on layer 0): 0.835025, 0.602222
            Coordinates: 3707.151855, 312.881256, -116.786705
            Color vertex (on layer 0): 0.572286 (red), 0.571020 (green), 0.533956 (blue)
            Texture UV (on layer 0): 1.000000, 0.494302
            Coordinates: 3689.702148, 288.252136, -101.986267
            Color vertex (on layer 0): 0.554915 (red), 0.553397 (green), 0.508960 (blue)
            Texture UV (on layer 0): 0.453808, 0.000000
            Coordinates: 3780.565918, 205.133331, -94.487785
            Color vertex (on layer 0): 0.527827 (red), 0.525629 (green), 0.461391 (blue)
            Texture UV (on layer 0): 0.542688, 0.147339
            Coordinates: 3767.652344, 135.736740, -63.061932
            Color vertex (on layer 0): 0.500738 (red), 0.497861 (green), 0.413821 (blue)
            Texture UV (on layer 0): 0.831092, 0.239228
            Coordinates: 3782.904785, 109.213112, -56.773460
            Color vertex (on layer 0): 0.473649 (red), 0.470093 (green), 0.366252 (blue)
            Texture UV (on layer 0): 1.000000, 0.195579

    Material layer 0: 
           Mapping: All Same
           Indices: 0

    Materials on layer 0: 
        Material 0
            Name: "b4"
            Ambient: 0.000000 (red), 0.000000 (green), 0.000000 (blue)
            Diffuse: 1.000000 (red), 1.000000 (green), 1.000000 (blue)
            Diffuse: 1.000000 (red), 1.000000 (green), 1.000000 (blue)
            Opacity: 0.000000
            Shading Model: Lambert

    Texture layer 0: 
           Mapping: By Polygon
           Indices: 0
        Blend Mode: Translucent
             Alpha: 1.000000

    Texture layer 0: 
           Mapping: By Polygon
           Indices: 0
        Blend Mode: Translucent
             Alpha: 1.000000


    Textures on layer 0: 
        Texture 0
            Name: "file6"
            File Name: "C:/psp/ReJ/Data/DemoTest/flower/g4.tga"
            Scale U: 1.000000
            Scale V: 1.000000
            Translation U: 0.000000
            Translation V: 0.000000
            Swap UV: false
            Rotation U: 0.000000
            Rotation V: 0.000000
            Rotation W: 0.000000
            Alpha Source: None
            Cropping Left: 0.000000
            Cropping Top: 0.000000
            Cropping Right: 0.000000
            Cropping Bottom: 0.000000
            Mapping Type: UV
            Material Use: Model Material
            Texture Use: Standard

    Textures on layer 0: 
        Texture 0
            Name: "file6"
            File Name: "C:/psp/ReJ/Data/DemoTest/flower/g4.tga"
            Scale U: 1.000000
            Scale V: 1.000000
            Translation U: 0.000000
            Translation V: 0.000000
            Swap UV: false
            Rotation U: 0.000000
            Rotation V: 0.000000
            Rotation W: 0.000000
            Alpha Source: None
            Cropping Left: 0.000000
            Cropping Top: 0.000000
            Cropping Right: 0.000000
            Cropping Bottom: 0.000000
            Mapping Type: UV
            Material Use: Model Material
            Texture Use: Standard

    Property Count: 68
    Pivot Information
        Pivot State: Reference
        Pre-Rotation: 0.000000 0.000000 0.000000
        Post-Rotation: 0.000000 0.000000 0.000000
        Rotation Pivot: 0.000000 0.000000 0.000000
        Rotation Offset: 0.000000 0.000000 0.000000
        Scaling Pivot: 0.000000 0.000000 0.000000
        Scaling Offset: 0.000000 0.000000 0.000000
    Limits Information
        Translation limits: Inactive
            X
                Min Limit: Inactive
                Min Limit Value: 0.000000
                Max Limit: Inactive
                Max Limit Value: 0.000000
            Y
                Min Limit: Inactive
                Min Limit Value: 0.000000
                Max Limit: Inactive
                Max Limit Value: 0.000000
            Z
                Min Limit: Inactive
                Min Limit Value: 0.000000
                Max Limit: Inactive
                Max Limit Value: 0.000000
        Rotation limits: Active
            X
                Min Limit: Inactive
                Min Limit Value: 0.000000
                Max Limit: Inactive
                Max Limit Value: 0.000000
            Y
                Min Limit: Inactive
                Min Limit Value: 0.000000
                Max Limit: Inactive
                Max Limit Value: 0.000000
            Z
                Min Limit: Inactive
                Min Limit Value: 0.000000
                Max Limit: Inactive
                Max Limit Value: 0.000000
        Scaling limits: Inactive
            X
                Min Limit: Inactive
                Min Limit Value: 0.000000
                Max Limit: Inactive
                Max Limit Value: 0.000000
            Y
                Min Limit: Inactive
                Min Limit Value: 0.000000
                Max Limit: Inactive
                Max Limit Value: 0.000000
            Z
                Min Limit: Inactive
                Min Limit Value: 0.000000
                Max Limit: Inactive
                Max Limit Value: 0.000000
    Transformation Propagation
        Rotation Space: Euler XYZ
        Use the Rotation Space for Limit specification only: No
        Transformation Inheritance: RSrs
    Geometric Transformations
        Translation: 0.000000 0.000000 0.000000
        Rotation:    0.000000 0.000000 0.000000
        Scaling:     1.000000 1.000000 1.000000
    Default Animation
        TX
            Default Value: 0.000000
        TY
            Default Value: 0.000000
        TZ
            Default Value: 0.000000
        RX
            Default Value: 0.000000
        RY
            Default Value: 0.000000
        RZ
            Default Value: 0.000000
        SX
            Default Value: 1.000000
        SY
            Default Value: 1.000000
        SZ
            Default Value: 1.000000
        Property Visibility (Label: Visibility)
            Default Value: 1.000000

Mesh Name: branch_06
    Control Points
        Control Point 0
            Coordinates: 3612.612549, -162.582489, -260.839844
            Normal Vector (on layer 0): -0.228381, -0.121775, 0.965926
        Control Point 1
            Coordinates: 3913.784180, 304.483795, -130.747803
            Normal Vector (on layer 0): -0.228381, -0.121775, 0.965926
        Control Point 2
            Coordinates: 3570.849365, -84.258629, -260.839844
            Normal Vector (on layer 0): -0.228381, -0.121775, 0.965926
        Control Point 3
            Coordinates: 3785.327393, 218.229034, -171.994217
            Normal Vector (on layer 0): -0.228381, -0.121775, 0.965926
        Control Point 4
            Coordinates: 3734.658447, 245.744766, -180.505310
            Normal Vector (on layer 0): -0.228381, -0.121775, 0.965926
        Control Point 5
            Coordinates: 3718.585449, 298.921631, -177.601440
            Normal Vector (on layer 0): -0.228381, -0.121775, 0.965926
        Control Point 6
            Coordinates: 3548.451904, 345.463989, -211.959732
            Normal Vector (on layer 0): -0.228381, -0.121775, 0.965926
        Control Point 7
            Coordinates: 3451.438721, 244.448822, -247.632431
            Normal Vector (on layer 0): -0.228381, -0.121775, 0.965926
        Control Point 8
            Coordinates: 3568.332764, 143.372528, -232.737137
            Normal Vector (on layer 0): -0.228381, -0.121775, 0.965926
        Control Point 9
            Coordinates: 3619.152100, 125.583801, -222.964188
            Normal Vector (on layer 0): -0.228381, -0.121775, 0.965926
        Control Point 10
            Coordinates: 3596.976318, -37.841980, -248.810745
            Normal Vector (on layer 0): -0.228381, -0.121775, 0.965926
        Control Point 11
            Coordinates: 3811.972656, -56.281334, -200.302124
            Normal Vector (on layer 0): -0.228381, -0.121775, 0.965926
        Control Point 12
            Coordinates: 3934.640869, 265.368988, -130.747803
            Normal Vector (on layer 0): -0.228381, -0.121775, 0.965926
        Control Point 13
            Coordinates: 3776.442871, 63.221878, -193.636642
            Normal Vector (on layer 0): -0.228381, -0.121775, 0.965926
        Control Point 14
            Coordinates: 3855.597168, 123.114006, -167.370941
            Normal Vector (on layer 0): -0.228381, -0.121775, 0.965926
        Control Point 15
            Coordinates: 3860.506592, 197.620697, -156.817001
            Normal Vector (on layer 0): -0.228381, -0.121775, 0.965926

    Polygons
        Polygon 0
            Coordinates: 3934.640869, 265.368988, -130.747803
            Color vertex (on layer 0): 0.519526 (red), 0.607183 (green), 0.628718 (blue)
            Texture UV (on layer 0): 0.000000, 0.534655
            Coordinates: 3913.784180, 304.483795, -130.747803
            Color vertex (on layer 0): 0.507964 (red), 0.585850 (green), 0.613214 (blue)
            Texture UV (on layer 0): 0.538033, 0.000000
            Coordinates: 3785.327393, 218.229034, -171.994217
            Color vertex (on layer 0): 0.493187 (red), 0.566352 (green), 0.583567 (blue)
            Texture UV (on layer 0): 0.602589, 0.382478
            Coordinates: 3734.658447, 245.744766, -180.505310
            Color vertex (on layer 0): 0.478410 (red), 0.546854 (green), 0.553920 (blue)
            Texture UV (on layer 0): 0.710988, 0.360157
            Coordinates: 3718.585449, 298.921631, -177.601440
            Color vertex (on layer 0): 0.463633 (red), 0.527355 (green), 0.524273 (blue)
            Texture UV (on layer 0): 0.951953, 0.624265
            Coordinates: 3548.451904, 345.463989, -211.959732
            Color vertex (on layer 0): 0.448856 (red), 0.507857 (green), 0.494626 (blue)
            Texture UV (on layer 0): 0.865428, 0.898476
            Coordinates: 3451.438721, 244.448822, -247.632431
            Color vertex (on layer 0): 0.434079 (red), 0.488359 (green), 0.464980 (blue)
            Texture UV (on layer 0): 0.578564, 0.783978
            Coordinates: 3568.332764, 143.372528, -232.737137
            Color vertex (on layer 0): 0.419302 (red), 0.468861 (green), 0.435333 (blue)
            Texture UV (on layer 0): 0.499765, 0.708854
            Coordinates: 3619.152100, 125.583801, -222.964188
            Color vertex (on layer 0): 0.404525 (red), 0.449363 (green), 0.405686 (blue)
            Texture UV (on layer 0): 0.233623, 0.907533
            Coordinates: 3596.976318, -37.841980, -248.810745
            Color vertex (on layer 0): 0.389748 (red), 0.429865 (green), 0.376039 (blue)
            Texture UV (on layer 0): 0.176594, 1.000000
            Coordinates: 3570.849365, -84.258629, -260.839844
            Color vertex (on layer 0): 0.374971 (red), 0.410367 (green), 0.346392 (blue)
            Texture UV (on layer 0): 0.506854, 0.317055
            Coordinates: 3612.612549, -162.582489, -260.839844
            Color vertex (on layer 0): 0.390900 (red), 0.432600 (green), 0.349200 (blue)
            Texture UV (on layer 0): 0.449842, 0.000000
            Coordinates: 3811.972656, -56.281334, -200.302124
            Color vertex (on layer 0): 0.478199 (red), 0.564479 (green), 0.516073 (blue)
            Texture UV (on layer 0): 0.000000, 1.000000
            Coordinates: 3776.442871, 63.221878, -193.636642
            Color vertex (on layer 0): 0.488530 (red), 0.575155 (green), 0.544234 (blue)
            Texture UV (on layer 0): 0.243050, 0.483419
            Coordinates: 3855.597168, 123.114006, -167.370941
            Color vertex (on layer 0): 0.498862 (red), 0.585831 (green), 0.572395 (blue)
            Texture UV (on layer 0): 0.274099, 0.281518
            Coordinates: 3860.506592, 197.620697, -156.817001
            Color vertex (on layer 0): 0.509194 (red), 0.596507 (green), 0.600557 (blue)
            Texture UV (on layer 0): 0.400303, 0.200391

    Material layer 0: 
           Mapping: All Same
           Indices: 0

    Materials on layer 0: 
        Material 0
            Name: "b3"
            Ambient: 0.000000 (red), 0.000000 (green), 0.000000 (blue)
            Diffuse: 1.000000 (red), 1.000000 (green), 1.000000 (blue)
            Diffuse: 1.000000 (red), 1.000000 (green), 1.000000 (blue)
            Opacity: 0.000000
            Shading Model: Lambert

    Texture layer 0: 
           Mapping: By Polygon
           Indices: 0
        Blend Mode: Translucent
             Alpha: 1.000000

    Texture layer 0: 
           Mapping: By Polygon
           Indices: 0
        Blend Mode: Translucent
             Alpha: 1.000000


    Textures on layer 0: 
        Texture 0
            Name: "file5"
            File Name: "C:/psp/ReJ/Data/DemoTest/flower/g3.tga"
            Scale U: 1.000000
            Scale V: 1.000000
            Translation U: 0.000000
            Translation V: 0.000000
            Swap UV: false
            Rotation U: 0.000000
            Rotation V: 0.000000
            Rotation W: 0.000000
            Alpha Source: None
            Cropping Left: 0.000000
            Cropping Top: 0.000000
            Cropping Right: 0.000000
            Cropping Bottom: 0.000000
            Mapping Type: UV
            Material Use: Model Material
            Texture Use: Standard

    Textures on layer 0: 
        Texture 0
            Name: "file5"
            File Name: "C:/psp/ReJ/Data/DemoTest/flower/g3.tga"
            Scale U: 1.000000
            Scale V: 1.000000
            Translation U: 0.000000
            Translation V: 0.000000
            Swap UV: false
            Rotation U: 0.000000
            Rotation V: 0.000000
            Rotation W: 0.000000
            Alpha Source: None
            Cropping Left: 0.000000
            Cropping Top: 0.000000
            Cropping Right: 0.000000
            Cropping Bottom: 0.000000
            Mapping Type: UV
            Material Use: Model Material
            Texture Use: Standard

    Property Count: 68
    Pivot Information
        Pivot State: Reference
        Pre-Rotation: 0.000000 0.000000 0.000000
        Post-Rotation: 0.000000 0.000000 0.000000
        Rotation Pivot: 0.000000 0.000000 0.000000
        Rotation Offset: 0.000000 0.000000 0.000000
        Scaling Pivot: 0.000000 0.000000 0.000000
        Scaling Offset: 0.000000 0.000000 0.000000
    Limits Information
        Translation limits: Inactive
            X
                Min Limit: Inactive
                Min Limit Value: 0.000000
                Max Limit: Inactive
                Max Limit Value: 0.000000
            Y
                Min Limit: Inactive
                Min Limit Value: 0.000000
                Max Limit: Inactive
                Max Limit Value: 0.000000
            Z
                Min Limit: Inactive
                Min Limit Value: 0.000000
                Max Limit: Inactive
                Max Limit Value: 0.000000
        Rotation limits: Active
            X
                Min Limit: Inactive
                Min Limit Value: 0.000000
                Max Limit: Inactive
                Max Limit Value: 0.000000
            Y
                Min Limit: Inactive
                Min Limit Value: 0.000000
                Max Limit: Inactive
                Max Limit Value: 0.000000
            Z
                Min Limit: Inactive
                Min Limit Value: 0.000000
                Max Limit: Inactive
                Max Limit Value: 0.000000
        Scaling limits: Inactive
            X
                Min Limit: Inactive
                Min Limit Value: 0.000000
                Max Limit: Inactive
                Max Limit Value: 0.000000
            Y
                Min Limit: Inactive
                Min Limit Value: 0.000000
                Max Limit: Inactive
                Max Limit Value: 0.000000
            Z
                Min Limit: Inactive
                Min Limit Value: 0.000000
                Max Limit: Inactive
                Max Limit Value: 0.000000
    Transformation Propagation
        Rotation Space: Euler XYZ
        Use the Rotation Space for Limit specification only: No
        Transformation Inheritance: RSrs
    Geometric Transformations
        Translation: 0.000000 0.000000 0.000000
        Rotation:    0.000000 0.000000 0.000000
        Scaling:     1.000000 1.000000 1.000000
    Default Animation
        TX
            Default Value: 0.000000
        TY
            Default Value: 0.000000
        TZ
            Default Value: 0.000000
        RX
            Default Value: 0.000000
        RY
            Default Value: 0.000000
        RZ
            Default Value: 0.000000
        SX
            Default Value: 1.000000
        SY
            Default Value: 1.000000
        SZ
            Default Value: 1.000000
        Property Visibility (Label: Visibility)
            Default Value: 1.000000

Mesh Name: branch_08
    Control Points
        Control Point 0
            Coordinates: 3999.834229, 379.871338, -257.861084
            Normal Vector (on layer 0): 0.133591, 0.221677, 0.965926
        Control Point 1
            Coordinates: 4035.686035, 358.265900, -257.861084
            Normal Vector (on layer 0): 0.133591, 0.221677, 0.965926
        Control Point 2
            Coordinates: 3971.843750, -246.679535, -110.198181
            Normal Vector (on layer 0): 0.133591, 0.221677, 0.965926
        Control Point 3
            Coordinates: 4081.395508, 281.953156, -246.669388
            Normal Vector (on layer 0): 0.133591, 0.221677, 0.965926
        Control Point 4
            Coordinates: 4057.046143, 225.091034, -230.252060
            Normal Vector (on layer 0): 0.133591, 0.221677, 0.965926
        Control Point 5
            Coordinates: 4102.568359, 167.619949, -223.358490
            Normal Vector (on layer 0): 0.133591, 0.221677, 0.965926
        Control Point 6
            Coordinates: 4148.479492, 96.091568, -213.292603
            Normal Vector (on layer 0): 0.133591, 0.221677, 0.965926
        Control Point 7
            Coordinates: 4341.899902, 93.444794, -239.435806
            Normal Vector (on layer 0): 0.133591, 0.221677, 0.965926
        Control Point 8
            Coordinates: 4367.508301, -46.024113, -210.969818
            Normal Vector (on layer 0): 0.133591, 0.221677, 0.965926
        Control Point 9
            Coordinates: 4334.680664, -84.758430, -197.540192
            Normal Vector (on layer 0): 0.133591, 0.221677, 0.965926
        Control Point 10
            Coordinates: 4175.574707, -129.596191, -165.245193
            Normal Vector (on layer 0): 0.133591, 0.221677, 0.965926
        Control Point 11
            Coordinates: 4029.328857, -139.103073, -142.837097
            Normal Vector (on layer 0): 0.133591, 0.221677, 0.965926
        Control Point 12
            Coordinates: 3904.124756, 221.053009, -208.175751
            Normal Vector (on layer 0): 0.133591, 0.221677, 0.965926
        Control Point 13
            Coordinates: 3936.056641, -225.112976, -110.198181
            Normal Vector (on layer 0): 0.133591, 0.221677, 0.965926
        Control Point 14
            Coordinates: 3905.608398, 91.372658, -178.619659
            Normal Vector (on layer 0): 0.133591, 0.221677, 0.965926
        Control Point 15
            Coordinates: 3999.507324, 71.396683, -187.021790
            Normal Vector (on layer 0): 0.133591, 0.221677, 0.965926
        Control Point 16
            Coordinates: 3999.837402, 42.452400, -180.424789
            Normal Vector (on layer 0): 0.133591, 0.221677, 0.965926
        Control Point 17
            Coordinates: 3878.369873, -11.378863, -151.271317
            Normal Vector (on layer 0): 0.133591, 0.221677, 0.965926
        Control Point 18
            Coordinates: 3980.175293, -103.563240, -144.195282
            Normal Vector (on layer 0): 0.133591, 0.221677, 0.965926

    Polygons
        Polygon 0
            Coordinates: 3936.056641, -225.112976, -110.198181
            Color vertex (on layer 0): 0.766215 (red), 0.396885 (green), 0.655339 (blue)
            Texture UV (on layer 0): 0.000000, 0.663522
            Coordinates: 3971.843750, -246.679535, -110.198181
            Color vertex (on layer 0): 0.728301 (red), 0.377243 (green), 0.622910 (blue)
            Texture UV (on layer 0): 0.513795, 0.221036
            Coordinates: 4029.328857, -139.103073, -142.837097
            Color vertex (on layer 0): 0.752869 (red), 0.415188 (green), 0.638854 (blue)
            Texture UV (on layer 0): 0.073368, 1.000000
            Coordinates: 4175.574707, -129.596191, -165.245193
            Color vertex (on layer 0): 0.777437 (red), 0.453134 (green), 0.654799 (blue)
            Texture UV (on layer 0): 0.211030, 0.924207
            Coordinates: 4334.680664, -84.758430, -197.540192
            Color vertex (on layer 0): 0.802006 (red), 0.491079 (green), 0.670744 (blue)
            Texture UV (on layer 0): 0.225919, 0.813026
            Coordinates: 4367.508301, -46.024113, -210.969818
            Color vertex (on layer 0): 0.826574 (red), 0.529024 (green), 0.686688 (blue)
            Texture UV (on layer 0): 0.346252, 0.766342
            Coordinates: 4341.899902, 93.444794, -239.435806
            Color vertex (on layer 0): 0.851142 (red), 0.566970 (green), 0.702633 (blue)
            Texture UV (on layer 0): 0.479888, 0.698174
            Coordinates: 4148.479492, 96.091568, -213.292603
            Color vertex (on layer 0): 0.875710 (red), 0.604915 (green), 0.718577 (blue)
            Texture UV (on layer 0): 0.772653, 0.875220
            Coordinates: 4102.568359, 167.619949, -223.358490
            Color vertex (on layer 0): 0.900279 (red), 0.642860 (green), 0.734522 (blue)
            Texture UV (on layer 0): 0.937274, 0.682443
            Coordinates: 4057.046143, 225.091034, -230.252060
            Color vertex (on layer 0): 0.924847 (red), 0.680806 (green), 0.750467 (blue)
            Texture UV (on layer 0): 0.923035, 0.591496
            Coordinates: 4081.395508, 281.953156, -246.669388
            Color vertex (on layer 0): 0.949415 (red), 0.718751 (green), 0.766411 (blue)
            Texture UV (on layer 0): 0.724744, 0.372788
            Coordinates: 4035.686035, 358.265900, -257.861084
            Color vertex (on layer 0): 0.973984 (red), 0.756696 (green), 0.782356 (blue)
            Texture UV (on layer 0): 0.524820, 0.000000
            Coordinates: 3999.834229, 379.871338, -257.861084
            Color vertex (on layer 0): 1.000000 (red), 0.779000 (green), 0.805100 (blue)
            Texture UV (on layer 0): 0.451584, 0.000000
            Coordinates: 3904.124756, 221.053009, -208.175751
            Color vertex (on layer 0): 1.000000 (red), 0.691179 (green), 0.821991 (blue)
            Texture UV (on layer 0): 0.000000, 1.000000
            Coordinates: 3905.608398, 91.372658, -178.619659
            Color vertex (on layer 0): 0.961036 (red), 0.642130 (green), 0.794216 (blue)
            Texture UV (on layer 0): 0.119549, 0.463363
            Coordinates: 3999.507324, 71.396683, -187.021790
            Color vertex (on layer 0): 0.922072 (red), 0.593081 (green), 0.766440 (blue)
            Texture UV (on layer 0): 0.278586, 0.520263
            Coordinates: 3999.837402, 42.452400, -180.424789
            Color vertex (on layer 0): 0.883108 (red), 0.544032 (green), 0.738665 (blue)
            Texture UV (on layer 0): 0.305268, 0.475587
            Coordinates: 3878.369873, -11.378863, -151.271317
            Color vertex (on layer 0): 0.844143 (red), 0.494983 (green), 0.710890 (blue)
            Texture UV (on layer 0): 0.171617, 0.278155
            Coordinates: 3980.175293, -103.563240, -144.195282
            Color vertex (on layer 0): 0.805179 (red), 0.445934 (green), 0.683114 (blue)
            Texture UV (on layer 0): 0.407850, 0.230234

    Material layer 0: 
           Mapping: All Same
           Indices: 0

    Materials on layer 0: 
        Material 0
            Name: "b3"
            Ambient: 1.000000 (red), 1.000000 (green), 1.000000 (blue)
            Diffuse: 1.000000 (red), 1.000000 (green), 1.000000 (blue)
            Diffuse: 1.000000 (red), 1.000000 (green), 1.000000 (blue)
            Opacity: 0.000000
            Shading Model: Lambert

    Texture layer 0: 
           Mapping: By Polygon
           Indices: 0
        Blend Mode: Translucent
             Alpha: 1.000000

    Texture layer 0: 
           Mapping: By Polygon
           Indices: 0
        Blend Mode: Translucent
             Alpha: 1.000000


    Textures on layer 0: 
        Texture 0
            Name: "file5"
            File Name: "C:/psp/ReJ/Data/DemoTest/flower/g3.tga"
            Scale U: 1.000000
            Scale V: 1.000000
            Translation U: 0.000000
            Translation V: 0.000000
            Swap UV: false
            Rotation U: 0.000000
            Rotation V: 0.000000
            Rotation W: 0.000000
            Alpha Source: None
            Cropping Left: 0.000000
            Cropping Top: 0.000000
            Cropping Right: 0.000000
            Cropping Bottom: 0.000000
            Mapping Type: UV
            Material Use: Model Material
            Texture Use: Standard

    Textures on layer 0: 
        Texture 0
            Name: "file5"
            File Name: "C:/psp/ReJ/Data/DemoTest/flower/g3.tga"
            Scale U: 1.000000
            Scale V: 1.000000
            Translation U: 0.000000
            Translation V: 0.000000
            Swap UV: false
            Rotation U: 0.000000
            Rotation V: 0.000000
            Rotation W: 0.000000
            Alpha Source: None
            Cropping Left: 0.000000
            Cropping Top: 0.000000
            Cropping Right: 0.000000
            Cropping Bottom: 0.000000
            Mapping Type: UV
            Material Use: Model Material
            Texture Use: Standard

    Property Count: 68
    Pivot Information
        Pivot State: Reference
        Pre-Rotation: 0.000000 0.000000 0.000000
        Post-Rotation: 0.000000 0.000000 0.000000
        Rotation Pivot: 0.000000 0.000000 0.000000
        Rotation Offset: 0.000000 0.000000 0.000000
        Scaling Pivot: 0.000000 0.000000 0.000000
        Scaling Offset: 0.000000 0.000000 0.000000
    Limits Information
        Translation limits: Inactive
            X
                Min Limit: Inactive
                Min Limit Value: 0.000000
                Max Limit: Inactive
                Max Limit Value: 0.000000
            Y
                Min Limit: Inactive
                Min Limit Value: 0.000000
                Max Limit: Inactive
                Max Limit Value: 0.000000
            Z
                Min Limit: Inactive
                Min Limit Value: 0.000000
                Max Limit: Inactive
                Max Limit Value: 0.000000
        Rotation limits: Active
            X
                Min Limit: Inactive
                Min Limit Value: 0.000000
                Max Limit: Inactive
                Max Limit Value: 0.000000
            Y
                Min Limit: Inactive
                Min Limit Value: 0.000000
                Max Limit: Inactive
                Max Limit Value: 0.000000
            Z
                Min Limit: Inactive
                Min Limit Value: 0.000000
                Max Limit: Inactive
                Max Limit Value: 0.000000
        Scaling limits: Inactive
            X
                Min Limit: Inactive
                Min Limit Value: 0.000000
                Max Limit: Inactive
                Max Limit Value: 0.000000
            Y
                Min Limit: Inactive
                Min Limit Value: 0.000000
                Max Limit: Inactive
                Max Limit Value: 0.000000
            Z
                Min Limit: Inactive
                Min Limit Value: 0.000000
                Max Limit: Inactive
                Max Limit Value: 0.000000
    Transformation Propagation
        Rotation Space: Euler XYZ
        Use the Rotation Space for Limit specification only: No
        Transformation Inheritance: RSrs
    Geometric Transformations
        Translation: 0.000000 0.000000 0.000000
        Rotation:    0.000000 0.000000 0.000000
        Scaling:     1.000000 1.000000 1.000000
    Default Animation
        TX
            Default Value: 0.000000
        TY
            Default Value: 0.000000
        TZ
            Default Value: 0.000000
        RX
            Default Value: 0.000000
        RY
            Default Value: 0.000000
        RZ
            Default Value: 0.000000
        SX
            Default Value: 1.000000
        SY
            Default Value: 1.000000
        SZ
            Default Value: 1.000000
        Property Visibility (Label: Visibility)
            Default Value: 1.000000



----
Pose
----



---------
Animation
---------

Take Name: Take 001

     Node Name: camera1

        TX
            Key Time: 0.... Key Value: 59.853928 [ cubic | User | None | None ]
            Key Time: 400.... Key Value: 2980.228516 [ cubic | User | None | None ]
            Key Time: 890.... Key Value: 7001.334961 [ cubic | User | None | None ]
        TY
            Key Time: 0.... Key Value: 84.469887 [ cubic | User | None | None ]
            Key Time: 400.... Key Value: 94.383842 [ cubic | User | None | None ]
        TZ
            Key Time: 0.... Key Value: 502.310089 [ cubic | User | None | None ]
        RX
            Key Time: 0.... Key Value: 0.000000 [ cubic | User | None | None ]
        RY
            Key Time: 0.... Key Value: 0.000000 [ cubic | User | None | None ]
        RZ
            Key Time: 0.... Key Value: -0.000000 [ cubic | User | None | None ]
        SX
        SY
        SZ
        Field of View
        Field of View X
        Field of View Y
        Optical Center X
        Optical Center Y
        Roll
        Property Visibility (Label: Visibility)

     Node Name: pPlane8

        TX
            Key Time: 0.... Key Value: 3139.090088 [ cubic | User | None | None ]
            Key Time: 102.... Key Value: 2069.470215 [ cubic | User | None | None ]
            Key Time: 520.... Key Value: 3036.423584 [ cubic | User | None | None ]
            Key Time: 720.... Key Value: 909.137512 [ cubic | User | None | None ]
        TY
        TZ
        RX
        RY
        RZ
        SX
        SY
        SZ
        Property Visibility (Label: Visibility)

     Node Name: pPlane9

        TX
            Key Time: 0.... Key Value: 3643.269043 [ cubic | User | None | None ]
            Key Time: 212.... Key Value: 2148.926514 [ cubic | User | None | None ]
            Key Time: 495.... Key Value: 2376.475098 [ cubic | User | None | None ]
        TY
        TZ
        RX
        RY
        RZ
        SX
        SY
        SZ
        Property Visibility (Label: Visibility)

     Node Name: pPlane10

        TX
            Key Time: 0.... Key Value: 3564.059082 [ cubic | User | None | None ]
            Key Time: 212.... Key Value: 2285.765869 [ cubic | User | None | None ]
            Key Time: 495.... Key Value: 1954.842041 [ cubic | User | None | None ]
        TY
        TZ
        RX
        RY
        RZ
        SX
        SY
        SZ
        Property Visibility (Label: Visibility)

     Node Name: pPlane11

        TX
            Key Time: 0.... Key Value: 4640.782227 [ cubic | User | None | None ]
            Key Time: 320*.... Key Value: 3349.931641 [ cubic | User | None | None ]
            Key Time: 645.... Key Value: 2387.522949 [ cubic | User | None | None ]
        TY
        TZ
        RX
        RY
        RZ
        SX
        SY
        SZ
        Property Visibility (Label: Visibility)

     Node Name: pPlane12

        TX
            Key Time: 0.... Key Value: 2287.953857 [ cubic | User | None | None ]
            Key Time: 102.... Key Value: 748.859009 [ cubic | User | None | None ]
            Key Time: 520.... Key Value: 1011.211487 [ cubic | User | None | None ]
        TY
        TZ
        RX
        RY
        RZ
        SX
        SY
        SZ
        Property Visibility (Label: Visibility)

     Node Name: pPlane13

        TX
            Key Time: 0.... Key Value: 2169.424072 [ cubic | User | None | None ]
            Key Time: 102.... Key Value: 897.825684 [ cubic | User | None | None ]
            Key Time: 520.... Key Value: 1201.731934 [ cubic | User | None | None ]
        TY
        TZ
        RX
        RY
        RZ
        SX
        SY
        SZ
        Property Visibility (Label: Visibility)

WARNING: Scaling and rotation pivot must be the same
WARNING: Scaling and rotation pivot must be the same
WARNING: Scaling and rotation pivot must be the same


---------
Generic Information
---------

camera1

Name: camera1
    Property Count: 68
        Property 0
            Display Name: QuaternionInterpolate
            Internal Name: QuaternionInterpolate
            Type: Bool
            Min Limit: 0.000000
            Max Limit: 100.000000
            Is Animatable: false
            Is Temporary: false
            Default Value: false
        Property 1
            Display Name: RotationOffset
            Internal Name: RotationOffset
            Type: Vector
            Min Limit: 0.000000
            Max Limit: 100.000000
            Is Animatable: false
            Is Temporary: false
            Default Value: X=0.000000, Y=0.000000, Z=0.000000
        Property 2
            Display Name: RotationPivot
            Internal Name: RotationPivot
            Type: Vector
            Min Limit: 0.000000
            Max Limit: 100.000000
            Is Animatable: false
            Is Temporary: false
            Default Value: X=0.000000, Y=-0.000000, Z=-0.000000
        Property 3
            Display Name: ScalingOffset
            Internal Name: ScalingOffset
            Type: Vector
            Min Limit: 0.000000
            Max Limit: 100.000000
            Is Animatable: false
            Is Temporary: false
            Default Value: X=0.000000, Y=0.000000, Z=0.000000
        Property 4
            Display Name: ScalingPivot
            Internal Name: ScalingPivot
            Type: Vector
            Min Limit: 0.000000
            Max Limit: 100.000000
            Is Animatable: false
            Is Temporary: false
            Default Value: X=0.000000, Y=0.000000, Z=0.000000
        Property 5
            Display Name: TranslationActive
            Internal Name: TranslationActive
            Type: Bool
            Min Limit: 0.000000
            Max Limit: 100.000000
            Is Animatable: false
            Is Temporary: false
            Default Value: false
        Property 6
            Display Name: TranslationMin
            Internal Name: TranslationMin
            Type: Vector
            Min Limit: 0.000000
            Max Limit: 100.000000
            Is Animatable: false
            Is Temporary: false
            Default Value: X=0.000000, Y=0.000000, Z=0.000000
        Property 7
            Display Name: TranslationMax
            Internal Name: TranslationMax
            Type: Vector
            Min Limit: 0.000000
            Max Limit: 100.000000
            Is Animatable: false
            Is Temporary: false
            Default Value: X=0.000000, Y=0.000000, Z=0.000000
        Property 8
            Display Name: TranslationMinX
            Internal Name: TranslationMinX
            Type: Bool
            Min Limit: 0.000000
            Max Limit: 100.000000
            Is Animatable: false
            Is Temporary: false
            Default Value: false
        Property 9
            Display Name: TranslationMinY
            Internal Name: TranslationMinY
            Type: Bool
            Min Limit: 0.000000
            Max Limit: 100.000000
            Is Animatable: false
            Is Temporary: false
            Default Value: false
        Property 10
            Display Name: TranslationMinZ
            Internal Name: TranslationMinZ
            Type: Bool
            Min Limit: 0.000000
            Max Limit: 100.000000
            Is Animatable: false
            Is Temporary: false
            Default Value: false
        Property 11
            Display Name: TranslationMaxX
            Internal Name: TranslationMaxX
            Type: Bool
            Min Limit: 0.000000
            Max Limit: 100.000000
            Is Animatable: false
            Is Temporary: false
            Default Value: false
        Property 12
            Display Name: TranslationMaxY
            Internal Name: TranslationMaxY
            Type: Bool
            Min Limit: 0.000000
            Max Limit: 100.000000
            Is Animatable: false
            Is Temporary: false
            Default Value: false
        Property 13
            Display Name: TranslationMaxZ
            Internal Name: TranslationMaxZ
            Type: Bool
            Min Limit: 0.000000
            Max Limit: 100.000000
            Is Animatable: false
            Is Temporary: false
            Default Value: false
        Property 14
            Display Name: RotationOrder
            Internal Name: RotationOrder
            Type: Enum
            Min Limit: 0.000000
            Max Limit: 100.000000
            Is Animatable: false
            Is Temporary: false
            Default Value: UNIDENTIFIED
        Property 15
            Display Name: RotationSpaceForLimitOnly
            Internal Name: RotationSpaceForLimitOnly
            Type: Bool
            Min Limit: 0.000000
            Max Limit: 100.000000
            Is Animatable: false
            Is Temporary: false
            Default Value: false
        Property 16
            Display Name: RotationStiffnessX
            Internal Name: RotationStiffnessX
            Type: Number
            Min Limit: 0.000000
            Max Limit: 100.000000
            Is Animatable: false
            Is Temporary: false
            Default Value: 0.000000
        Property 17
            Display Name: RotationStiffnessY
            Internal Name: RotationStiffnessY
            Type: Number
            Min Limit: 0.000000
            Max Limit: 100.000000
            Is Animatable: false
            Is Temporary: false
            Default Value: 0.000000
        Property 18
            Display Name: RotationStiffnessZ
            Internal Name: RotationStiffnessZ
            Type: Number
            Min Limit: 0.000000
            Max Limit: 100.000000
            Is Animatable: false
            Is Temporary: false
            Default Value: 0.000000
        Property 19
            Display Name: AxisLen
            Internal Name: AxisLen
            Type: Number
            Min Limit: 0.000000
            Max Limit: 100.000000
            Is Animatable: false
            Is Temporary: false
            Default Value: 10.000000
        Property 20
            Display Name: PreRotation
            Internal Name: PreRotation
            Type: Vector
            Min Limit: 0.000000
            Max Limit: 100.000000
            Is Animatable: false
            Is Temporary: false
            Default Value: X=0.000000, Y=0.000000, Z=0.000000
        Property 21
            Display Name: PostRotation
            Internal Name: PostRotation
            Type: Vector
            Min Limit: 0.000000
            Max Limit: 100.000000
            Is Animatable: false
            Is Temporary: false
            Default Value: X=-0.000000, Y=-90.000000, Z=0.000000
        Property 22
            Display Name: RotationActive
            Internal Name: RotationActive
            Type: Bool
            Min Limit: 0.000000
            Max Limit: 100.000000
            Is Animatable: false
            Is Temporary: false
            Default Value: true
        Property 23
            Display Name: RotationMin
            Internal Name: RotationMin
            Type: Vector
            Min Limit: 0.000000
            Max Limit: 100.000000
            Is Animatable: false
            Is Temporary: false
            Default Value: X=0.000000, Y=0.000000, Z=0.000000
        Property 24
            Display Name: RotationMax
            Internal Name: RotationMax
            Type: Vector
            Min Limit: 0.000000
            Max Limit: 100.000000
            Is Animatable: false
            Is Temporary: false
            Default Value: X=0.000000, Y=0.000000, Z=0.000000
        Property 25
            Display Name: RotationMinX
            Internal Name: RotationMinX
            Type: Bool
            Min Limit: 0.000000
            Max Limit: 100.000000
            Is Animatable: false
            Is Temporary: false
            Default Value: false
        Property 26
            Display Name: RotationMinY
            Internal Name: RotationMinY
            Type: Bool
            Min Limit: 0.000000
            Max Limit: 100.000000
            Is Animatable: false
            Is Temporary: false
            Default Value: false
        Property 27
            Display Name: RotationMinZ
            Internal Name: RotationMinZ
            Type: Bool
            Min Limit: 0.000000
            Max Limit: 100.000000
            Is Animatable: false
            Is Temporary: false
            Default Value: false
        Property 28
            Display Name: RotationMaxX
            Internal Name: RotationMaxX
            Type: Bool
            Min Limit: 0.000000
            Max Limit: 100.000000
            Is Animatable: false
            Is Temporary: false
            Default Value: false
        Property 29
            Display Name: RotationMaxY
            Internal Name: RotationMaxY
            Type: Bool
            Min Limit: 0.000000
            Max Limit: 100.000000
            Is Animatable: false
            Is Temporary: false
            Default Value: false
        Property 30
            Display Name: RotationMaxZ
            Internal Name: RotationMaxZ
            Type: Bool
            Min Limit: 0.000000
            Max Limit: 100.000000
            Is Animatable: false
            Is Temporary: false
            Default Value: false
        Property 31
            Display Name: InheritType
            Internal Name: InheritType
            Type: Enum
            Min Limit: 0.000000
            Max Limit: 100.000000
            Is Animatable: false
            Is Temporary: false
            Default Value: UNIDENTIFIED
        Property 32
            Display Name: ScalingActive
            Internal Name: ScalingActive
            Type: Bool
            Min Limit: 0.000000
            Max Limit: 100.000000
            Is Animatable: false
            Is Temporary: false
            Default Value: false
        Property 33
            Display Name: ScalingMin
            Internal Name: ScalingMin
            Type: Vector
            Min Limit: 0.000000
            Max Limit: 100.000000
            Is Animatable: false
            Is Temporary: false
            Default Value: X=0.000000, Y=0.000000, Z=0.000000
        Property 34
            Display Name: ScalingMax
            Internal Name: ScalingMax
            Type: Vector
            Min Limit: 0.000000
            Max Limit: 100.000000
            Is Animatable: false
            Is Temporary: false
            Default Value: X=0.000000, Y=0.000000, Z=0.000000
        Property 35
            Display Name: ScalingMinX
            Internal Name: ScalingMinX
            Type: Bool
            Min Limit: 0.000000
            Max Limit: 100.000000
            Is Animatable: false
            Is Temporary: false
            Default Value: false
        Property 36
            Display Name: ScalingMinY
            Internal Name: ScalingMinY
            Type: Bool
            Min Limit: 0.000000
            Max Limit: 100.000000
            Is Animatable: false
            Is Temporary: false
            Default Value: false
        Property 37
            Display Name: ScalingMinZ
            Internal Name: ScalingMinZ
            Type: Bool
            Min Limit: 0.000000
            Max Limit: 100.000000
            Is Animatable: false
            Is Temporary: false
            Default Value: false
        Property 38
            Display Name: ScalingMaxX
            Internal Name: ScalingMaxX
            Type: Bool
            Min Limit: 0.000000
            Max Limit: 100.000000
            Is Animatable: false
            Is Temporary: false
            Default Value: false
        Property 39
            Display Name: ScalingMaxY
            Internal Name: ScalingMaxY
            Type: Bool
            Min Limit: 0.000000
            Max Limit: 100.000000
            Is Animatable: false
            Is Temporary: false
            Default Value: false
        Property 40
            Display Name: ScalingMaxZ
            Internal Name: ScalingMaxZ
            Type: Bool
            Min Limit: 0.000000
            Max Limit: 100.000000
            Is Animatable: false
            Is Temporary: false
            Default Value: false
        Property 41
            Display Name: GeometricTranslation
            Internal Name: GeometricTranslation
            Type: Vector
            Min Limit: 0.000000
            Max Limit: 100.000000
            Is Animatable: false
            Is Temporary: false
            Default Value: X=0.000000, Y=0.000000, Z=0.000000
        Property 42
            Display Name: GeometricRotation
            Internal Name: GeometricRotation
            Type: Vector
            Min Limit: 0.000000
            Max Limit: 100.000000
            Is Animatable: false
            Is Temporary: false
            Default Value: X=0.000000, Y=0.000000, Z=0.000000
        Property 43
            Display Name: GeometricScaling
            Internal Name: GeometricScaling
            Type: Vector
            Min Limit: 0.000000
            Max Limit: 100.000000
            Is Animatable: false
            Is Temporary: false
            Default Value: X=1.000000, Y=1.000000, Z=1.000000
        Property 44
            Display Name: MinDampRangeX
            Internal Name: MinDampRangeX
            Type: Number
            Min Limit: 0.000000
            Max Limit: 100.000000
            Is Animatable: false
            Is Temporary: false
            Default Value: 0.000000
        Property 45
            Display Name: MinDampRangeY
            Internal Name: MinDampRangeY
            Type: Number
            Min Limit: 0.000000
            Max Limit: 100.000000
            Is Animatable: false
            Is Temporary: false
            Default Value: 0.000000
        Property 46
            Display Name: MinDampRangeZ
            Internal Name: MinDampRangeZ
            Type: Number
            Min Limit: 0.000000
            Max Limit: 100.000000
            Is Animatable: false
            Is Temporary: false
            Default Value: 0.000000
        Property 47
            Display Name: MaxDampRangeX
            Internal Name: MaxDampRangeX
            Type: Number
            Min Limit: 0.000000
            Max Limit: 100.000000
            Is Animatable: false
            Is Temporary: false
            Default Value: 0.000000
        Property 48
            Display Name: MaxDampRangeY
            Internal Name: MaxDampRangeY
            Type: Number
            Min Limit: 0.000000
            Max Limit: 100.000000
            Is Animatable: false
            Is Temporary: false
            Default Value: 0.000000
        Property 49
            Display Name: MaxDampRangeZ
            Internal Name: MaxDampRangeZ
            Type: Number
            Min Limit: 0.000000
            Max Limit: 100.000000
            Is Animatable: false
            Is Temporary: false
            Default Value: 0.000000
        Property 50
            Display Name: MinDampStrengthX
            Internal Name: MinDampStrengthX
            Type: Number
            Min Limit: 0.000000
            Max Limit: 100.000000
            Is Animatable: false
            Is Temporary: false
            Default Value: 0.000000
        Property 51
            Display Name: MinDampStrengthY
            Internal Name: MinDampStrengthY
            Type: Number
            Min Limit: 0.000000
            Max Limit: 100.000000
            Is Animatable: false
            Is Temporary: false
            Default Value: 0.000000
        Property 52
            Display Name: MinDampStrengthZ
            Internal Name: MinDampStrengthZ
            Type: Number
            Min Limit: 0.000000
            Max Limit: 100.000000
            Is Animatable: false
            Is Temporary: false
            Default Value: 0.000000
        Property 53
            Display Name: MaxDampStrengthX
            Internal Name: MaxDampStrengthX
            Type: Number
            Min Limit: 0.000000
            Max Limit: 100.000000
            Is Animatable: false
            Is Temporary: false
            Default Value: 0.000000
        Property 54
            Display Name: MaxDampStrengthY
            Internal Name: MaxDampStrengthY
            Type: Number
            Min Limit: 0.000000
            Max Limit: 100.000000
            Is Animatable: false
            Is Temporary: false
            Default Value: 0.000000
        Property 55
            Display Name: MaxDampStrengthZ
            Internal Name: MaxDampStrengthZ
            Type: Number
            Min Limit: 0.000000
            Max Limit: 100.000000
            Is Animatable: false
            Is Temporary: false
            Default Value: 0.000000
        Property 56
            Display Name: PreferedAngleX
            Internal Name: PreferedAngleX
            Type: Number
            Min Limit: 0.000000
            Max Limit: 100.000000
            Is Animatable: false
            Is Temporary: false
            Default Value: 0.000000
        Property 57
            Display Name: PreferedAngleY
            Internal Name: PreferedAngleY
            Type: Number
            Min Limit: 0.000000
            Max Limit: 100.000000
            Is Animatable: false
            Is Temporary: false
            Default Value: 0.000000
        Property 58
            Display Name: PreferedAngleZ
            Internal Name: PreferedAngleZ
            Type: Number
            Min Limit: 0.000000
            Max Limit: 100.000000
            Is Animatable: false
            Is Temporary: false
            Default Value: 0.000000
        Property 59
            Display Name: LookAtProperty
            Internal Name: LookAtProperty
            Type: object
            Min Limit: 0.000000
            Max Limit: 100.000000
            Is Animatable: false
            Is Temporary: false
            Default Value: UNIDENTIFIED
        Property 60
            Display Name: UpVectorProperty
            Internal Name: UpVectorProperty
            Type: object
            Min Limit: 0.000000
            Max Limit: 100.000000
            Is Animatable: false
            Is Temporary: false
            Default Value: UNIDENTIFIED
        Property 61
            Display Name: Show
            Internal Name: Show
            Type: Bool
            Min Limit: 0.000000
            Max Limit: 100.000000
            Is Animatable: false
            Is Temporary: false
            Default Value: true
        Property 62
            Display Name: NegativePercentShapeSupport
            Internal Name: NegativePercentShapeSupport
            Type: Bool
            Min Limit: 0.000000
            Max Limit: 100.000000
            Is Animatable: false
            Is Temporary: false
            Default Value: true
        Property 63
            Display Name: DefaultAttributeIndex
            Internal Name: DefaultAttributeIndex
            Type: Integer
            Min Limit: 0.000000
            Max Limit: 100.000000
            Is Animatable: false
            Is Temporary: false
            Default Value: 0
        Property 64
            Display Name: Lcl Translation
            Internal Name: Lcl Translation
            Type: Lcl Translation
            Min Limit: 0.000000
            Max Limit: 100.000000
            Is Animatable: true
            Is Temporary: false
            Default Value: X=59.853928, Y=84.469887, Z=502.310089
        Property 65
            Display Name: Lcl Rotation
            Internal Name: Lcl Rotation
            Type: Lcl Rotation
            Min Limit: 0.000000
            Max Limit: 100.000000
            Is Animatable: true
            Is Temporary: false
            Default Value: X=0.000000, Y=0.000000, Z=-0.000000
        Property 66
            Display Name: Lcl Scaling
            Internal Name: Lcl Scaling
            Type: Lcl Scaling
            Min Limit: 0.000000
            Max Limit: 100.000000
            Is Animatable: true
            Is Temporary: false
            Default Value: X=1.000000, Y=1.000000, Z=1.000000
        Property 67
            Display Name: Visibility
            Internal Name: Visibility
            Type: Visibility
            Min Limit: 0.000000
            Max Limit: 100.000000
            Is Animatable: true
            Is Temporary: false
            Default Value: 1.000000

branch_05

Name: branch_05
    Property Count: 68
        Property 0
            Display Name: QuaternionInterpolate
            Internal Name: QuaternionInterpolate
            Type: Bool
            Min Limit: 0.000000
            Max Limit: 100.000000
            Is Animatable: false
            Is Temporary: false
            Default Value: false
        Property 1
            Display Name: RotationOffset
            Internal Name: RotationOffset
            Type: Vector
            Min Limit: 0.000000
            Max Limit: 100.000000
            Is Animatable: false
            Is Temporary: false
            Default Value: X=0.000000, Y=0.000000, Z=0.000000
        Property 2
            Display Name: RotationPivot
            Internal Name: RotationPivot
            Type: Vector
            Min Limit: 0.000000
            Max Limit: 100.000000
            Is Animatable: false
            Is Temporary: false
            Default Value: X=3541.864285, Y=24.054657, Z=-115.399532
        Property 3
            Display Name: ScalingOffset
            Internal Name: ScalingOffset
            Type: Vector
            Min Limit: 0.000000
            Max Limit: 100.000000
            Is Animatable: false
            Is Temporary: false
            Default Value: X=0.000000, Y=0.000000, Z=0.000000
        Property 4
            Display Name: ScalingPivot
            Internal Name: ScalingPivot
            Type: Vector
            Min Limit: 0.000000
            Max Limit: 100.000000
            Is Animatable: false
            Is Temporary: false
            Default Value: X=3541.864285, Y=24.054657, Z=-115.399532
        Property 5
            Display Name: TranslationActive
            Internal Name: TranslationActive
            Type: Bool
            Min Limit: 0.000000
            Max Limit: 100.000000
            Is Animatable: false
            Is Temporary: false
            Default Value: false
        Property 6
            Display Name: TranslationMin
            Internal Name: TranslationMin
            Type: Vector
            Min Limit: 0.000000
            Max Limit: 100.000000
            Is Animatable: false
            Is Temporary: false
            Default Value: X=0.000000, Y=0.000000, Z=0.000000
        Property 7
            Display Name: TranslationMax
            Internal Name: TranslationMax
            Type: Vector
            Min Limit: 0.000000
            Max Limit: 100.000000
            Is Animatable: false
            Is Temporary: false
            Default Value: X=0.000000, Y=0.000000, Z=0.000000
        Property 8
            Display Name: TranslationMinX
            Internal Name: TranslationMinX
            Type: Bool
            Min Limit: 0.000000
            Max Limit: 100.000000
            Is Animatable: false
            Is Temporary: false
            Default Value: false
        Property 9
            Display Name: TranslationMinY
            Internal Name: TranslationMinY
            Type: Bool
            Min Limit: 0.000000
            Max Limit: 100.000000
            Is Animatable: false
            Is Temporary: false
            Default Value: false
        Property 10
            Display Name: TranslationMinZ
            Internal Name: TranslationMinZ
            Type: Bool
            Min Limit: 0.000000
            Max Limit: 100.000000
            Is Animatable: false
            Is Temporary: false
            Default Value: false
        Property 11
            Display Name: TranslationMaxX
            Internal Name: TranslationMaxX
            Type: Bool
            Min Limit: 0.000000
            Max Limit: 100.000000
            Is Animatable: false
            Is Temporary: false
            Default Value: false
        Property 12
            Display Name: TranslationMaxY
            Internal Name: TranslationMaxY
            Type: Bool
            Min Limit: 0.000000
            Max Limit: 100.000000
            Is Animatable: false
            Is Temporary: false
            Default Value: false
        Property 13
            Display Name: TranslationMaxZ
            Internal Name: TranslationMaxZ
            Type: Bool
            Min Limit: 0.000000
            Max Limit: 100.000000
            Is Animatable: false
            Is Temporary: false
            Default Value: false
        Property 14
            Display Name: RotationOrder
            Internal Name: RotationOrder
            Type: Enum
            Min Limit: 0.000000
            Max Limit: 100.000000
            Is Animatable: false
            Is Temporary: false
            Default Value: UNIDENTIFIED
        Property 15
            Display Name: RotationSpaceForLimitOnly
            Internal Name: RotationSpaceForLimitOnly
            Type: Bool
            Min Limit: 0.000000
            Max Limit: 100.000000
            Is Animatable: false
            Is Temporary: false
            Default Value: false
        Property 16
            Display Name: RotationStiffnessX
            Internal Name: RotationStiffnessX
            Type: Number
            Min Limit: 0.000000
            Max Limit: 100.000000
            Is Animatable: false
            Is Temporary: false
            Default Value: 0.000000
        Property 17
            Display Name: RotationStiffnessY
            Internal Name: RotationStiffnessY
            Type: Number
            Min Limit: 0.000000
            Max Limit: 100.000000
            Is Animatable: false
            Is Temporary: false
            Default Value: 0.000000
        Property 18
            Display Name: RotationStiffnessZ
            Internal Name: RotationStiffnessZ
            Type: Number
            Min Limit: 0.000000
            Max Limit: 100.000000
            Is Animatable: false
            Is Temporary: false
            Default Value: 0.000000
        Property 19
            Display Name: AxisLen
            Internal Name: AxisLen
            Type: Number
            Min Limit: 0.000000
            Max Limit: 100.000000
            Is Animatable: false
            Is Temporary: false
            Default Value: 10.000000
        Property 20
            Display Name: PreRotation
            Internal Name: PreRotation
            Type: Vector
            Min Limit: 0.000000
            Max Limit: 100.000000
            Is Animatable: false
            Is Temporary: false
            Default Value: X=0.000000, Y=0.000000, Z=0.000000
        Property 21
            Display Name: PostRotation
            Internal Name: PostRotation
            Type: Vector
            Min Limit: 0.000000
            Max Limit: 100.000000
            Is Animatable: false
            Is Temporary: false
            Default Value: X=0.000000, Y=-0.000000, Z=0.000000
        Property 22
            Display Name: RotationActive
            Internal Name: RotationActive
            Type: Bool
            Min Limit: 0.000000
            Max Limit: 100.000000
            Is Animatable: false
            Is Temporary: false
            Default Value: true
        Property 23
            Display Name: RotationMin
            Internal Name: RotationMin
            Type: Vector
            Min Limit: 0.000000
            Max Limit: 100.000000
            Is Animatable: false
            Is Temporary: false
            Default Value: X=0.000000, Y=0.000000, Z=0.000000
        Property 24
            Display Name: RotationMax
            Internal Name: RotationMax
            Type: Vector
            Min Limit: 0.000000
            Max Limit: 100.000000
            Is Animatable: false
            Is Temporary: false
            Default Value: X=0.000000, Y=0.000000, Z=0.000000
        Property 25
            Display Name: RotationMinX
            Internal Name: RotationMinX
            Type: Bool
            Min Limit: 0.000000
            Max Limit: 100.000000
            Is Animatable: false
            Is Temporary: false
            Default Value: false
        Property 26
            Display Name: RotationMinY
            Internal Name: RotationMinY
            Type: Bool
            Min Limit: 0.000000
            Max Limit: 100.000000
            Is Animatable: false
            Is Temporary: false
            Default Value: false
        Property 27
            Display Name: RotationMinZ
            Internal Name: RotationMinZ
            Type: Bool
            Min Limit: 0.000000
            Max Limit: 100.000000
            Is Animatable: false
            Is Temporary: false
            Default Value: false
        Property 28
            Display Name: RotationMaxX
            Internal Name: RotationMaxX
            Type: Bool
            Min Limit: 0.000000
            Max Limit: 100.000000
            Is Animatable: false
            Is Temporary: false
            Default Value: false
        Property 29
            Display Name: RotationMaxY
            Internal Name: RotationMaxY
            Type: Bool
            Min Limit: 0.000000
            Max Limit: 100.000000
            Is Animatable: false
            Is Temporary: false
            Default Value: false
        Property 30
            Display Name: RotationMaxZ
            Internal Name: RotationMaxZ
            Type: Bool
            Min Limit: 0.000000
            Max Limit: 100.000000
            Is Animatable: false
            Is Temporary: false
            Default Value: false
        Property 31
            Display Name: InheritType
            Internal Name: InheritType
            Type: Enum
            Min Limit: 0.000000
            Max Limit: 100.000000
            Is Animatable: false
            Is Temporary: false
            Default Value: UNIDENTIFIED
        Property 32
            Display Name: ScalingActive
            Internal Name: ScalingActive
            Type: Bool
            Min Limit: 0.000000
            Max Limit: 100.000000
            Is Animatable: false
            Is Temporary: false
            Default Value: false
        Property 33
            Display Name: ScalingMin
            Internal Name: ScalingMin
            Type: Vector
            Min Limit: 0.000000
            Max Limit: 100.000000
            Is Animatable: false
            Is Temporary: false
            Default Value: X=0.000000, Y=0.000000, Z=0.000000
        Property 34
            Display Name: ScalingMax
            Internal Name: ScalingMax
            Type: Vector
            Min Limit: 0.000000
            Max Limit: 100.000000
            Is Animatable: false
            Is Temporary: false
            Default Value: X=0.000000, Y=0.000000, Z=0.000000
        Property 35
            Display Name: ScalingMinX
            Internal Name: ScalingMinX
            Type: Bool
            Min Limit: 0.000000
            Max Limit: 100.000000
            Is Animatable: false
            Is Temporary: false
            Default Value: false
        Property 36
            Display Name: ScalingMinY
            Internal Name: ScalingMinY
            Type: Bool
            Min Limit: 0.000000
            Max Limit: 100.000000
            Is Animatable: false
            Is Temporary: false
            Default Value: false
        Property 37
            Display Name: ScalingMinZ
            Internal Name: ScalingMinZ
            Type: Bool
            Min Limit: 0.000000
            Max Limit: 100.000000
            Is Animatable: false
            Is Temporary: false
            Default Value: false
        Property 38
            Display Name: ScalingMaxX
            Internal Name: ScalingMaxX
            Type: Bool
            Min Limit: 0.000000
            Max Limit: 100.000000
            Is Animatable: false
            Is Temporary: false
            Default Value: false
        Property 39
            Display Name: ScalingMaxY
            Internal Name: ScalingMaxY
            Type: Bool
            Min Limit: 0.000000
            Max Limit: 100.000000
            Is Animatable: false
            Is Temporary: false
            Default Value: false
        Property 40
            Display Name: ScalingMaxZ
            Internal Name: ScalingMaxZ
            Type: Bool
            Min Limit: 0.000000
            Max Limit: 100.000000
            Is Animatable: false
            Is Temporary: false
            Default Value: false
        Property 41
            Display Name: GeometricTranslation
            Internal Name: GeometricTranslation
            Type: Vector
            Min Limit: 0.000000
            Max Limit: 100.000000
            Is Animatable: false
            Is Temporary: false
            Default Value: X=0.000000, Y=0.000000, Z=0.000000
        Property 42
            Display Name: GeometricRotation
            Internal Name: GeometricRotation
            Type: Vector
            Min Limit: 0.000000
            Max Limit: 100.000000
            Is Animatable: false
            Is Temporary: false
            Default Value: X=0.000000, Y=0.000000, Z=0.000000
        Property 43
            Display Name: GeometricScaling
            Internal Name: GeometricScaling
            Type: Vector
            Min Limit: 0.000000
            Max Limit: 100.000000
            Is Animatable: false
            Is Temporary: false
            Default Value: X=1.000000, Y=1.000000, Z=1.000000
        Property 44
            Display Name: MinDampRangeX
            Internal Name: MinDampRangeX
            Type: Number
            Min Limit: 0.000000
            Max Limit: 100.000000
            Is Animatable: false
            Is Temporary: false
            Default Value: 0.000000
        Property 45
            Display Name: MinDampRangeY
            Internal Name: MinDampRangeY
            Type: Number
            Min Limit: 0.000000
            Max Limit: 100.000000
            Is Animatable: false
            Is Temporary: false
            Default Value: 0.000000
        Property 46
            Display Name: MinDampRangeZ
            Internal Name: MinDampRangeZ
            Type: Number
            Min Limit: 0.000000
            Max Limit: 100.000000
            Is Animatable: false
            Is Temporary: false
            Default Value: 0.000000
        Property 47
            Display Name: MaxDampRangeX
            Internal Name: MaxDampRangeX
            Type: Number
            Min Limit: 0.000000
            Max Limit: 100.000000
            Is Animatable: false
            Is Temporary: false
            Default Value: 0.000000
        Property 48
            Display Name: MaxDampRangeY
            Internal Name: MaxDampRangeY
            Type: Number
            Min Limit: 0.000000
            Max Limit: 100.000000
            Is Animatable: false
            Is Temporary: false
            Default Value: 0.000000
        Property 49
            Display Name: MaxDampRangeZ
            Internal Name: MaxDampRangeZ
            Type: Number
            Min Limit: 0.000000
            Max Limit: 100.000000
            Is Animatable: false
            Is Temporary: false
            Default Value: 0.000000
        Property 50
            Display Name: MinDampStrengthX
            Internal Name: MinDampStrengthX
            Type: Number
            Min Limit: 0.000000
            Max Limit: 100.000000
            Is Animatable: false
            Is Temporary: false
            Default Value: 0.000000
        Property 51
            Display Name: MinDampStrengthY
            Internal Name: MinDampStrengthY
            Type: Number
            Min Limit: 0.000000
            Max Limit: 100.000000
            Is Animatable: false
            Is Temporary: false
            Default Value: 0.000000
        Property 52
            Display Name: MinDampStrengthZ
            Internal Name: MinDampStrengthZ
            Type: Number
            Min Limit: 0.000000
            Max Limit: 100.000000
            Is Animatable: false
            Is Temporary: false
            Default Value: 0.000000
        Property 53
            Display Name: MaxDampStrengthX
            Internal Name: MaxDampStrengthX
            Type: Number
            Min Limit: 0.000000
            Max Limit: 100.000000
            Is Animatable: false
            Is Temporary: false
            Default Value: 0.000000
        Property 54
            Display Name: MaxDampStrengthY
            Internal Name: MaxDampStrengthY
            Type: Number
            Min Limit: 0.000000
            Max Limit: 100.000000
            Is Animatable: false
            Is Temporary: false
            Default Value: 0.000000
        Property 55
            Display Name: MaxDampStrengthZ
            Internal Name: MaxDampStrengthZ
            Type: Number
            Min Limit: 0.000000
            Max Limit: 100.000000
            Is Animatable: false
            Is Temporary: false
            Default Value: 0.000000
        Property 56
            Display Name: PreferedAngleX
            Internal Name: PreferedAngleX
            Type: Number
            Min Limit: 0.000000
            Max Limit: 100.000000
            Is Animatable: false
            Is Temporary: false
            Default Value: 0.000000
        Property 57
            Display Name: PreferedAngleY
            Internal Name: PreferedAngleY
            Type: Number
            Min Limit: 0.000000
            Max Limit: 100.000000
            Is Animatable: false
            Is Temporary: false
            Default Value: 0.000000
        Property 58
            Display Name: PreferedAngleZ
            Internal Name: PreferedAngleZ
            Type: Number
            Min Limit: 0.000000
            Max Limit: 100.000000
            Is Animatable: false
            Is Temporary: false
            Default Value: 0.000000
        Property 59
            Display Name: LookAtProperty
            Internal Name: LookAtProperty
            Type: object
            Min Limit: 0.000000
            Max Limit: 100.000000
            Is Animatable: false
            Is Temporary: false
            Default Value: UNIDENTIFIED
        Property 60
            Display Name: UpVectorProperty
            Internal Name: UpVectorProperty
            Type: object
            Min Limit: 0.000000
            Max Limit: 100.000000
            Is Animatable: false
            Is Temporary: false
            Default Value: UNIDENTIFIED
        Property 61
            Display Name: Show
            Internal Name: Show
            Type: Bool
            Min Limit: 0.000000
            Max Limit: 100.000000
            Is Animatable: false
            Is Temporary: false
            Default Value: true
        Property 62
            Display Name: NegativePercentShapeSupport
            Internal Name: NegativePercentShapeSupport
            Type: Bool
            Min Limit: 0.000000
            Max Limit: 100.000000
            Is Animatable: false
            Is Temporary: false
            Default Value: true
        Property 63
            Display Name: DefaultAttributeIndex
            Internal Name: DefaultAttributeIndex
            Type: Integer
            Min Limit: 0.000000
            Max Limit: 100.000000
            Is Animatable: false
            Is Temporary: false
            Default Value: 0
        Property 64
            Display Name: Lcl Translation
            Internal Name: Lcl Translation
            Type: Lcl Translation
            Min Limit: 0.000000
            Max Limit: 100.000000
            Is Animatable: true
            Is Temporary: false
            Default Value: X=0.000000, Y=0.000000, Z=0.000000
        Property 65
            Display Name: Lcl Rotation
            Internal Name: Lcl Rotation
            Type: Lcl Rotation
            Min Limit: 0.000000
            Max Limit: 100.000000
            Is Animatable: true
            Is Temporary: false
            Default Value: X=0.000000, Y=0.000000, Z=0.000000
        Property 66
            Display Name: Lcl Scaling
            Internal Name: Lcl Scaling
            Type: Lcl Scaling
            Min Limit: 0.000000
            Max Limit: 100.000000
            Is Animatable: true
            Is Temporary: false
            Default Value: X=1.000000, Y=1.000000, Z=1.000000
        Property 67
            Display Name: Visibility
            Internal Name: Visibility
            Type: Visibility
            Min Limit: 0.000000
            Max Limit: 100.000000
            Is Animatable: true
            Is Temporary: false
            Default Value: 1.000000

branch_03

Name: branch_03
    Property Count: 68
        Property 0
            Display Name: QuaternionInterpolate
            Internal Name: QuaternionInterpolate
            Type: Bool
            Min Limit: 0.000000
            Max Limit: 100.000000
            Is Animatable: false
            Is Temporary: false
            Default Value: false
        Property 1
            Display Name: RotationOffset
            Internal Name: RotationOffset
            Type: Vector
            Min Limit: 0.000000
            Max Limit: 100.000000
            Is Animatable: false
            Is Temporary: false
            Default Value: X=0.000000, Y=0.000000, Z=0.000000
        Property 2
            Display Name: RotationPivot
            Internal Name: RotationPivot
            Type: Vector
            Min Limit: 0.000000
            Max Limit: 100.000000
            Is Animatable: false
            Is Temporary: false
            Default Value: X=3522.755263, Y=30.663198, Z=0.000000
        Property 3
            Display Name: ScalingOffset
            Internal Name: ScalingOffset
            Type: Vector
            Min Limit: 0.000000
            Max Limit: 100.000000
            Is Animatable: false
            Is Temporary: false
            Default Value: X=0.000000, Y=0.000000, Z=0.000000
        Property 4
            Display Name: ScalingPivot
            Internal Name: ScalingPivot
            Type: Vector
            Min Limit: 0.000000
            Max Limit: 100.000000
            Is Animatable: false
            Is Temporary: false
            Default Value: X=3522.755263, Y=30.663198, Z=0.000000
        Property 5
            Display Name: TranslationActive
            Internal Name: TranslationActive
            Type: Bool
            Min Limit: 0.000000
            Max Limit: 100.000000
            Is Animatable: false
            Is Temporary: false
            Default Value: false
        Property 6
            Display Name: TranslationMin
            Internal Name: TranslationMin
            Type: Vector
            Min Limit: 0.000000
            Max Limit: 100.000000
            Is Animatable: false
            Is Temporary: false
            Default Value: X=0.000000, Y=0.000000, Z=0.000000
        Property 7
            Display Name: TranslationMax
            Internal Name: TranslationMax
            Type: Vector
            Min Limit: 0.000000
            Max Limit: 100.000000
            Is Animatable: false
            Is Temporary: false
            Default Value: X=0.000000, Y=0.000000, Z=0.000000
        Property 8
            Display Name: TranslationMinX
            Internal Name: TranslationMinX
            Type: Bool
            Min Limit: 0.000000
            Max Limit: 100.000000
            Is Animatable: false
            Is Temporary: false
            Default Value: false
        Property 9
            Display Name: TranslationMinY
            Internal Name: TranslationMinY
            Type: Bool
            Min Limit: 0.000000
            Max Limit: 100.000000
            Is Animatable: false
            Is Temporary: false
            Default Value: false
        Property 10
            Display Name: TranslationMinZ
            Internal Name: TranslationMinZ
            Type: Bool
            Min Limit: 0.000000
            Max Limit: 100.000000
            Is Animatable: false
            Is Temporary: false
            Default Value: false
        Property 11
            Display Name: TranslationMaxX
            Internal Name: TranslationMaxX
            Type: Bool
            Min Limit: 0.000000
            Max Limit: 100.000000
            Is Animatable: false
            Is Temporary: false
            Default Value: false
        Property 12
            Display Name: TranslationMaxY
            Internal Name: TranslationMaxY
            Type: Bool
            Min Limit: 0.000000
            Max Limit: 100.000000
            Is Animatable: false
            Is Temporary: false
            Default Value: false
        Property 13
            Display Name: TranslationMaxZ
            Internal Name: TranslationMaxZ
            Type: Bool
            Min Limit: 0.000000
            Max Limit: 100.000000
            Is Animatable: false
            Is Temporary: false
            Default Value: false
        Property 14
            Display Name: RotationOrder
            Internal Name: RotationOrder
            Type: Enum
            Min Limit: 0.000000
            Max Limit: 100.000000
            Is Animatable: false
            Is Temporary: false
            Default Value: UNIDENTIFIED
        Property 15
            Display Name: RotationSpaceForLimitOnly
            Internal Name: RotationSpaceForLimitOnly
            Type: Bool
            Min Limit: 0.000000
            Max Limit: 100.000000
            Is Animatable: false
            Is Temporary: false
            Default Value: false
        Property 16
            Display Name: RotationStiffnessX
            Internal Name: RotationStiffnessX
            Type: Number
            Min Limit: 0.000000
            Max Limit: 100.000000
            Is Animatable: false
            Is Temporary: false
            Default Value: 0.000000
        Property 17
            Display Name: RotationStiffnessY
            Internal Name: RotationStiffnessY
            Type: Number
            Min Limit: 0.000000
            Max Limit: 100.000000
            Is Animatable: false
            Is Temporary: false
            Default Value: 0.000000
        Property 18
            Display Name: RotationStiffnessZ
            Internal Name: RotationStiffnessZ
            Type: Number
            Min Limit: 0.000000
            Max Limit: 100.000000
            Is Animatable: false
            Is Temporary: false
            Default Value: 0.000000
        Property 19
            Display Name: AxisLen
            Internal Name: AxisLen
            Type: Number
            Min Limit: 0.000000
            Max Limit: 100.000000
            Is Animatable: false
            Is Temporary: false
            Default Value: 10.000000
        Property 20
            Display Name: PreRotation
            Internal Name: PreRotation
            Type: Vector
            Min Limit: 0.000000
            Max Limit: 100.000000
            Is Animatable: false
            Is Temporary: false
            Default Value: X=0.000000, Y=0.000000, Z=0.000000
        Property 21
            Display Name: PostRotation
            Internal Name: PostRotation
            Type: Vector
            Min Limit: 0.000000
            Max Limit: 100.000000
            Is Animatable: false
            Is Temporary: false
            Default Value: X=0.000000, Y=-0.000000, Z=0.000000
        Property 22
            Display Name: RotationActive
            Internal Name: RotationActive
            Type: Bool
            Min Limit: 0.000000
            Max Limit: 100.000000
            Is Animatable: false
            Is Temporary: false
            Default Value: true
        Property 23
            Display Name: RotationMin
            Internal Name: RotationMin
            Type: Vector
            Min Limit: 0.000000
            Max Limit: 100.000000
            Is Animatable: false
            Is Temporary: false
            Default Value: X=0.000000, Y=0.000000, Z=0.000000
        Property 24
            Display Name: RotationMax
            Internal Name: RotationMax
            Type: Vector
            Min Limit: 0.000000
            Max Limit: 100.000000
            Is Animatable: false
            Is Temporary: false
            Default Value: X=0.000000, Y=0.000000, Z=0.000000
        Property 25
            Display Name: RotationMinX
            Internal Name: RotationMinX
            Type: Bool
            Min Limit: 0.000000
            Max Limit: 100.000000
            Is Animatable: false
            Is Temporary: false
            Default Value: false
        Property 26
            Display Name: RotationMinY
            Internal Name: RotationMinY
            Type: Bool
            Min Limit: 0.000000
            Max Limit: 100.000000
            Is Animatable: false
            Is Temporary: false
            Default Value: false
        Property 27
            Display Name: RotationMinZ
            Internal Name: RotationMinZ
            Type: Bool
            Min Limit: 0.000000
            Max Limit: 100.000000
            Is Animatable: false
            Is Temporary: false
            Default Value: false
        Property 28
            Display Name: RotationMaxX
            Internal Name: RotationMaxX
            Type: Bool
            Min Limit: 0.000000
            Max Limit: 100.000000
            Is Animatable: false
            Is Temporary: false
            Default Value: false
        Property 29
            Display Name: RotationMaxY
            Internal Name: RotationMaxY
            Type: Bool
            Min Limit: 0.000000
            Max Limit: 100.000000
            Is Animatable: false
            Is Temporary: false
            Default Value: false
        Property 30
            Display Name: RotationMaxZ
            Internal Name: RotationMaxZ
            Type: Bool
            Min Limit: 0.000000
            Max Limit: 100.000000
            Is Animatable: false
            Is Temporary: false
            Default Value: false
        Property 31
            Display Name: InheritType
            Internal Name: InheritType
            Type: Enum
            Min Limit: 0.000000
            Max Limit: 100.000000
            Is Animatable: false
            Is Temporary: false
            Default Value: UNIDENTIFIED
        Property 32
            Display Name: ScalingActive
            Internal Name: ScalingActive
            Type: Bool
            Min Limit: 0.000000
            Max Limit: 100.000000
            Is Animatable: false
            Is Temporary: false
            Default Value: false
        Property 33
            Display Name: ScalingMin
            Internal Name: ScalingMin
            Type: Vector
            Min Limit: 0.000000
            Max Limit: 100.000000
            Is Animatable: false
            Is Temporary: false
            Default Value: X=0.000000, Y=0.000000, Z=0.000000
        Property 34
            Display Name: ScalingMax
            Internal Name: ScalingMax
            Type: Vector
            Min Limit: 0.000000
            Max Limit: 100.000000
            Is Animatable: false
            Is Temporary: false
            Default Value: X=0.000000, Y=0.000000, Z=0.000000
        Property 35
            Display Name: ScalingMinX
            Internal Name: ScalingMinX
            Type: Bool
            Min Limit: 0.000000
            Max Limit: 100.000000
            Is Animatable: false
            Is Temporary: false
            Default Value: false
        Property 36
            Display Name: ScalingMinY
            Internal Name: ScalingMinY
            Type: Bool
            Min Limit: 0.000000
            Max Limit: 100.000000
            Is Animatable: false
            Is Temporary: false
            Default Value: false
        Property 37
            Display Name: ScalingMinZ
            Internal Name: ScalingMinZ
            Type: Bool
            Min Limit: 0.000000
            Max Limit: 100.000000
            Is Animatable: false
            Is Temporary: false
            Default Value: false
        Property 38
            Display Name: ScalingMaxX
            Internal Name: ScalingMaxX
            Type: Bool
            Min Limit: 0.000000
            Max Limit: 100.000000
            Is Animatable: false
            Is Temporary: false
            Default Value: false
        Property 39
            Display Name: ScalingMaxY
            Internal Name: ScalingMaxY
            Type: Bool
            Min Limit: 0.000000
            Max Limit: 100.000000
            Is Animatable: false
            Is Temporary: false
            Default Value: false
        Property 40
            Display Name: ScalingMaxZ
            Internal Name: ScalingMaxZ
            Type: Bool
            Min Limit: 0.000000
            Max Limit: 100.000000
            Is Animatable: false
            Is Temporary: false
            Default Value: false
        Property 41
            Display Name: GeometricTranslation
            Internal Name: GeometricTranslation
            Type: Vector
            Min Limit: 0.000000
            Max Limit: 100.000000
            Is Animatable: false
            Is Temporary: false
            Default Value: X=0.000000, Y=0.000000, Z=0.000000
        Property 42
            Display Name: GeometricRotation
            Internal Name: GeometricRotation
            Type: Vector
            Min Limit: 0.000000
            Max Limit: 100.000000
            Is Animatable: false
            Is Temporary: false
            Default Value: X=0.000000, Y=0.000000, Z=0.000000
        Property 43
            Display Name: GeometricScaling
            Internal Name: GeometricScaling
            Type: Vector
            Min Limit: 0.000000
            Max Limit: 100.000000
            Is Animatable: false
            Is Temporary: false
            Default Value: X=1.000000, Y=1.000000, Z=1.000000
        Property 44
            Display Name: MinDampRangeX
            Internal Name: MinDampRangeX
            Type: Number
            Min Limit: 0.000000
            Max Limit: 100.000000
            Is Animatable: false
            Is Temporary: false
            Default Value: 0.000000
        Property 45
            Display Name: MinDampRangeY
            Internal Name: MinDampRangeY
            Type: Number
            Min Limit: 0.000000
            Max Limit: 100.000000
            Is Animatable: false
            Is Temporary: false
            Default Value: 0.000000
        Property 46
            Display Name: MinDampRangeZ
            Internal Name: MinDampRangeZ
            Type: Number
            Min Limit: 0.000000
            Max Limit: 100.000000
            Is Animatable: false
            Is Temporary: false
            Default Value: 0.000000
        Property 47
            Display Name: MaxDampRangeX
            Internal Name: MaxDampRangeX
            Type: Number
            Min Limit: 0.000000
            Max Limit: 100.000000
            Is Animatable: false
            Is Temporary: false
            Default Value: 0.000000
        Property 48
            Display Name: MaxDampRangeY
            Internal Name: MaxDampRangeY
            Type: Number
            Min Limit: 0.000000
            Max Limit: 100.000000
            Is Animatable: false
            Is Temporary: false
            Default Value: 0.000000
        Property 49
            Display Name: MaxDampRangeZ
            Internal Name: MaxDampRangeZ
            Type: Number
            Min Limit: 0.000000
            Max Limit: 100.000000
            Is Animatable: false
            Is Temporary: false
            Default Value: 0.000000
        Property 50
            Display Name: MinDampStrengthX
            Internal Name: MinDampStrengthX
            Type: Number
            Min Limit: 0.000000
            Max Limit: 100.000000
            Is Animatable: false
            Is Temporary: false
            Default Value: 0.000000
        Property 51
            Display Name: MinDampStrengthY
            Internal Name: MinDampStrengthY
            Type: Number
            Min Limit: 0.000000
            Max Limit: 100.000000
            Is Animatable: false
            Is Temporary: false
            Default Value: 0.000000
        Property 52
            Display Name: MinDampStrengthZ
            Internal Name: MinDampStrengthZ
            Type: Number
            Min Limit: 0.000000
            Max Limit: 100.000000
            Is Animatable: false
            Is Temporary: false
            Default Value: 0.000000
        Property 53
            Display Name: MaxDampStrengthX
            Internal Name: MaxDampStrengthX
            Type: Number
            Min Limit: 0.000000
            Max Limit: 100.000000
            Is Animatable: false
            Is Temporary: false
            Default Value: 0.000000
        Property 54
            Display Name: MaxDampStrengthY
            Internal Name: MaxDampStrengthY
            Type: Number
            Min Limit: 0.000000
            Max Limit: 100.000000
            Is Animatable: false
            Is Temporary: false
            Default Value: 0.000000
        Property 55
            Display Name: MaxDampStrengthZ
            Internal Name: MaxDampStrengthZ
            Type: Number
            Min Limit: 0.000000
            Max Limit: 100.000000
            Is Animatable: false
            Is Temporary: false
            Default Value: 0.000000
        Property 56
            Display Name: PreferedAngleX
            Internal Name: PreferedAngleX
            Type: Number
            Min Limit: 0.000000
            Max Limit: 100.000000
            Is Animatable: false
            Is Temporary: false
            Default Value: 0.000000
        Property 57
            Display Name: PreferedAngleY
            Internal Name: PreferedAngleY
            Type: Number
            Min Limit: 0.000000
            Max Limit: 100.000000
            Is Animatable: false
            Is Temporary: false
            Default Value: 0.000000
        Property 58
            Display Name: PreferedAngleZ
            Internal Name: PreferedAngleZ
            Type: Number
            Min Limit: 0.000000
            Max Limit: 100.000000
            Is Animatable: false
            Is Temporary: false
            Default Value: 0.000000
        Property 59
            Display Name: LookAtProperty
            Internal Name: LookAtProperty
            Type: object
            Min Limit: 0.000000
            Max Limit: 100.000000
            Is Animatable: false
            Is Temporary: false
            Default Value: UNIDENTIFIED
        Property 60
            Display Name: UpVectorProperty
            Internal Name: UpVectorProperty
            Type: object
            Min Limit: 0.000000
            Max Limit: 100.000000
            Is Animatable: false
            Is Temporary: false
            Default Value: UNIDENTIFIED
        Property 61
            Display Name: Show
            Internal Name: Show
            Type: Bool
            Min Limit: 0.000000
            Max Limit: 100.000000
            Is Animatable: false
            Is Temporary: false
            Default Value: true
        Property 62
            Display Name: NegativePercentShapeSupport
            Internal Name: NegativePercentShapeSupport
            Type: Bool
            Min Limit: 0.000000
            Max Limit: 100.000000
            Is Animatable: false
            Is Temporary: false
            Default Value: true
        Property 63
            Display Name: DefaultAttributeIndex
            Internal Name: DefaultAttributeIndex
            Type: Integer
            Min Limit: 0.000000
            Max Limit: 100.000000
            Is Animatable: false
            Is Temporary: false
            Default Value: 0
        Property 64
            Display Name: Lcl Translation
            Internal Name: Lcl Translation
            Type: Lcl Translation
            Min Limit: 0.000000
            Max Limit: 100.000000
            Is Animatable: true
            Is Temporary: false
            Default Value: X=0.000000, Y=0.000000, Z=0.000000
        Property 65
            Display Name: Lcl Rotation
            Internal Name: Lcl Rotation
            Type: Lcl Rotation
            Min Limit: 0.000000
            Max Limit: 100.000000
            Is Animatable: true
            Is Temporary: false
            Default Value: X=0.000000, Y=0.000000, Z=0.000000
        Property 66
            Display Name: Lcl Scaling
            Internal Name: Lcl Scaling
            Type: Lcl Scaling
            Min Limit: 0.000000
            Max Limit: 100.000000
            Is Animatable: true
            Is Temporary: false
            Default Value: X=1.000000, Y=1.000000, Z=1.000000
        Property 67
            Display Name: Visibility
            Internal Name: Visibility
            Type: Visibility
            Min Limit: 0.000000
            Max Limit: 100.000000
            Is Animatable: true
            Is Temporary: false
            Default Value: 1.000000

branch_01

Name: branch_01
    Property Count: 68
        Property 0
            Display Name: QuaternionInterpolate
            Internal Name: QuaternionInterpolate
            Type: Bool
            Min Limit: 0.000000
            Max Limit: 100.000000
            Is Animatable: false
            Is Temporary: false
            Default Value: false
        Property 1
            Display Name: RotationOffset
            Internal Name: RotationOffset
            Type: Vector
            Min Limit: 0.000000
            Max Limit: 100.000000
            Is Animatable: false
            Is Temporary: false
            Default Value: X=0.000000, Y=0.000000, Z=0.000000
        Property 2
            Display Name: RotationPivot
            Internal Name: RotationPivot
            Type: Vector
            Min Limit: 0.000000
            Max Limit: 100.000000
            Is Animatable: false
            Is Temporary: false
            Default Value: X=3925.923449, Y=65.507520, Z=62.571703
        Property 3
            Display Name: ScalingOffset
            Internal Name: ScalingOffset
            Type: Vector
            Min Limit: 0.000000
            Max Limit: 100.000000
            Is Animatable: false
            Is Temporary: false
            Default Value: X=0.000000, Y=0.000000, Z=0.000000
        Property 4
            Display Name: ScalingPivot
            Internal Name: ScalingPivot
            Type: Vector
            Min Limit: 0.000000
            Max Limit: 100.000000
            Is Animatable: false
            Is Temporary: false
            Default Value: X=3925.923449, Y=65.507520, Z=62.571703
        Property 5
            Display Name: TranslationActive
            Internal Name: TranslationActive
            Type: Bool
            Min Limit: 0.000000
            Max Limit: 100.000000
            Is Animatable: false
            Is Temporary: false
            Default Value: false
        Property 6
            Display Name: TranslationMin
            Internal Name: TranslationMin
            Type: Vector
            Min Limit: 0.000000
            Max Limit: 100.000000
            Is Animatable: false
            Is Temporary: false
            Default Value: X=0.000000, Y=0.000000, Z=0.000000
        Property 7
            Display Name: TranslationMax
            Internal Name: TranslationMax
            Type: Vector
            Min Limit: 0.000000
            Max Limit: 100.000000
            Is Animatable: false
            Is Temporary: false
            Default Value: X=0.000000, Y=0.000000, Z=0.000000
        Property 8
            Display Name: TranslationMinX
            Internal Name: TranslationMinX
            Type: Bool
            Min Limit: 0.000000
            Max Limit: 100.000000
            Is Animatable: false
            Is Temporary: false
            Default Value: false
        Property 9
            Display Name: TranslationMinY
            Internal Name: TranslationMinY
            Type: Bool
            Min Limit: 0.000000
            Max Limit: 100.000000
            Is Animatable: false
            Is Temporary: false
            Default Value: false
        Property 10
            Display Name: TranslationMinZ
            Internal Name: TranslationMinZ
            Type: Bool
            Min Limit: 0.000000
            Max Limit: 100.000000
            Is Animatable: false
            Is Temporary: false
            Default Value: false
        Property 11
            Display Name: TranslationMaxX
            Internal Name: TranslationMaxX
            Type: Bool
            Min Limit: 0.000000
            Max Limit: 100.000000
            Is Animatable: false
            Is Temporary: false
            Default Value: false
        Property 12
            Display Name: TranslationMaxY
            Internal Name: TranslationMaxY
            Type: Bool
            Min Limit: 0.000000
            Max Limit: 100.000000
            Is Animatable: false
            Is Temporary: false
            Default Value: false
        Property 13
            Display Name: TranslationMaxZ
            Internal Name: TranslationMaxZ
            Type: Bool
            Min Limit: 0.000000
            Max Limit: 100.000000
            Is Animatable: false
            Is Temporary: false
            Default Value: false
        Property 14
            Display Name: RotationOrder
            Internal Name: RotationOrder
            Type: Enum
            Min Limit: 0.000000
            Max Limit: 100.000000
            Is Animatable: false
            Is Temporary: false
            Default Value: UNIDENTIFIED
        Property 15
            Display Name: RotationSpaceForLimitOnly
            Internal Name: RotationSpaceForLimitOnly
            Type: Bool
            Min Limit: 0.000000
            Max Limit: 100.000000
            Is Animatable: false
            Is Temporary: false
            Default Value: false
        Property 16
            Display Name: RotationStiffnessX
            Internal Name: RotationStiffnessX
            Type: Number
            Min Limit: 0.000000
            Max Limit: 100.000000
            Is Animatable: false
            Is Temporary: false
            Default Value: 0.000000
        Property 17
            Display Name: RotationStiffnessY
            Internal Name: RotationStiffnessY
            Type: Number
            Min Limit: 0.000000
            Max Limit: 100.000000
            Is Animatable: false
            Is Temporary: false
            Default Value: 0.000000
        Property 18
            Display Name: RotationStiffnessZ
            Internal Name: RotationStiffnessZ
            Type: Number
            Min Limit: 0.000000
            Max Limit: 100.000000
            Is Animatable: false
            Is Temporary: false
            Default Value: 0.000000
        Property 19
            Display Name: AxisLen
            Internal Name: AxisLen
            Type: Number
            Min Limit: 0.000000
            Max Limit: 100.000000
            Is Animatable: false
            Is Temporary: false
            Default Value: 10.000000
        Property 20
            Display Name: PreRotation
            Internal Name: PreRotation
            Type: Vector
            Min Limit: 0.000000
            Max Limit: 100.000000
            Is Animatable: false
            Is Temporary: false
            Default Value: X=0.000000, Y=0.000000, Z=0.000000
        Property 21
            Display Name: PostRotation
            Internal Name: PostRotation
            Type: Vector
            Min Limit: 0.000000
            Max Limit: 100.000000
            Is Animatable: false
            Is Temporary: false
            Default Value: X=0.000000, Y=-0.000000, Z=0.000000
        Property 22
            Display Name: RotationActive
            Internal Name: RotationActive
            Type: Bool
            Min Limit: 0.000000
            Max Limit: 100.000000
            Is Animatable: false
            Is Temporary: false
            Default Value: true
        Property 23
            Display Name: RotationMin
            Internal Name: RotationMin
            Type: Vector
            Min Limit: 0.000000
            Max Limit: 100.000000
            Is Animatable: false
            Is Temporary: false
            Default Value: X=0.000000, Y=0.000000, Z=0.000000
        Property 24
            Display Name: RotationMax
            Internal Name: RotationMax
            Type: Vector
            Min Limit: 0.000000
            Max Limit: 100.000000
            Is Animatable: false
            Is Temporary: false
            Default Value: X=0.000000, Y=0.000000, Z=0.000000
        Property 25
            Display Name: RotationMinX
            Internal Name: RotationMinX
            Type: Bool
            Min Limit: 0.000000
            Max Limit: 100.000000
            Is Animatable: false
            Is Temporary: false
            Default Value: false
        Property 26
            Display Name: RotationMinY
            Internal Name: RotationMinY
            Type: Bool
            Min Limit: 0.000000
            Max Limit: 100.000000
            Is Animatable: false
            Is Temporary: false
            Default Value: false
        Property 27
            Display Name: RotationMinZ
            Internal Name: RotationMinZ
            Type: Bool
            Min Limit: 0.000000
            Max Limit: 100.000000
            Is Animatable: false
            Is Temporary: false
            Default Value: false
        Property 28
            Display Name: RotationMaxX
            Internal Name: RotationMaxX
            Type: Bool
            Min Limit: 0.000000
            Max Limit: 100.000000
            Is Animatable: false
            Is Temporary: false
            Default Value: false
        Property 29
            Display Name: RotationMaxY
            Internal Name: RotationMaxY
            Type: Bool
            Min Limit: 0.000000
            Max Limit: 100.000000
            Is Animatable: false
            Is Temporary: false
            Default Value: false
        Property 30
            Display Name: RotationMaxZ
            Internal Name: RotationMaxZ
            Type: Bool
            Min Limit: 0.000000
            Max Limit: 100.000000
            Is Animatable: false
            Is Temporary: false
            Default Value: false
        Property 31
            Display Name: InheritType
            Internal Name: InheritType
            Type: Enum
            Min Limit: 0.000000
            Max Limit: 100.000000
            Is Animatable: false
            Is Temporary: false
            Default Value: UNIDENTIFIED
        Property 32
            Display Name: ScalingActive
            Internal Name: ScalingActive
            Type: Bool
            Min Limit: 0.000000
            Max Limit: 100.000000
            Is Animatable: false
            Is Temporary: false
            Default Value: false
        Property 33
            Display Name: ScalingMin
            Internal Name: ScalingMin
            Type: Vector
            Min Limit: 0.000000
            Max Limit: 100.000000
            Is Animatable: false
            Is Temporary: false
            Default Value: X=0.000000, Y=0.000000, Z=0.000000
        Property 34
            Display Name: ScalingMax
            Internal Name: ScalingMax
            Type: Vector
            Min Limit: 0.000000
            Max Limit: 100.000000
            Is Animatable: false
            Is Temporary: false
            Default Value: X=0.000000, Y=0.000000, Z=0.000000
        Property 35
            Display Name: ScalingMinX
            Internal Name: ScalingMinX
            Type: Bool
            Min Limit: 0.000000
            Max Limit: 100.000000
            Is Animatable: false
            Is Temporary: false
            Default Value: false
        Property 36
            Display Name: ScalingMinY
            Internal Name: ScalingMinY
            Type: Bool
            Min Limit: 0.000000
            Max Limit: 100.000000
            Is Animatable: false
            Is Temporary: false
            Default Value: false
        Property 37
            Display Name: ScalingMinZ
            Internal Name: ScalingMinZ
            Type: Bool
            Min Limit: 0.000000
            Max Limit: 100.000000
            Is Animatable: false
            Is Temporary: false
            Default Value: false
        Property 38
            Display Name: ScalingMaxX
            Internal Name: ScalingMaxX
            Type: Bool
            Min Limit: 0.000000
            Max Limit: 100.000000
            Is Animatable: false
            Is Temporary: false
            Default Value: false
        Property 39
            Display Name: ScalingMaxY
            Internal Name: ScalingMaxY
            Type: Bool
            Min Limit: 0.000000
            Max Limit: 100.000000
            Is Animatable: false
            Is Temporary: false
            Default Value: false
        Property 40
            Display Name: ScalingMaxZ
            Internal Name: ScalingMaxZ
            Type: Bool
            Min Limit: 0.000000
            Max Limit: 100.000000
            Is Animatable: false
            Is Temporary: false
            Default Value: false
        Property 41
            Display Name: GeometricTranslation
            Internal Name: GeometricTranslation
            Type: Vector
            Min Limit: 0.000000
            Max Limit: 100.000000
            Is Animatable: false
            Is Temporary: false
            Default Value: X=0.000000, Y=0.000000, Z=0.000000
        Property 42
            Display Name: GeometricRotation
            Internal Name: GeometricRotation
            Type: Vector
            Min Limit: 0.000000
            Max Limit: 100.000000
            Is Animatable: false
            Is Temporary: false
            Default Value: X=0.000000, Y=0.000000, Z=0.000000
        Property 43
            Display Name: GeometricScaling
            Internal Name: GeometricScaling
            Type: Vector
            Min Limit: 0.000000
            Max Limit: 100.000000
            Is Animatable: false
            Is Temporary: false
            Default Value: X=1.000000, Y=1.000000, Z=1.000000
        Property 44
            Display Name: MinDampRangeX
            Internal Name: MinDampRangeX
            Type: Number
            Min Limit: 0.000000
            Max Limit: 100.000000
            Is Animatable: false
            Is Temporary: false
            Default Value: 0.000000
        Property 45
            Display Name: MinDampRangeY
            Internal Name: MinDampRangeY
            Type: Number
            Min Limit: 0.000000
            Max Limit: 100.000000
            Is Animatable: false
            Is Temporary: false
            Default Value: 0.000000
        Property 46
            Display Name: MinDampRangeZ
            Internal Name: MinDampRangeZ
            Type: Number
            Min Limit: 0.000000
            Max Limit: 100.000000
            Is Animatable: false
            Is Temporary: false
            Default Value: 0.000000
        Property 47
            Display Name: MaxDampRangeX
            Internal Name: MaxDampRangeX
            Type: Number
            Min Limit: 0.000000
            Max Limit: 100.000000
            Is Animatable: false
            Is Temporary: false
            Default Value: 0.000000
        Property 48
            Display Name: MaxDampRangeY
            Internal Name: MaxDampRangeY
            Type: Number
            Min Limit: 0.000000
            Max Limit: 100.000000
            Is Animatable: false
            Is Temporary: false
            Default Value: 0.000000
        Property 49
            Display Name: MaxDampRangeZ
            Internal Name: MaxDampRangeZ
            Type: Number
            Min Limit: 0.000000
            Max Limit: 100.000000
            Is Animatable: false
            Is Temporary: false
            Default Value: 0.000000
        Property 50
            Display Name: MinDampStrengthX
            Internal Name: MinDampStrengthX
            Type: Number
            Min Limit: 0.000000
            Max Limit: 100.000000
            Is Animatable: false
            Is Temporary: false
            Default Value: 0.000000
        Property 51
            Display Name: MinDampStrengthY
            Internal Name: MinDampStrengthY
            Type: Number
            Min Limit: 0.000000
            Max Limit: 100.000000
            Is Animatable: false
            Is Temporary: false
            Default Value: 0.000000
        Property 52
            Display Name: MinDampStrengthZ
            Internal Name: MinDampStrengthZ
            Type: Number
            Min Limit: 0.000000
            Max Limit: 100.000000
            Is Animatable: false
            Is Temporary: false
            Default Value: 0.000000
        Property 53
            Display Name: MaxDampStrengthX
            Internal Name: MaxDampStrengthX
            Type: Number
            Min Limit: 0.000000
            Max Limit: 100.000000
            Is Animatable: false
            Is Temporary: false
            Default Value: 0.000000
        Property 54
            Display Name: MaxDampStrengthY
            Internal Name: MaxDampStrengthY
            Type: Number
            Min Limit: 0.000000
            Max Limit: 100.000000
            Is Animatable: false
            Is Temporary: false
            Default Value: 0.000000
        Property 55
            Display Name: MaxDampStrengthZ
            Internal Name: MaxDampStrengthZ
            Type: Number
            Min Limit: 0.000000
            Max Limit: 100.000000
            Is Animatable: false
            Is Temporary: false
            Default Value: 0.000000
        Property 56
            Display Name: PreferedAngleX
            Internal Name: PreferedAngleX
            Type: Number
            Min Limit: 0.000000
            Max Limit: 100.000000
            Is Animatable: false
            Is Temporary: false
            Default Value: 0.000000
        Property 57
            Display Name: PreferedAngleY
            Internal Name: PreferedAngleY
            Type: Number
            Min Limit: 0.000000
            Max Limit: 100.000000
            Is Animatable: false
            Is Temporary: false
            Default Value: 0.000000
        Property 58
            Display Name: PreferedAngleZ
            Internal Name: PreferedAngleZ
            Type: Number
            Min Limit: 0.000000
            Max Limit: 100.000000
            Is Animatable: false
            Is Temporary: false
            Default Value: 0.000000
        Property 59
            Display Name: LookAtProperty
            Internal Name: LookAtProperty
            Type: object
            Min Limit: 0.000000
            Max Limit: 100.000000
            Is Animatable: false
            Is Temporary: false
            Default Value: UNIDENTIFIED
        Property 60
            Display Name: UpVectorProperty
            Internal Name: UpVectorProperty
            Type: object
            Min Limit: 0.000000
            Max Limit: 100.000000
            Is Animatable: false
            Is Temporary: false
            Default Value: UNIDENTIFIED
        Property 61
            Display Name: Show
            Internal Name: Show
            Type: Bool
            Min Limit: 0.000000
            Max Limit: 100.000000
            Is Animatable: false
            Is Temporary: false
            Default Value: true
        Property 62
            Display Name: NegativePercentShapeSupport
            Internal Name: NegativePercentShapeSupport
            Type: Bool
            Min Limit: 0.000000
            Max Limit: 100.000000
            Is Animatable: false
            Is Temporary: false
            Default Value: true
        Property 63
            Display Name: DefaultAttributeIndex
            Internal Name: DefaultAttributeIndex
            Type: Integer
            Min Limit: 0.000000
            Max Limit: 100.000000
            Is Animatable: false
            Is Temporary: false
            Default Value: 0
        Property 64
            Display Name: Lcl Translation
            Internal Name: Lcl Translation
            Type: Lcl Translation
            Min Limit: 0.000000
            Max Limit: 100.000000
            Is Animatable: true
            Is Temporary: false
            Default Value: X=0.000000, Y=0.000000, Z=0.000000
        Property 65
            Display Name: Lcl Rotation
            Internal Name: Lcl Rotation
            Type: Lcl Rotation
            Min Limit: 0.000000
            Max Limit: 100.000000
            Is Animatable: true
            Is Temporary: false
            Default Value: X=0.000000, Y=0.000000, Z=0.000000
        Property 66
            Display Name: Lcl Scaling
            Internal Name: Lcl Scaling
            Type: Lcl Scaling
            Min Limit: 0.000000
            Max Limit: 100.000000
            Is Animatable: true
            Is Temporary: false
            Default Value: X=1.000000, Y=1.000000, Z=1.000000
        Property 67
            Display Name: Visibility
            Internal Name: Visibility
            Type: Visibility
            Min Limit: 0.000000
            Max Limit: 100.000000
            Is Animatable: true
            Is Temporary: false
            Default Value: 1.000000

branch_02

Name: branch_02
    Property Count: 68
        Property 0
            Display Name: QuaternionInterpolate
            Internal Name: QuaternionInterpolate
            Type: Bool
            Min Limit: 0.000000
            Max Limit: 100.000000
            Is Animatable: false
            Is Temporary: false
            Default Value: false
        Property 1
            Display Name: RotationOffset
            Internal Name: RotationOffset
            Type: Vector
            Min Limit: 0.000000
            Max Limit: 100.000000
            Is Animatable: false
            Is Temporary: false
            Default Value: X=0.000000, Y=0.000000, Z=0.000000
        Property 2
            Display Name: RotationPivot
            Internal Name: RotationPivot
            Type: Vector
            Min Limit: 0.000000
            Max Limit: 100.000000
            Is Animatable: false
            Is Temporary: false
            Default Value: X=4102.528818, Y=125.879848, Z=-29.180996
        Property 3
            Display Name: ScalingOffset
            Internal Name: ScalingOffset
            Type: Vector
            Min Limit: 0.000000
            Max Limit: 100.000000
            Is Animatable: false
            Is Temporary: false
            Default Value: X=0.000000, Y=0.000000, Z=0.000000
        Property 4
            Display Name: ScalingPivot
            Internal Name: ScalingPivot
            Type: Vector
            Min Limit: 0.000000
            Max Limit: 100.000000
            Is Animatable: false
            Is Temporary: false
            Default Value: X=4102.528818, Y=125.879848, Z=-29.180996
        Property 5
            Display Name: TranslationActive
            Internal Name: TranslationActive
            Type: Bool
            Min Limit: 0.000000
            Max Limit: 100.000000
            Is Animatable: false
            Is Temporary: false
            Default Value: false
        Property 6
            Display Name: TranslationMin
            Internal Name: TranslationMin
            Type: Vector
            Min Limit: 0.000000
            Max Limit: 100.000000
            Is Animatable: false
            Is Temporary: false
            Default Value: X=0.000000, Y=0.000000, Z=0.000000
        Property 7
            Display Name: TranslationMax
            Internal Name: TranslationMax
            Type: Vector
            Min Limit: 0.000000
            Max Limit: 100.000000
            Is Animatable: false
            Is Temporary: false
            Default Value: X=0.000000, Y=0.000000, Z=0.000000
        Property 8
            Display Name: TranslationMinX
            Internal Name: TranslationMinX
            Type: Bool
            Min Limit: 0.000000
            Max Limit: 100.000000
            Is Animatable: false
            Is Temporary: false
            Default Value: false
        Property 9
            Display Name: TranslationMinY
            Internal Name: TranslationMinY
            Type: Bool
            Min Limit: 0.000000
            Max Limit: 100.000000
            Is Animatable: false
            Is Temporary: false
            Default Value: false
        Property 10
            Display Name: TranslationMinZ
            Internal Name: TranslationMinZ
            Type: Bool
            Min Limit: 0.000000
            Max Limit: 100.000000
            Is Animatable: false
            Is Temporary: false
            Default Value: false
        Property 11
            Display Name: TranslationMaxX
            Internal Name: TranslationMaxX
            Type: Bool
            Min Limit: 0.000000
            Max Limit: 100.000000
            Is Animatable: false
            Is Temporary: false
            Default Value: false
        Property 12
            Display Name: TranslationMaxY
            Internal Name: TranslationMaxY
            Type: Bool
            Min Limit: 0.000000
            Max Limit: 100.000000
            Is Animatable: false
            Is Temporary: false
            Default Value: false
        Property 13
            Display Name: TranslationMaxZ
            Internal Name: TranslationMaxZ
            Type: Bool
            Min Limit: 0.000000
            Max Limit: 100.000000
            Is Animatable: false
            Is Temporary: false
            Default Value: false
        Property 14
            Display Name: RotationOrder
            Internal Name: RotationOrder
            Type: Enum
            Min Limit: 0.000000
            Max Limit: 100.000000
            Is Animatable: false
            Is Temporary: false
            Default Value: UNIDENTIFIED
        Property 15
            Display Name: RotationSpaceForLimitOnly
            Internal Name: RotationSpaceForLimitOnly
            Type: Bool
            Min Limit: 0.000000
            Max Limit: 100.000000
            Is Animatable: false
            Is Temporary: false
            Default Value: false
        Property 16
            Display Name: RotationStiffnessX
            Internal Name: RotationStiffnessX
            Type: Number
            Min Limit: 0.000000
            Max Limit: 100.000000
            Is Animatable: false
            Is Temporary: false
            Default Value: 0.000000
        Property 17
            Display Name: RotationStiffnessY
            Internal Name: RotationStiffnessY
            Type: Number
            Min Limit: 0.000000
            Max Limit: 100.000000
            Is Animatable: false
            Is Temporary: false
            Default Value: 0.000000
        Property 18
            Display Name: RotationStiffnessZ
            Internal Name: RotationStiffnessZ
            Type: Number
            Min Limit: 0.000000
            Max Limit: 100.000000
            Is Animatable: false
            Is Temporary: false
            Default Value: 0.000000
        Property 19
            Display Name: AxisLen
            Internal Name: AxisLen
            Type: Number
            Min Limit: 0.000000
            Max Limit: 100.000000
            Is Animatable: false
            Is Temporary: false
            Default Value: 10.000000
        Property 20
            Display Name: PreRotation
            Internal Name: PreRotation
            Type: Vector
            Min Limit: 0.000000
            Max Limit: 100.000000
            Is Animatable: false
            Is Temporary: false
            Default Value: X=0.000000, Y=0.000000, Z=0.000000
        Property 21
            Display Name: PostRotation
            Internal Name: PostRotation
            Type: Vector
            Min Limit: 0.000000
            Max Limit: 100.000000
            Is Animatable: false
            Is Temporary: false
            Default Value: X=0.000000, Y=-0.000000, Z=0.000000
        Property 22
            Display Name: RotationActive
            Internal Name: RotationActive
            Type: Bool
            Min Limit: 0.000000
            Max Limit: 100.000000
            Is Animatable: false
            Is Temporary: false
            Default Value: true
        Property 23
            Display Name: RotationMin
            Internal Name: RotationMin
            Type: Vector
            Min Limit: 0.000000
            Max Limit: 100.000000
            Is Animatable: false
            Is Temporary: false
            Default Value: X=0.000000, Y=0.000000, Z=0.000000
        Property 24
            Display Name: RotationMax
            Internal Name: RotationMax
            Type: Vector
            Min Limit: 0.000000
            Max Limit: 100.000000
            Is Animatable: false
            Is Temporary: false
            Default Value: X=0.000000, Y=0.000000, Z=0.000000
        Property 25
            Display Name: RotationMinX
            Internal Name: RotationMinX
            Type: Bool
            Min Limit: 0.000000
            Max Limit: 100.000000
            Is Animatable: false
            Is Temporary: false
            Default Value: false
        Property 26
            Display Name: RotationMinY
            Internal Name: RotationMinY
            Type: Bool
            Min Limit: 0.000000
            Max Limit: 100.000000
            Is Animatable: false
            Is Temporary: false
            Default Value: false
        Property 27
            Display Name: RotationMinZ
            Internal Name: RotationMinZ
            Type: Bool
            Min Limit: 0.000000
            Max Limit: 100.000000
            Is Animatable: false
            Is Temporary: false
            Default Value: false
        Property 28
            Display Name: RotationMaxX
            Internal Name: RotationMaxX
            Type: Bool
            Min Limit: 0.000000
            Max Limit: 100.000000
            Is Animatable: false
            Is Temporary: false
            Default Value: false
        Property 29
            Display Name: RotationMaxY
            Internal Name: RotationMaxY
            Type: Bool
            Min Limit: 0.000000
            Max Limit: 100.000000
            Is Animatable: false
            Is Temporary: false
            Default Value: false
        Property 30
            Display Name: RotationMaxZ
            Internal Name: RotationMaxZ
            Type: Bool
            Min Limit: 0.000000
            Max Limit: 100.000000
            Is Animatable: false
            Is Temporary: false
            Default Value: false
        Property 31
            Display Name: InheritType
            Internal Name: InheritType
            Type: Enum
            Min Limit: 0.000000
            Max Limit: 100.000000
            Is Animatable: false
            Is Temporary: false
            Default Value: UNIDENTIFIED
        Property 32
            Display Name: ScalingActive
            Internal Name: ScalingActive
            Type: Bool
            Min Limit: 0.000000
            Max Limit: 100.000000
            Is Animatable: false
            Is Temporary: false
            Default Value: false
        Property 33
            Display Name: ScalingMin
            Internal Name: ScalingMin
            Type: Vector
            Min Limit: 0.000000
            Max Limit: 100.000000
            Is Animatable: false
            Is Temporary: false
            Default Value: X=0.000000, Y=0.000000, Z=0.000000
        Property 34
            Display Name: ScalingMax
            Internal Name: ScalingMax
            Type: Vector
            Min Limit: 0.000000
            Max Limit: 100.000000
            Is Animatable: false
            Is Temporary: false
            Default Value: X=0.000000, Y=0.000000, Z=0.000000
        Property 35
            Display Name: ScalingMinX
            Internal Name: ScalingMinX
            Type: Bool
            Min Limit: 0.000000
            Max Limit: 100.000000
            Is Animatable: false
            Is Temporary: false
            Default Value: false
        Property 36
            Display Name: ScalingMinY
            Internal Name: ScalingMinY
            Type: Bool
            Min Limit: 0.000000
            Max Limit: 100.000000
            Is Animatable: false
            Is Temporary: false
            Default Value: false
        Property 37
            Display Name: ScalingMinZ
            Internal Name: ScalingMinZ
            Type: Bool
            Min Limit: 0.000000
            Max Limit: 100.000000
            Is Animatable: false
            Is Temporary: false
            Default Value: false
        Property 38
            Display Name: ScalingMaxX
            Internal Name: ScalingMaxX
            Type: Bool
            Min Limit: 0.000000
            Max Limit: 100.000000
            Is Animatable: false
            Is Temporary: false
            Default Value: false
        Property 39
            Display Name: ScalingMaxY
            Internal Name: ScalingMaxY
            Type: Bool
            Min Limit: 0.000000
            Max Limit: 100.000000
            Is Animatable: false
            Is Temporary: false
            Default Value: false
        Property 40
            Display Name: ScalingMaxZ
            Internal Name: ScalingMaxZ
            Type: Bool
            Min Limit: 0.000000
            Max Limit: 100.000000
            Is Animatable: false
            Is Temporary: false
            Default Value: false
        Property 41
            Display Name: GeometricTranslation
            Internal Name: GeometricTranslation
            Type: Vector
            Min Limit: 0.000000
            Max Limit: 100.000000
            Is Animatable: false
            Is Temporary: false
            Default Value: X=0.000000, Y=0.000000, Z=0.000000
        Property 42
            Display Name: GeometricRotation
            Internal Name: GeometricRotation
            Type: Vector
            Min Limit: 0.000000
            Max Limit: 100.000000
            Is Animatable: false
            Is Temporary: false
            Default Value: X=0.000000, Y=0.000000, Z=0.000000
        Property 43
            Display Name: GeometricScaling
            Internal Name: GeometricScaling
            Type: Vector
            Min Limit: 0.000000
            Max Limit: 100.000000
            Is Animatable: false
            Is Temporary: false
            Default Value: X=1.000000, Y=1.000000, Z=1.000000
        Property 44
            Display Name: MinDampRangeX
            Internal Name: MinDampRangeX
            Type: Number
            Min Limit: 0.000000
            Max Limit: 100.000000
            Is Animatable: false
            Is Temporary: false
            Default Value: 0.000000
        Property 45
            Display Name: MinDampRangeY
            Internal Name: MinDampRangeY
            Type: Number
            Min Limit: 0.000000
            Max Limit: 100.000000
            Is Animatable: false
            Is Temporary: false
            Default Value: 0.000000
        Property 46
            Display Name: MinDampRangeZ
            Internal Name: MinDampRangeZ
            Type: Number
            Min Limit: 0.000000
            Max Limit: 100.000000
            Is Animatable: false
            Is Temporary: false
            Default Value: 0.000000
        Property 47
            Display Name: MaxDampRangeX
            Internal Name: MaxDampRangeX
            Type: Number
            Min Limit: 0.000000
            Max Limit: 100.000000
            Is Animatable: false
            Is Temporary: false
            Default Value: 0.000000
        Property 48
            Display Name: MaxDampRangeY
            Internal Name: MaxDampRangeY
            Type: Number
            Min Limit: 0.000000
            Max Limit: 100.000000
            Is Animatable: false
            Is Temporary: false
            Default Value: 0.000000
        Property 49
            Display Name: MaxDampRangeZ
            Internal Name: MaxDampRangeZ
            Type: Number
            Min Limit: 0.000000
            Max Limit: 100.000000
            Is Animatable: false
            Is Temporary: false
            Default Value: 0.000000
        Property 50
            Display Name: MinDampStrengthX
            Internal Name: MinDampStrengthX
            Type: Number
            Min Limit: 0.000000
            Max Limit: 100.000000
            Is Animatable: false
            Is Temporary: false
            Default Value: 0.000000
        Property 51
            Display Name: MinDampStrengthY
            Internal Name: MinDampStrengthY
            Type: Number
            Min Limit: 0.000000
            Max Limit: 100.000000
            Is Animatable: false
            Is Temporary: false
            Default Value: 0.000000
        Property 52
            Display Name: MinDampStrengthZ
            Internal Name: MinDampStrengthZ
            Type: Number
            Min Limit: 0.000000
            Max Limit: 100.000000
            Is Animatable: false
            Is Temporary: false
            Default Value: 0.000000
        Property 53
            Display Name: MaxDampStrengthX
            Internal Name: MaxDampStrengthX
            Type: Number
            Min Limit: 0.000000
            Max Limit: 100.000000
            Is Animatable: false
            Is Temporary: false
            Default Value: 0.000000
        Property 54
            Display Name: MaxDampStrengthY
            Internal Name: MaxDampStrengthY
            Type: Number
            Min Limit: 0.000000
            Max Limit: 100.000000
            Is Animatable: false
            Is Temporary: false
            Default Value: 0.000000
        Property 55
            Display Name: MaxDampStrengthZ
            Internal Name: MaxDampStrengthZ
            Type: Number
            Min Limit: 0.000000
            Max Limit: 100.000000
            Is Animatable: false
            Is Temporary: false
            Default Value: 0.000000
        Property 56
            Display Name: PreferedAngleX
            Internal Name: PreferedAngleX
            Type: Number
            Min Limit: 0.000000
            Max Limit: 100.000000
            Is Animatable: false
            Is Temporary: false
            Default Value: 0.000000
        Property 57
            Display Name: PreferedAngleY
            Internal Name: PreferedAngleY
            Type: Number
            Min Limit: 0.000000
            Max Limit: 100.000000
            Is Animatable: false
            Is Temporary: false
            Default Value: 0.000000
        Property 58
            Display Name: PreferedAngleZ
            Internal Name: PreferedAngleZ
            Type: Number
            Min Limit: 0.000000
            Max Limit: 100.000000
            Is Animatable: false
            Is Temporary: false
            Default Value: 0.000000
        Property 59
            Display Name: LookAtProperty
            Internal Name: LookAtProperty
            Type: object
            Min Limit: 0.000000
            Max Limit: 100.000000
            Is Animatable: false
            Is Temporary: false
            Default Value: UNIDENTIFIED
        Property 60
            Display Name: UpVectorProperty
            Internal Name: UpVectorProperty
            Type: object
            Min Limit: 0.000000
            Max Limit: 100.000000
            Is Animatable: false
            Is Temporary: false
            Default Value: UNIDENTIFIED
        Property 61
            Display Name: Show
            Internal Name: Show
            Type: Bool
            Min Limit: 0.000000
            Max Limit: 100.000000
            Is Animatable: false
            Is Temporary: false
            Default Value: true
        Property 62
            Display Name: NegativePercentShapeSupport
            Internal Name: NegativePercentShapeSupport
            Type: Bool
            Min Limit: 0.000000
            Max Limit: 100.000000
            Is Animatable: false
            Is Temporary: false
            Default Value: true
        Property 63
            Display Name: DefaultAttributeIndex
            Internal Name: DefaultAttributeIndex
            Type: Integer
            Min Limit: 0.000000
            Max Limit: 100.000000
            Is Animatable: false
            Is Temporary: false
            Default Value: 0
        Property 64
            Display Name: Lcl Translation
            Internal Name: Lcl Translation
            Type: Lcl Translation
            Min Limit: 0.000000
            Max Limit: 100.000000
            Is Animatable: true
            Is Temporary: false
            Default Value: X=0.000000, Y=0.000000, Z=0.000000
        Property 65
            Display Name: Lcl Rotation
            Internal Name: Lcl Rotation
            Type: Lcl Rotation
            Min Limit: 0.000000
            Max Limit: 100.000000
            Is Animatable: true
            Is Temporary: false
            Default Value: X=0.000000, Y=0.000000, Z=0.000000
        Property 66
            Display Name: Lcl Scaling
            Internal Name: Lcl Scaling
            Type: Lcl Scaling
            Min Limit: 0.000000
            Max Limit: 100.000000
            Is Animatable: true
            Is Temporary: false
            Default Value: X=1.000000, Y=1.000000, Z=1.000000
        Property 67
            Display Name: Visibility
            Internal Name: Visibility
            Type: Visibility
            Min Limit: 0.000000
            Max Limit: 100.000000
            Is Animatable: true
            Is Temporary: false
            Default Value: 1.000000

branch_07

Name: branch_07
    Property Count: 68
        Property 0
            Display Name: QuaternionInterpolate
            Internal Name: QuaternionInterpolate
            Type: Bool
            Min Limit: 0.000000
            Max Limit: 100.000000
            Is Animatable: false
            Is Temporary: false
            Default Value: false
        Property 1
            Display Name: RotationOffset
            Internal Name: RotationOffset
            Type: Vector
            Min Limit: 0.000000
            Max Limit: 100.000000
            Is Animatable: false
            Is Temporary: false
            Default Value: X=0.000000, Y=0.000000, Z=0.000000
        Property 2
            Display Name: RotationPivot
            Internal Name: RotationPivot
            Type: Vector
            Min Limit: 0.000000
            Max Limit: 100.000000
            Is Animatable: false
            Is Temporary: false
            Default Value: X=4288.640941, Y=169.555358, Z=-134.643755
        Property 3
            Display Name: ScalingOffset
            Internal Name: ScalingOffset
            Type: Vector
            Min Limit: 0.000000
            Max Limit: 100.000000
            Is Animatable: false
            Is Temporary: false
            Default Value: X=0.000000, Y=0.000000, Z=0.000000
        Property 4
            Display Name: ScalingPivot
            Internal Name: ScalingPivot
            Type: Vector
            Min Limit: 0.000000
            Max Limit: 100.000000
            Is Animatable: false
            Is Temporary: false
            Default Value: X=4288.640941, Y=169.555358, Z=-134.643755
        Property 5
            Display Name: TranslationActive
            Internal Name: TranslationActive
            Type: Bool
            Min Limit: 0.000000
            Max Limit: 100.000000
            Is Animatable: false
            Is Temporary: false
            Default Value: false
        Property 6
            Display Name: TranslationMin
            Internal Name: TranslationMin
            Type: Vector
            Min Limit: 0.000000
            Max Limit: 100.000000
            Is Animatable: false
            Is Temporary: false
            Default Value: X=0.000000, Y=0.000000, Z=0.000000
        Property 7
            Display Name: TranslationMax
            Internal Name: TranslationMax
            Type: Vector
            Min Limit: 0.000000
            Max Limit: 100.000000
            Is Animatable: false
            Is Temporary: false
            Default Value: X=0.000000, Y=0.000000, Z=0.000000
        Property 8
            Display Name: TranslationMinX
            Internal Name: TranslationMinX
            Type: Bool
            Min Limit: 0.000000
            Max Limit: 100.000000
            Is Animatable: false
            Is Temporary: false
            Default Value: false
        Property 9
            Display Name: TranslationMinY
            Internal Name: TranslationMinY
            Type: Bool
            Min Limit: 0.000000
            Max Limit: 100.000000
            Is Animatable: false
            Is Temporary: false
            Default Value: false
        Property 10
            Display Name: TranslationMinZ
            Internal Name: TranslationMinZ
            Type: Bool
            Min Limit: 0.000000
            Max Limit: 100.000000
            Is Animatable: false
            Is Temporary: false
            Default Value: false
        Property 11
            Display Name: TranslationMaxX
            Internal Name: TranslationMaxX
            Type: Bool
            Min Limit: 0.000000
            Max Limit: 100.000000
            Is Animatable: false
            Is Temporary: false
            Default Value: false
        Property 12
            Display Name: TranslationMaxY
            Internal Name: TranslationMaxY
            Type: Bool
            Min Limit: 0.000000
            Max Limit: 100.000000
            Is Animatable: false
            Is Temporary: false
            Default Value: false
        Property 13
            Display Name: TranslationMaxZ
            Internal Name: TranslationMaxZ
            Type: Bool
            Min Limit: 0.000000
            Max Limit: 100.000000
            Is Animatable: false
            Is Temporary: false
            Default Value: false
        Property 14
            Display Name: RotationOrder
            Internal Name: RotationOrder
            Type: Enum
            Min Limit: 0.000000
            Max Limit: 100.000000
            Is Animatable: false
            Is Temporary: false
            Default Value: UNIDENTIFIED
        Property 15
            Display Name: RotationSpaceForLimitOnly
            Internal Name: RotationSpaceForLimitOnly
            Type: Bool
            Min Limit: 0.000000
            Max Limit: 100.000000
            Is Animatable: false
            Is Temporary: false
            Default Value: false
        Property 16
            Display Name: RotationStiffnessX
            Internal Name: RotationStiffnessX
            Type: Number
            Min Limit: 0.000000
            Max Limit: 100.000000
            Is Animatable: false
            Is Temporary: false
            Default Value: 0.000000
        Property 17
            Display Name: RotationStiffnessY
            Internal Name: RotationStiffnessY
            Type: Number
            Min Limit: 0.000000
            Max Limit: 100.000000
            Is Animatable: false
            Is Temporary: false
            Default Value: 0.000000
        Property 18
            Display Name: RotationStiffnessZ
            Internal Name: RotationStiffnessZ
            Type: Number
            Min Limit: 0.000000
            Max Limit: 100.000000
            Is Animatable: false
            Is Temporary: false
            Default Value: 0.000000
        Property 19
            Display Name: AxisLen
            Internal Name: AxisLen
            Type: Number
            Min Limit: 0.000000
            Max Limit: 100.000000
            Is Animatable: false
            Is Temporary: false
            Default Value: 10.000000
        Property 20
            Display Name: PreRotation
            Internal Name: PreRotation
            Type: Vector
            Min Limit: 0.000000
            Max Limit: 100.000000
            Is Animatable: false
            Is Temporary: false
            Default Value: X=0.000000, Y=0.000000, Z=0.000000
        Property 21
            Display Name: PostRotation
            Internal Name: PostRotation
            Type: Vector
            Min Limit: 0.000000
            Max Limit: 100.000000
            Is Animatable: false
            Is Temporary: false
            Default Value: X=0.000000, Y=-0.000000, Z=0.000000
        Property 22
            Display Name: RotationActive
            Internal Name: RotationActive
            Type: Bool
            Min Limit: 0.000000
            Max Limit: 100.000000
            Is Animatable: false
            Is Temporary: false
            Default Value: true
        Property 23
            Display Name: RotationMin
            Internal Name: RotationMin
            Type: Vector
            Min Limit: 0.000000
            Max Limit: 100.000000
            Is Animatable: false
            Is Temporary: false
            Default Value: X=0.000000, Y=0.000000, Z=0.000000
        Property 24
            Display Name: RotationMax
            Internal Name: RotationMax
            Type: Vector
            Min Limit: 0.000000
            Max Limit: 100.000000
            Is Animatable: false
            Is Temporary: false
            Default Value: X=0.000000, Y=0.000000, Z=0.000000
        Property 25
            Display Name: RotationMinX
            Internal Name: RotationMinX
            Type: Bool
            Min Limit: 0.000000
            Max Limit: 100.000000
            Is Animatable: false
            Is Temporary: false
            Default Value: false
        Property 26
            Display Name: RotationMinY
            Internal Name: RotationMinY
            Type: Bool
            Min Limit: 0.000000
            Max Limit: 100.000000
            Is Animatable: false
            Is Temporary: false
            Default Value: false
        Property 27
            Display Name: RotationMinZ
            Internal Name: RotationMinZ
            Type: Bool
            Min Limit: 0.000000
            Max Limit: 100.000000
            Is Animatable: false
            Is Temporary: false
            Default Value: false
        Property 28
            Display Name: RotationMaxX
            Internal Name: RotationMaxX
            Type: Bool
            Min Limit: 0.000000
            Max Limit: 100.000000
            Is Animatable: false
            Is Temporary: false
            Default Value: false
        Property 29
            Display Name: RotationMaxY
            Internal Name: RotationMaxY
            Type: Bool
            Min Limit: 0.000000
            Max Limit: 100.000000
            Is Animatable: false
            Is Temporary: false
            Default Value: false
        Property 30
            Display Name: RotationMaxZ
            Internal Name: RotationMaxZ
            Type: Bool
            Min Limit: 0.000000
            Max Limit: 100.000000
            Is Animatable: false
            Is Temporary: false
            Default Value: false
        Property 31
            Display Name: InheritType
            Internal Name: InheritType
            Type: Enum
            Min Limit: 0.000000
            Max Limit: 100.000000
            Is Animatable: false
            Is Temporary: false
            Default Value: UNIDENTIFIED
        Property 32
            Display Name: ScalingActive
            Internal Name: ScalingActive
            Type: Bool
            Min Limit: 0.000000
            Max Limit: 100.000000
            Is Animatable: false
            Is Temporary: false
            Default Value: false
        Property 33
            Display Name: ScalingMin
            Internal Name: ScalingMin
            Type: Vector
            Min Limit: 0.000000
            Max Limit: 100.000000
            Is Animatable: false
            Is Temporary: false
            Default Value: X=0.000000, Y=0.000000, Z=0.000000
        Property 34
            Display Name: ScalingMax
            Internal Name: ScalingMax
            Type: Vector
            Min Limit: 0.000000
            Max Limit: 100.000000
            Is Animatable: false
            Is Temporary: false
            Default Value: X=0.000000, Y=0.000000, Z=0.000000
        Property 35
            Display Name: ScalingMinX
            Internal Name: ScalingMinX
            Type: Bool
            Min Limit: 0.000000
            Max Limit: 100.000000
            Is Animatable: false
            Is Temporary: false
            Default Value: false
        Property 36
            Display Name: ScalingMinY
            Internal Name: ScalingMinY
            Type: Bool
            Min Limit: 0.000000
            Max Limit: 100.000000
            Is Animatable: false
            Is Temporary: false
            Default Value: false
        Property 37
            Display Name: ScalingMinZ
            Internal Name: ScalingMinZ
            Type: Bool
            Min Limit: 0.000000
            Max Limit: 100.000000
            Is Animatable: false
            Is Temporary: false
            Default Value: false
        Property 38
            Display Name: ScalingMaxX
            Internal Name: ScalingMaxX
            Type: Bool
            Min Limit: 0.000000
            Max Limit: 100.000000
            Is Animatable: false
            Is Temporary: false
            Default Value: false
        Property 39
            Display Name: ScalingMaxY
            Internal Name: ScalingMaxY
            Type: Bool
            Min Limit: 0.000000
            Max Limit: 100.000000
            Is Animatable: false
            Is Temporary: false
            Default Value: false
        Property 40
            Display Name: ScalingMaxZ
            Internal Name: ScalingMaxZ
            Type: Bool
            Min Limit: 0.000000
            Max Limit: 100.000000
            Is Animatable: false
            Is Temporary: false
            Default Value: false
        Property 41
            Display Name: GeometricTranslation
            Internal Name: GeometricTranslation
            Type: Vector
            Min Limit: 0.000000
            Max Limit: 100.000000
            Is Animatable: false
            Is Temporary: false
            Default Value: X=0.000000, Y=0.000000, Z=0.000000
        Property 42
            Display Name: GeometricRotation
            Internal Name: GeometricRotation
            Type: Vector
            Min Limit: 0.000000
            Max Limit: 100.000000
            Is Animatable: false
            Is Temporary: false
            Default Value: X=0.000000, Y=0.000000, Z=0.000000
        Property 43
            Display Name: GeometricScaling
            Internal Name: GeometricScaling
            Type: Vector
            Min Limit: 0.000000
            Max Limit: 100.000000
            Is Animatable: false
            Is Temporary: false
            Default Value: X=1.000000, Y=1.000000, Z=1.000000
        Property 44
            Display Name: MinDampRangeX
            Internal Name: MinDampRangeX
            Type: Number
            Min Limit: 0.000000
            Max Limit: 100.000000
            Is Animatable: false
            Is Temporary: false
            Default Value: 0.000000
        Property 45
            Display Name: MinDampRangeY
            Internal Name: MinDampRangeY
            Type: Number
            Min Limit: 0.000000
            Max Limit: 100.000000
            Is Animatable: false
            Is Temporary: false
            Default Value: 0.000000
        Property 46
            Display Name: MinDampRangeZ
            Internal Name: MinDampRangeZ
            Type: Number
            Min Limit: 0.000000
            Max Limit: 100.000000
            Is Animatable: false
            Is Temporary: false
            Default Value: 0.000000
        Property 47
            Display Name: MaxDampRangeX
            Internal Name: MaxDampRangeX
            Type: Number
            Min Limit: 0.000000
            Max Limit: 100.000000
            Is Animatable: false
            Is Temporary: false
            Default Value: 0.000000
        Property 48
            Display Name: MaxDampRangeY
            Internal Name: MaxDampRangeY
            Type: Number
            Min Limit: 0.000000
            Max Limit: 100.000000
            Is Animatable: false
            Is Temporary: false
            Default Value: 0.000000
        Property 49
            Display Name: MaxDampRangeZ
            Internal Name: MaxDampRangeZ
            Type: Number
            Min Limit: 0.000000
            Max Limit: 100.000000
            Is Animatable: false
            Is Temporary: false
            Default Value: 0.000000
        Property 50
            Display Name: MinDampStrengthX
            Internal Name: MinDampStrengthX
            Type: Number
            Min Limit: 0.000000
            Max Limit: 100.000000
            Is Animatable: false
            Is Temporary: false
            Default Value: 0.000000
        Property 51
            Display Name: MinDampStrengthY
            Internal Name: MinDampStrengthY
            Type: Number
            Min Limit: 0.000000
            Max Limit: 100.000000
            Is Animatable: false
            Is Temporary: false
            Default Value: 0.000000
        Property 52
            Display Name: MinDampStrengthZ
            Internal Name: MinDampStrengthZ
            Type: Number
            Min Limit: 0.000000
            Max Limit: 100.000000
            Is Animatable: false
            Is Temporary: false
            Default Value: 0.000000
        Property 53
            Display Name: MaxDampStrengthX
            Internal Name: MaxDampStrengthX
            Type: Number
            Min Limit: 0.000000
            Max Limit: 100.000000
            Is Animatable: false
            Is Temporary: false
            Default Value: 0.000000
        Property 54
            Display Name: MaxDampStrengthY
            Internal Name: MaxDampStrengthY
            Type: Number
            Min Limit: 0.000000
            Max Limit: 100.000000
            Is Animatable: false
            Is Temporary: false
            Default Value: 0.000000
        Property 55
            Display Name: MaxDampStrengthZ
            Internal Name: MaxDampStrengthZ
            Type: Number
            Min Limit: 0.000000
            Max Limit: 100.000000
            Is Animatable: false
            Is Temporary: false
            Default Value: 0.000000
        Property 56
            Display Name: PreferedAngleX
            Internal Name: PreferedAngleX
            Type: Number
            Min Limit: 0.000000
            Max Limit: 100.000000
            Is Animatable: false
            Is Temporary: false
            Default Value: 0.000000
        Property 57
            Display Name: PreferedAngleY
            Internal Name: PreferedAngleY
            Type: Number
            Min Limit: 0.000000
            Max Limit: 100.000000
            Is Animatable: false
            Is Temporary: false
            Default Value: 0.000000
        Property 58
            Display Name: PreferedAngleZ
            Internal Name: PreferedAngleZ
            Type: Number
            Min Limit: 0.000000
            Max Limit: 100.000000
            Is Animatable: false
            Is Temporary: false
            Default Value: 0.000000
        Property 59
            Display Name: LookAtProperty
            Internal Name: LookAtProperty
            Type: object
            Min Limit: 0.000000
            Max Limit: 100.000000
            Is Animatable: false
            Is Temporary: false
            Default Value: UNIDENTIFIED
        Property 60
            Display Name: UpVectorProperty
            Internal Name: UpVectorProperty
            Type: object
            Min Limit: 0.000000
            Max Limit: 100.000000
            Is Animatable: false
            Is Temporary: false
            Default Value: UNIDENTIFIED
        Property 61
            Display Name: Show
            Internal Name: Show
            Type: Bool
            Min Limit: 0.000000
            Max Limit: 100.000000
            Is Animatable: false
            Is Temporary: false
            Default Value: true
        Property 62
            Display Name: NegativePercentShapeSupport
            Internal Name: NegativePercentShapeSupport
            Type: Bool
            Min Limit: 0.000000
            Max Limit: 100.000000
            Is Animatable: false
            Is Temporary: false
            Default Value: true
        Property 63
            Display Name: DefaultAttributeIndex
            Internal Name: DefaultAttributeIndex
            Type: Integer
            Min Limit: 0.000000
            Max Limit: 100.000000
            Is Animatable: false
            Is Temporary: false
            Default Value: 0
        Property 64
            Display Name: Lcl Translation
            Internal Name: Lcl Translation
            Type: Lcl Translation
            Min Limit: 0.000000
            Max Limit: 100.000000
            Is Animatable: true
            Is Temporary: false
            Default Value: X=0.000000, Y=0.000000, Z=0.000000
        Property 65
            Display Name: Lcl Rotation
            Internal Name: Lcl Rotation
            Type: Lcl Rotation
            Min Limit: 0.000000
            Max Limit: 100.000000
            Is Animatable: true
            Is Temporary: false
            Default Value: X=0.000000, Y=0.000000, Z=0.000000
        Property 66
            Display Name: Lcl Scaling
            Internal Name: Lcl Scaling
            Type: Lcl Scaling
            Min Limit: 0.000000
            Max Limit: 100.000000
            Is Animatable: true
            Is Temporary: false
            Default Value: X=1.000000, Y=1.000000, Z=1.000000
        Property 67
            Display Name: Visibility
            Internal Name: Visibility
            Type: Visibility
            Min Limit: 0.000000
            Max Limit: 100.000000
            Is Animatable: true
            Is Temporary: false
            Default Value: 1.000000

pPlane8

Name: pPlane8
    Property Count: 68
        Property 0
            Display Name: QuaternionInterpolate
            Internal Name: QuaternionInterpolate
            Type: Bool
            Min Limit: 0.000000
            Max Limit: 100.000000
            Is Animatable: false
            Is Temporary: false
            Default Value: false
        Property 1
            Display Name: RotationOffset
            Internal Name: RotationOffset
            Type: Vector
            Min Limit: 0.000000
            Max Limit: 100.000000
            Is Animatable: false
            Is Temporary: false
            Default Value: X=0.000000, Y=0.000000, Z=0.000000
        Property 2
            Display Name: RotationPivot
            Internal Name: RotationPivot
            Type: Vector
            Min Limit: 0.000000
            Max Limit: 100.000000
            Is Animatable: false
            Is Temporary: false
            Default Value: X=0.000000, Y=0.000000, Z=0.000000
        Property 3
            Display Name: ScalingOffset
            Internal Name: ScalingOffset
            Type: Vector
            Min Limit: 0.000000
            Max Limit: 100.000000
            Is Animatable: false
            Is Temporary: false
            Default Value: X=0.000000, Y=0.000000, Z=0.000000
        Property 4
            Display Name: ScalingPivot
            Internal Name: ScalingPivot
            Type: Vector
            Min Limit: 0.000000
            Max Limit: 100.000000
            Is Animatable: false
            Is Temporary: false
            Default Value: X=0.000000, Y=0.000000, Z=0.000000
        Property 5
            Display Name: TranslationActive
            Internal Name: TranslationActive
            Type: Bool
            Min Limit: 0.000000
            Max Limit: 100.000000
            Is Animatable: false
            Is Temporary: false
            Default Value: false
        Property 6
            Display Name: TranslationMin
            Internal Name: TranslationMin
            Type: Vector
            Min Limit: 0.000000
            Max Limit: 100.000000
            Is Animatable: false
            Is Temporary: false
            Default Value: X=0.000000, Y=0.000000, Z=0.000000
        Property 7
            Display Name: TranslationMax
            Internal Name: TranslationMax
            Type: Vector
            Min Limit: 0.000000
            Max Limit: 100.000000
            Is Animatable: false
            Is Temporary: false
            Default Value: X=0.000000, Y=0.000000, Z=0.000000
        Property 8
            Display Name: TranslationMinX
            Internal Name: TranslationMinX
            Type: Bool
            Min Limit: 0.000000
            Max Limit: 100.000000
            Is Animatable: false
            Is Temporary: false
            Default Value: false
        Property 9
            Display Name: TranslationMinY
            Internal Name: TranslationMinY
            Type: Bool
            Min Limit: 0.000000
            Max Limit: 100.000000
            Is Animatable: false
            Is Temporary: false
            Default Value: false
        Property 10
            Display Name: TranslationMinZ
            Internal Name: TranslationMinZ
            Type: Bool
            Min Limit: 0.000000
            Max Limit: 100.000000
            Is Animatable: false
            Is Temporary: false
            Default Value: false
        Property 11
            Display Name: TranslationMaxX
            Internal Name: TranslationMaxX
            Type: Bool
            Min Limit: 0.000000
            Max Limit: 100.000000
            Is Animatable: false
            Is Temporary: false
            Default Value: false
        Property 12
            Display Name: TranslationMaxY
            Internal Name: TranslationMaxY
            Type: Bool
            Min Limit: 0.000000
            Max Limit: 100.000000
            Is Animatable: false
            Is Temporary: false
            Default Value: false
        Property 13
            Display Name: TranslationMaxZ
            Internal Name: TranslationMaxZ
            Type: Bool
            Min Limit: 0.000000
            Max Limit: 100.000000
            Is Animatable: false
            Is Temporary: false
            Default Value: false
        Property 14
            Display Name: RotationOrder
            Internal Name: RotationOrder
            Type: Enum
            Min Limit: 0.000000
            Max Limit: 100.000000
            Is Animatable: false
            Is Temporary: false
            Default Value: UNIDENTIFIED
        Property 15
            Display Name: RotationSpaceForLimitOnly
            Internal Name: RotationSpaceForLimitOnly
            Type: Bool
            Min Limit: 0.000000
            Max Limit: 100.000000
            Is Animatable: false
            Is Temporary: false
            Default Value: false
        Property 16
            Display Name: RotationStiffnessX
            Internal Name: RotationStiffnessX
            Type: Number
            Min Limit: 0.000000
            Max Limit: 100.000000
            Is Animatable: false
            Is Temporary: false
            Default Value: 0.000000
        Property 17
            Display Name: RotationStiffnessY
            Internal Name: RotationStiffnessY
            Type: Number
            Min Limit: 0.000000
            Max Limit: 100.000000
            Is Animatable: false
            Is Temporary: false
            Default Value: 0.000000
        Property 18
            Display Name: RotationStiffnessZ
            Internal Name: RotationStiffnessZ
            Type: Number
            Min Limit: 0.000000
            Max Limit: 100.000000
            Is Animatable: false
            Is Temporary: false
            Default Value: 0.000000
        Property 19
            Display Name: AxisLen
            Internal Name: AxisLen
            Type: Number
            Min Limit: 0.000000
            Max Limit: 100.000000
            Is Animatable: false
            Is Temporary: false
            Default Value: 10.000000
        Property 20
            Display Name: PreRotation
            Internal Name: PreRotation
            Type: Vector
            Min Limit: 0.000000
            Max Limit: 100.000000
            Is Animatable: false
            Is Temporary: false
            Default Value: X=0.000000, Y=0.000000, Z=0.000000
        Property 21
            Display Name: PostRotation
            Internal Name: PostRotation
            Type: Vector
            Min Limit: 0.000000
            Max Limit: 100.000000
            Is Animatable: false
            Is Temporary: false
            Default Value: X=0.000000, Y=-0.000000, Z=0.000000
        Property 22
            Display Name: RotationActive
            Internal Name: RotationActive
            Type: Bool
            Min Limit: 0.000000
            Max Limit: 100.000000
            Is Animatable: false
            Is Temporary: false
            Default Value: true
        Property 23
            Display Name: RotationMin
            Internal Name: RotationMin
            Type: Vector
            Min Limit: 0.000000
            Max Limit: 100.000000
            Is Animatable: false
            Is Temporary: false
            Default Value: X=0.000000, Y=0.000000, Z=0.000000
        Property 24
            Display Name: RotationMax
            Internal Name: RotationMax
            Type: Vector
            Min Limit: 0.000000
            Max Limit: 100.000000
            Is Animatable: false
            Is Temporary: false
            Default Value: X=0.000000, Y=0.000000, Z=0.000000
        Property 25
            Display Name: RotationMinX
            Internal Name: RotationMinX
            Type: Bool
            Min Limit: 0.000000
            Max Limit: 100.000000
            Is Animatable: false
            Is Temporary: false
            Default Value: false
        Property 26
            Display Name: RotationMinY
            Internal Name: RotationMinY
            Type: Bool
            Min Limit: 0.000000
            Max Limit: 100.000000
            Is Animatable: false
            Is Temporary: false
            Default Value: false
        Property 27
            Display Name: RotationMinZ
            Internal Name: RotationMinZ
            Type: Bool
            Min Limit: 0.000000
            Max Limit: 100.000000
            Is Animatable: false
            Is Temporary: false
            Default Value: false
        Property 28
            Display Name: RotationMaxX
            Internal Name: RotationMaxX
            Type: Bool
            Min Limit: 0.000000
            Max Limit: 100.000000
            Is Animatable: false
            Is Temporary: false
            Default Value: false
        Property 29
            Display Name: RotationMaxY
            Internal Name: RotationMaxY
            Type: Bool
            Min Limit: 0.000000
            Max Limit: 100.000000
            Is Animatable: false
            Is Temporary: false
            Default Value: false
        Property 30
            Display Name: RotationMaxZ
            Internal Name: RotationMaxZ
            Type: Bool
            Min Limit: 0.000000
            Max Limit: 100.000000
            Is Animatable: false
            Is Temporary: false
            Default Value: false
        Property 31
            Display Name: InheritType
            Internal Name: InheritType
            Type: Enum
            Min Limit: 0.000000
            Max Limit: 100.000000
            Is Animatable: false
            Is Temporary: false
            Default Value: UNIDENTIFIED
        Property 32
            Display Name: ScalingActive
            Internal Name: ScalingActive
            Type: Bool
            Min Limit: 0.000000
            Max Limit: 100.000000
            Is Animatable: false
            Is Temporary: false
            Default Value: false
        Property 33
            Display Name: ScalingMin
            Internal Name: ScalingMin
            Type: Vector
            Min Limit: 0.000000
            Max Limit: 100.000000
            Is Animatable: false
            Is Temporary: false
            Default Value: X=0.000000, Y=0.000000, Z=0.000000
        Property 34
            Display Name: ScalingMax
            Internal Name: ScalingMax
            Type: Vector
            Min Limit: 0.000000
            Max Limit: 100.000000
            Is Animatable: false
            Is Temporary: false
            Default Value: X=0.000000, Y=0.000000, Z=0.000000
        Property 35
            Display Name: ScalingMinX
            Internal Name: ScalingMinX
            Type: Bool
            Min Limit: 0.000000
            Max Limit: 100.000000
            Is Animatable: false
            Is Temporary: false
            Default Value: false
        Property 36
            Display Name: ScalingMinY
            Internal Name: ScalingMinY
            Type: Bool
            Min Limit: 0.000000
            Max Limit: 100.000000
            Is Animatable: false
            Is Temporary: false
            Default Value: false
        Property 37
            Display Name: ScalingMinZ
            Internal Name: ScalingMinZ
            Type: Bool
            Min Limit: 0.000000
            Max Limit: 100.000000
            Is Animatable: false
            Is Temporary: false
            Default Value: false
        Property 38
            Display Name: ScalingMaxX
            Internal Name: ScalingMaxX
            Type: Bool
            Min Limit: 0.000000
            Max Limit: 100.000000
            Is Animatable: false
            Is Temporary: false
            Default Value: false
        Property 39
            Display Name: ScalingMaxY
            Internal Name: ScalingMaxY
            Type: Bool
            Min Limit: 0.000000
            Max Limit: 100.000000
            Is Animatable: false
            Is Temporary: false
            Default Value: false
        Property 40
            Display Name: ScalingMaxZ
            Internal Name: ScalingMaxZ
            Type: Bool
            Min Limit: 0.000000
            Max Limit: 100.000000
            Is Animatable: false
            Is Temporary: false
            Default Value: false
        Property 41
            Display Name: GeometricTranslation
            Internal Name: GeometricTranslation
            Type: Vector
            Min Limit: 0.000000
            Max Limit: 100.000000
            Is Animatable: false
            Is Temporary: false
            Default Value: X=0.000000, Y=0.000000, Z=0.000000
        Property 42
            Display Name: GeometricRotation
            Internal Name: GeometricRotation
            Type: Vector
            Min Limit: 0.000000
            Max Limit: 100.000000
            Is Animatable: false
            Is Temporary: false
            Default Value: X=0.000000, Y=0.000000, Z=0.000000
        Property 43
            Display Name: GeometricScaling
            Internal Name: GeometricScaling
            Type: Vector
            Min Limit: 0.000000
            Max Limit: 100.000000
            Is Animatable: false
            Is Temporary: false
            Default Value: X=1.000000, Y=1.000000, Z=1.000000
        Property 44
            Display Name: MinDampRangeX
            Internal Name: MinDampRangeX
            Type: Number
            Min Limit: 0.000000
            Max Limit: 100.000000
            Is Animatable: false
            Is Temporary: false
            Default Value: 0.000000
        Property 45
            Display Name: MinDampRangeY
            Internal Name: MinDampRangeY
            Type: Number
            Min Limit: 0.000000
            Max Limit: 100.000000
            Is Animatable: false
            Is Temporary: false
            Default Value: 0.000000
        Property 46
            Display Name: MinDampRangeZ
            Internal Name: MinDampRangeZ
            Type: Number
            Min Limit: 0.000000
            Max Limit: 100.000000
            Is Animatable: false
            Is Temporary: false
            Default Value: 0.000000
        Property 47
            Display Name: MaxDampRangeX
            Internal Name: MaxDampRangeX
            Type: Number
            Min Limit: 0.000000
            Max Limit: 100.000000
            Is Animatable: false
            Is Temporary: false
            Default Value: 0.000000
        Property 48
            Display Name: MaxDampRangeY
            Internal Name: MaxDampRangeY
            Type: Number
            Min Limit: 0.000000
            Max Limit: 100.000000
            Is Animatable: false
            Is Temporary: false
            Default Value: 0.000000
        Property 49
            Display Name: MaxDampRangeZ
            Internal Name: MaxDampRangeZ
            Type: Number
            Min Limit: 0.000000
            Max Limit: 100.000000
            Is Animatable: false
            Is Temporary: false
            Default Value: 0.000000
        Property 50
            Display Name: MinDampStrengthX
            Internal Name: MinDampStrengthX
            Type: Number
            Min Limit: 0.000000
            Max Limit: 100.000000
            Is Animatable: false
            Is Temporary: false
            Default Value: 0.000000
        Property 51
            Display Name: MinDampStrengthY
            Internal Name: MinDampStrengthY
            Type: Number
            Min Limit: 0.000000
            Max Limit: 100.000000
            Is Animatable: false
            Is Temporary: false
            Default Value: 0.000000
        Property 52
            Display Name: MinDampStrengthZ
            Internal Name: MinDampStrengthZ
            Type: Number
            Min Limit: 0.000000
            Max Limit: 100.000000
            Is Animatable: false
            Is Temporary: false
            Default Value: 0.000000
        Property 53
            Display Name: MaxDampStrengthX
            Internal Name: MaxDampStrengthX
            Type: Number
            Min Limit: 0.000000
            Max Limit: 100.000000
            Is Animatable: false
            Is Temporary: false
            Default Value: 0.000000
        Property 54
            Display Name: MaxDampStrengthY
            Internal Name: MaxDampStrengthY
            Type: Number
            Min Limit: 0.000000
            Max Limit: 100.000000
            Is Animatable: false
            Is Temporary: false
            Default Value: 0.000000
        Property 55
            Display Name: MaxDampStrengthZ
            Internal Name: MaxDampStrengthZ
            Type: Number
            Min Limit: 0.000000
            Max Limit: 100.000000
            Is Animatable: false
            Is Temporary: false
            Default Value: 0.000000
        Property 56
            Display Name: PreferedAngleX
            Internal Name: PreferedAngleX
            Type: Number
            Min Limit: 0.000000
            Max Limit: 100.000000
            Is Animatable: false
            Is Temporary: false
            Default Value: 0.000000
        Property 57
            Display Name: PreferedAngleY
            Internal Name: PreferedAngleY
            Type: Number
            Min Limit: 0.000000
            Max Limit: 100.000000
            Is Animatable: false
            Is Temporary: false
            Default Value: 0.000000
        Property 58
            Display Name: PreferedAngleZ
            Internal Name: PreferedAngleZ
            Type: Number
            Min Limit: 0.000000
            Max Limit: 100.000000
            Is Animatable: false
            Is Temporary: false
            Default Value: 0.000000
        Property 59
            Display Name: LookAtProperty
            Internal Name: LookAtProperty
            Type: object
            Min Limit: 0.000000
            Max Limit: 100.000000
            Is Animatable: false
            Is Temporary: false
            Default Value: UNIDENTIFIED
        Property 60
            Display Name: UpVectorProperty
            Internal Name: UpVectorProperty
            Type: object
            Min Limit: 0.000000
            Max Limit: 100.000000
            Is Animatable: false
            Is Temporary: false
            Default Value: UNIDENTIFIED
        Property 61
            Display Name: Show
            Internal Name: Show
            Type: Bool
            Min Limit: 0.000000
            Max Limit: 100.000000
            Is Animatable: false
            Is Temporary: false
            Default Value: false
        Property 62
            Display Name: NegativePercentShapeSupport
            Internal Name: NegativePercentShapeSupport
            Type: Bool
            Min Limit: 0.000000
            Max Limit: 100.000000
            Is Animatable: false
            Is Temporary: false
            Default Value: true
        Property 63
            Display Name: DefaultAttributeIndex
            Internal Name: DefaultAttributeIndex
            Type: Integer
            Min Limit: 0.000000
            Max Limit: 100.000000
            Is Animatable: false
            Is Temporary: false
            Default Value: 0
        Property 64
            Display Name: Lcl Translation
            Internal Name: Lcl Translation
            Type: Lcl Translation
            Min Limit: 0.000000
            Max Limit: 100.000000
            Is Animatable: true
            Is Temporary: false
            Default Value: X=3139.090088, Y=-159.524658, Z=-1106.438232
        Property 65
            Display Name: Lcl Rotation
            Internal Name: Lcl Rotation
            Type: Lcl Rotation
            Min Limit: 0.000000
            Max Limit: 100.000000
            Is Animatable: true
            Is Temporary: false
            Default Value: X=86.974815, Y=0.000000, Z=0.000000
        Property 66
            Display Name: Lcl Scaling
            Internal Name: Lcl Scaling
            Type: Lcl Scaling
            Min Limit: 0.000000
            Max Limit: 100.000000
            Is Animatable: true
            Is Temporary: false
            Default Value: X=1496.200562, Y=1496.200562, Z=1496.200562
        Property 67
            Display Name: Visibility
            Internal Name: Visibility
            Type: Visibility
            Min Limit: 0.000000
            Max Limit: 100.000000
            Is Animatable: true
            Is Temporary: false
            Default Value: 0.000000

     polySurface1

Name: polySurface1
    Property Count: 68
        Property 0
            Display Name: QuaternionInterpolate
            Internal Name: QuaternionInterpolate
            Type: Bool
            Min Limit: 0.000000
            Max Limit: 100.000000
            Is Animatable: false
            Is Temporary: false
            Default Value: false
        Property 1
            Display Name: RotationOffset
            Internal Name: RotationOffset
            Type: Vector
            Min Limit: 0.000000
            Max Limit: 100.000000
            Is Animatable: false
            Is Temporary: false
            Default Value: X=0.000000, Y=0.000000, Z=0.000000
        Property 2
            Display Name: RotationPivot
            Internal Name: RotationPivot
            Type: Vector
            Min Limit: 0.000000
            Max Limit: 100.000000
            Is Animatable: false
            Is Temporary: false
            Default Value: X=-0.000000, Y=-0.000000, Z=0.000000
        Property 3
            Display Name: ScalingOffset
            Internal Name: ScalingOffset
            Type: Vector
            Min Limit: 0.000000
            Max Limit: 100.000000
            Is Animatable: false
            Is Temporary: false
            Default Value: X=0.000000, Y=0.000000, Z=0.000000
        Property 4
            Display Name: ScalingPivot
            Internal Name: ScalingPivot
            Type: Vector
            Min Limit: 0.000000
            Max Limit: 100.000000
            Is Animatable: false
            Is Temporary: false
            Default Value: X=-0.000000, Y=-0.000000, Z=0.000000
        Property 5
            Display Name: TranslationActive
            Internal Name: TranslationActive
            Type: Bool
            Min Limit: 0.000000
            Max Limit: 100.000000
            Is Animatable: false
            Is Temporary: false
            Default Value: false
        Property 6
            Display Name: TranslationMin
            Internal Name: TranslationMin
            Type: Vector
            Min Limit: 0.000000
            Max Limit: 100.000000
            Is Animatable: false
            Is Temporary: false
            Default Value: X=0.000000, Y=0.000000, Z=0.000000
        Property 7
            Display Name: TranslationMax
            Internal Name: TranslationMax
            Type: Vector
            Min Limit: 0.000000
            Max Limit: 100.000000
            Is Animatable: false
            Is Temporary: false
            Default Value: X=0.000000, Y=0.000000, Z=0.000000
        Property 8
            Display Name: TranslationMinX
            Internal Name: TranslationMinX
            Type: Bool
            Min Limit: 0.000000
            Max Limit: 100.000000
            Is Animatable: false
            Is Temporary: false
            Default Value: false
        Property 9
            Display Name: TranslationMinY
            Internal Name: TranslationMinY
            Type: Bool
            Min Limit: 0.000000
            Max Limit: 100.000000
            Is Animatable: false
            Is Temporary: false
            Default Value: false
        Property 10
            Display Name: TranslationMinZ
            Internal Name: TranslationMinZ
            Type: Bool
            Min Limit: 0.000000
            Max Limit: 100.000000
            Is Animatable: false
            Is Temporary: false
            Default Value: false
        Property 11
            Display Name: TranslationMaxX
            Internal Name: TranslationMaxX
            Type: Bool
            Min Limit: 0.000000
            Max Limit: 100.000000
            Is Animatable: false
            Is Temporary: false
            Default Value: false
        Property 12
            Display Name: TranslationMaxY
            Internal Name: TranslationMaxY
            Type: Bool
            Min Limit: 0.000000
            Max Limit: 100.000000
            Is Animatable: false
            Is Temporary: false
            Default Value: false
        Property 13
            Display Name: TranslationMaxZ
            Internal Name: TranslationMaxZ
            Type: Bool
            Min Limit: 0.000000
            Max Limit: 100.000000
            Is Animatable: false
            Is Temporary: false
            Default Value: false
        Property 14
            Display Name: RotationOrder
            Internal Name: RotationOrder
            Type: Enum
            Min Limit: 0.000000
            Max Limit: 100.000000
            Is Animatable: false
            Is Temporary: false
            Default Value: UNIDENTIFIED
        Property 15
            Display Name: RotationSpaceForLimitOnly
            Internal Name: RotationSpaceForLimitOnly
            Type: Bool
            Min Limit: 0.000000
            Max Limit: 100.000000
            Is Animatable: false
            Is Temporary: false
            Default Value: false
        Property 16
            Display Name: RotationStiffnessX
            Internal Name: RotationStiffnessX
            Type: Number
            Min Limit: 0.000000
            Max Limit: 100.000000
            Is Animatable: false
            Is Temporary: false
            Default Value: 0.000000
        Property 17
            Display Name: RotationStiffnessY
            Internal Name: RotationStiffnessY
            Type: Number
            Min Limit: 0.000000
            Max Limit: 100.000000
            Is Animatable: false
            Is Temporary: false
            Default Value: 0.000000
        Property 18
            Display Name: RotationStiffnessZ
            Internal Name: RotationStiffnessZ
            Type: Number
            Min Limit: 0.000000
            Max Limit: 100.000000
            Is Animatable: false
            Is Temporary: false
            Default Value: 0.000000
        Property 19
            Display Name: AxisLen
            Internal Name: AxisLen
            Type: Number
            Min Limit: 0.000000
            Max Limit: 100.000000
            Is Animatable: false
            Is Temporary: false
            Default Value: 10.000000
        Property 20
            Display Name: PreRotation
            Internal Name: PreRotation
            Type: Vector
            Min Limit: 0.000000
            Max Limit: 100.000000
            Is Animatable: false
            Is Temporary: false
            Default Value: X=0.000000, Y=0.000000, Z=0.000000
        Property 21
            Display Name: PostRotation
            Internal Name: PostRotation
            Type: Vector
            Min Limit: 0.000000
            Max Limit: 100.000000
            Is Animatable: false
            Is Temporary: false
            Default Value: X=0.000000, Y=-0.000000, Z=0.000000
        Property 22
            Display Name: RotationActive
            Internal Name: RotationActive
            Type: Bool
            Min Limit: 0.000000
            Max Limit: 100.000000
            Is Animatable: false
            Is Temporary: false
            Default Value: true
        Property 23
            Display Name: RotationMin
            Internal Name: RotationMin
            Type: Vector
            Min Limit: 0.000000
            Max Limit: 100.000000
            Is Animatable: false
            Is Temporary: false
            Default Value: X=0.000000, Y=0.000000, Z=0.000000
        Property 24
            Display Name: RotationMax
            Internal Name: RotationMax
            Type: Vector
            Min Limit: 0.000000
            Max Limit: 100.000000
            Is Animatable: false
            Is Temporary: false
            Default Value: X=0.000000, Y=0.000000, Z=0.000000
        Property 25
            Display Name: RotationMinX
            Internal Name: RotationMinX
            Type: Bool
            Min Limit: 0.000000
            Max Limit: 100.000000
            Is Animatable: false
            Is Temporary: false
            Default Value: false
        Property 26
            Display Name: RotationMinY
            Internal Name: RotationMinY
            Type: Bool
            Min Limit: 0.000000
            Max Limit: 100.000000
            Is Animatable: false
            Is Temporary: false
            Default Value: false
        Property 27
            Display Name: RotationMinZ
            Internal Name: RotationMinZ
            Type: Bool
            Min Limit: 0.000000
            Max Limit: 100.000000
            Is Animatable: false
            Is Temporary: false
            Default Value: false
        Property 28
            Display Name: RotationMaxX
            Internal Name: RotationMaxX
            Type: Bool
            Min Limit: 0.000000
            Max Limit: 100.000000
            Is Animatable: false
            Is Temporary: false
            Default Value: false
        Property 29
            Display Name: RotationMaxY
            Internal Name: RotationMaxY
            Type: Bool
            Min Limit: 0.000000
            Max Limit: 100.000000
            Is Animatable: false
            Is Temporary: false
            Default Value: false
        Property 30
            Display Name: RotationMaxZ
            Internal Name: RotationMaxZ
            Type: Bool
            Min Limit: 0.000000
            Max Limit: 100.000000
            Is Animatable: false
            Is Temporary: false
            Default Value: false
        Property 31
            Display Name: InheritType
            Internal Name: InheritType
            Type: Enum
            Min Limit: 0.000000
            Max Limit: 100.000000
            Is Animatable: false
            Is Temporary: false
            Default Value: UNIDENTIFIED
        Property 32
            Display Name: ScalingActive
            Internal Name: ScalingActive
            Type: Bool
            Min Limit: 0.000000
            Max Limit: 100.000000
            Is Animatable: false
            Is Temporary: false
            Default Value: false
        Property 33
            Display Name: ScalingMin
            Internal Name: ScalingMin
            Type: Vector
            Min Limit: 0.000000
            Max Limit: 100.000000
            Is Animatable: false
            Is Temporary: false
            Default Value: X=0.000000, Y=0.000000, Z=0.000000
        Property 34
            Display Name: ScalingMax
            Internal Name: ScalingMax
            Type: Vector
            Min Limit: 0.000000
            Max Limit: 100.000000
            Is Animatable: false
            Is Temporary: false
            Default Value: X=0.000000, Y=0.000000, Z=0.000000
        Property 35
            Display Name: ScalingMinX
            Internal Name: ScalingMinX
            Type: Bool
            Min Limit: 0.000000
            Max Limit: 100.000000
            Is Animatable: false
            Is Temporary: false
            Default Value: false
        Property 36
            Display Name: ScalingMinY
            Internal Name: ScalingMinY
            Type: Bool
            Min Limit: 0.000000
            Max Limit: 100.000000
            Is Animatable: false
            Is Temporary: false
            Default Value: false
        Property 37
            Display Name: ScalingMinZ
            Internal Name: ScalingMinZ
            Type: Bool
            Min Limit: 0.000000
            Max Limit: 100.000000
            Is Animatable: false
            Is Temporary: false
            Default Value: false
        Property 38
            Display Name: ScalingMaxX
            Internal Name: ScalingMaxX
            Type: Bool
            Min Limit: 0.000000
            Max Limit: 100.000000
            Is Animatable: false
            Is Temporary: false
            Default Value: false
        Property 39
            Display Name: ScalingMaxY
            Internal Name: ScalingMaxY
            Type: Bool
            Min Limit: 0.000000
            Max Limit: 100.000000
            Is Animatable: false
            Is Temporary: false
            Default Value: false
        Property 40
            Display Name: ScalingMaxZ
            Internal Name: ScalingMaxZ
            Type: Bool
            Min Limit: 0.000000
            Max Limit: 100.000000
            Is Animatable: false
            Is Temporary: false
            Default Value: false
        Property 41
            Display Name: GeometricTranslation
            Internal Name: GeometricTranslation
            Type: Vector
            Min Limit: 0.000000
            Max Limit: 100.000000
            Is Animatable: false
            Is Temporary: false
            Default Value: X=0.000000, Y=0.000000, Z=0.000000
        Property 42
            Display Name: GeometricRotation
            Internal Name: GeometricRotation
            Type: Vector
            Min Limit: 0.000000
            Max Limit: 100.000000
            Is Animatable: false
            Is Temporary: false
            Default Value: X=0.000000, Y=0.000000, Z=0.000000
        Property 43
            Display Name: GeometricScaling
            Internal Name: GeometricScaling
            Type: Vector
            Min Limit: 0.000000
            Max Limit: 100.000000
            Is Animatable: false
            Is Temporary: false
            Default Value: X=1.000000, Y=1.000000, Z=1.000000
        Property 44
            Display Name: MinDampRangeX
            Internal Name: MinDampRangeX
            Type: Number
            Min Limit: 0.000000
            Max Limit: 100.000000
            Is Animatable: false
            Is Temporary: false
            Default Value: 0.000000
        Property 45
            Display Name: MinDampRangeY
            Internal Name: MinDampRangeY
            Type: Number
            Min Limit: 0.000000
            Max Limit: 100.000000
            Is Animatable: false
            Is Temporary: false
            Default Value: 0.000000
        Property 46
            Display Name: MinDampRangeZ
            Internal Name: MinDampRangeZ
            Type: Number
            Min Limit: 0.000000
            Max Limit: 100.000000
            Is Animatable: false
            Is Temporary: false
            Default Value: 0.000000
        Property 47
            Display Name: MaxDampRangeX
            Internal Name: MaxDampRangeX
            Type: Number
            Min Limit: 0.000000
            Max Limit: 100.000000
            Is Animatable: false
            Is Temporary: false
            Default Value: 0.000000
        Property 48
            Display Name: MaxDampRangeY
            Internal Name: MaxDampRangeY
            Type: Number
            Min Limit: 0.000000
            Max Limit: 100.000000
            Is Animatable: false
            Is Temporary: false
            Default Value: 0.000000
        Property 49
            Display Name: MaxDampRangeZ
            Internal Name: MaxDampRangeZ
            Type: Number
            Min Limit: 0.000000
            Max Limit: 100.000000
            Is Animatable: false
            Is Temporary: false
            Default Value: 0.000000
        Property 50
            Display Name: MinDampStrengthX
            Internal Name: MinDampStrengthX
            Type: Number
            Min Limit: 0.000000
            Max Limit: 100.000000
            Is Animatable: false
            Is Temporary: false
            Default Value: 0.000000
        Property 51
            Display Name: MinDampStrengthY
            Internal Name: MinDampStrengthY
            Type: Number
            Min Limit: 0.000000
            Max Limit: 100.000000
            Is Animatable: false
            Is Temporary: false
            Default Value: 0.000000
        Property 52
            Display Name: MinDampStrengthZ
            Internal Name: MinDampStrengthZ
            Type: Number
            Min Limit: 0.000000
            Max Limit: 100.000000
            Is Animatable: false
            Is Temporary: false
            Default Value: 0.000000
        Property 53
            Display Name: MaxDampStrengthX
            Internal Name: MaxDampStrengthX
            Type: Number
            Min Limit: 0.000000
            Max Limit: 100.000000
            Is Animatable: false
            Is Temporary: false
            Default Value: 0.000000
        Property 54
            Display Name: MaxDampStrengthY
            Internal Name: MaxDampStrengthY
            Type: Number
            Min Limit: 0.000000
            Max Limit: 100.000000
            Is Animatable: false
            Is Temporary: false
            Default Value: 0.000000
        Property 55
            Display Name: MaxDampStrengthZ
            Internal Name: MaxDampStrengthZ
            Type: Number
            Min Limit: 0.000000
            Max Limit: 100.000000
            Is Animatable: false
            Is Temporary: false
            Default Value: 0.000000
        Property 56
            Display Name: PreferedAngleX
            Internal Name: PreferedAngleX
            Type: Number
            Min Limit: 0.000000
            Max Limit: 100.000000
            Is Animatable: false
            Is Temporary: false
            Default Value: 0.000000
        Property 57
            Display Name: PreferedAngleY
            Internal Name: PreferedAngleY
            Type: Number
            Min Limit: 0.000000
            Max Limit: 100.000000
            Is Animatable: false
            Is Temporary: false
            Default Value: 0.000000
        Property 58
            Display Name: PreferedAngleZ
            Internal Name: PreferedAngleZ
            Type: Number
            Min Limit: 0.000000
            Max Limit: 100.000000
            Is Animatable: false
            Is Temporary: false
            Default Value: 0.000000
        Property 59
            Display Name: LookAtProperty
            Internal Name: LookAtProperty
            Type: object
            Min Limit: 0.000000
            Max Limit: 100.000000
            Is Animatable: false
            Is Temporary: false
            Default Value: UNIDENTIFIED
        Property 60
            Display Name: UpVectorProperty
            Internal Name: UpVectorProperty
            Type: object
            Min Limit: 0.000000
            Max Limit: 100.000000
            Is Animatable: false
            Is Temporary: false
            Default Value: UNIDENTIFIED
        Property 61
            Display Name: Show
            Internal Name: Show
            Type: Bool
            Min Limit: 0.000000
            Max Limit: 100.000000
            Is Animatable: false
            Is Temporary: false
            Default Value: true
        Property 62
            Display Name: NegativePercentShapeSupport
            Internal Name: NegativePercentShapeSupport
            Type: Bool
            Min Limit: 0.000000
            Max Limit: 100.000000
            Is Animatable: false
            Is Temporary: false
            Default Value: true
        Property 63
            Display Name: DefaultAttributeIndex
            Internal Name: DefaultAttributeIndex
            Type: Integer
            Min Limit: 0.000000
            Max Limit: 100.000000
            Is Animatable: false
            Is Temporary: false
            Default Value: 0
        Property 64
            Display Name: Lcl Translation
            Internal Name: Lcl Translation
            Type: Lcl Translation
            Min Limit: 0.000000
            Max Limit: 100.000000
            Is Animatable: true
            Is Temporary: false
            Default Value: X=0.000000, Y=0.000000, Z=0.000000
        Property 65
            Display Name: Lcl Rotation
            Internal Name: Lcl Rotation
            Type: Lcl Rotation
            Min Limit: 0.000000
            Max Limit: 100.000000
            Is Animatable: true
            Is Temporary: false
            Default Value: X=0.000000, Y=0.000000, Z=0.000000
        Property 66
            Display Name: Lcl Scaling
            Internal Name: Lcl Scaling
            Type: Lcl Scaling
            Min Limit: 0.000000
            Max Limit: 100.000000
            Is Animatable: true
            Is Temporary: false
            Default Value: X=1.000000, Y=1.000000, Z=1.000000
        Property 67
            Display Name: Visibility
            Internal Name: Visibility
            Type: Visibility
            Min Limit: 0.000000
            Max Limit: 100.000000
            Is Animatable: true
            Is Temporary: false
            Default Value: 1.000000

     polySurface2

Name: polySurface2
    Property Count: 68
        Property 0
            Display Name: QuaternionInterpolate
            Internal Name: QuaternionInterpolate
            Type: Bool
            Min Limit: 0.000000
            Max Limit: 100.000000
            Is Animatable: false
            Is Temporary: false
            Default Value: false
        Property 1
            Display Name: RotationOffset
            Internal Name: RotationOffset
            Type: Vector
            Min Limit: 0.000000
            Max Limit: 100.000000
            Is Animatable: false
            Is Temporary: false
            Default Value: X=0.000000, Y=0.000000, Z=0.000000
        Property 2
            Display Name: RotationPivot
            Internal Name: RotationPivot
            Type: Vector
            Min Limit: 0.000000
            Max Limit: 100.000000
            Is Animatable: false
            Is Temporary: false
            Default Value: X=0.000000, Y=0.000000, Z=0.000000
        Property 3
            Display Name: ScalingOffset
            Internal Name: ScalingOffset
            Type: Vector
            Min Limit: 0.000000
            Max Limit: 100.000000
            Is Animatable: false
            Is Temporary: false
            Default Value: X=0.000000, Y=0.000000, Z=0.000000
        Property 4
            Display Name: ScalingPivot
            Internal Name: ScalingPivot
            Type: Vector
            Min Limit: 0.000000
            Max Limit: 100.000000
            Is Animatable: false
            Is Temporary: false
            Default Value: X=0.000000, Y=0.000000, Z=0.000000
        Property 5
            Display Name: TranslationActive
            Internal Name: TranslationActive
            Type: Bool
            Min Limit: 0.000000
            Max Limit: 100.000000
            Is Animatable: false
            Is Temporary: false
            Default Value: false
        Property 6
            Display Name: TranslationMin
            Internal Name: TranslationMin
            Type: Vector
            Min Limit: 0.000000
            Max Limit: 100.000000
            Is Animatable: false
            Is Temporary: false
            Default Value: X=0.000000, Y=0.000000, Z=0.000000
        Property 7
            Display Name: TranslationMax
            Internal Name: TranslationMax
            Type: Vector
            Min Limit: 0.000000
            Max Limit: 100.000000
            Is Animatable: false
            Is Temporary: false
            Default Value: X=0.000000, Y=0.000000, Z=0.000000
        Property 8
            Display Name: TranslationMinX
            Internal Name: TranslationMinX
            Type: Bool
            Min Limit: 0.000000
            Max Limit: 100.000000
            Is Animatable: false
            Is Temporary: false
            Default Value: false
        Property 9
            Display Name: TranslationMinY
            Internal Name: TranslationMinY
            Type: Bool
            Min Limit: 0.000000
            Max Limit: 100.000000
            Is Animatable: false
            Is Temporary: false
            Default Value: false
        Property 10
            Display Name: TranslationMinZ
            Internal Name: TranslationMinZ
            Type: Bool
            Min Limit: 0.000000
            Max Limit: 100.000000
            Is Animatable: false
            Is Temporary: false
            Default Value: false
        Property 11
            Display Name: TranslationMaxX
            Internal Name: TranslationMaxX
            Type: Bool
            Min Limit: 0.000000
            Max Limit: 100.000000
            Is Animatable: false
            Is Temporary: false
            Default Value: false
        Property 12
            Display Name: TranslationMaxY
            Internal Name: TranslationMaxY
            Type: Bool
            Min Limit: 0.000000
            Max Limit: 100.000000
            Is Animatable: false
            Is Temporary: false
            Default Value: false
        Property 13
            Display Name: TranslationMaxZ
            Internal Name: TranslationMaxZ
            Type: Bool
            Min Limit: 0.000000
            Max Limit: 100.000000
            Is Animatable: false
            Is Temporary: false
            Default Value: false
        Property 14
            Display Name: RotationOrder
            Internal Name: RotationOrder
            Type: Enum
            Min Limit: 0.000000
            Max Limit: 100.000000
            Is Animatable: false
            Is Temporary: false
            Default Value: UNIDENTIFIED
        Property 15
            Display Name: RotationSpaceForLimitOnly
            Internal Name: RotationSpaceForLimitOnly
            Type: Bool
            Min Limit: 0.000000
            Max Limit: 100.000000
            Is Animatable: false
            Is Temporary: false
            Default Value: false
        Property 16
            Display Name: RotationStiffnessX
            Internal Name: RotationStiffnessX
            Type: Number
            Min Limit: 0.000000
            Max Limit: 100.000000
            Is Animatable: false
            Is Temporary: false
            Default Value: 0.000000
        Property 17
            Display Name: RotationStiffnessY
            Internal Name: RotationStiffnessY
            Type: Number
            Min Limit: 0.000000
            Max Limit: 100.000000
            Is Animatable: false
            Is Temporary: false
            Default Value: 0.000000
        Property 18
            Display Name: RotationStiffnessZ
            Internal Name: RotationStiffnessZ
            Type: Number
            Min Limit: 0.000000
            Max Limit: 100.000000
            Is Animatable: false
            Is Temporary: false
            Default Value: 0.000000
        Property 19
            Display Name: AxisLen
            Internal Name: AxisLen
            Type: Number
            Min Limit: 0.000000
            Max Limit: 100.000000
            Is Animatable: false
            Is Temporary: false
            Default Value: 10.000000
        Property 20
            Display Name: PreRotation
            Internal Name: PreRotation
            Type: Vector
            Min Limit: 0.000000
            Max Limit: 100.000000
            Is Animatable: false
            Is Temporary: false
            Default Value: X=0.000000, Y=0.000000, Z=0.000000
        Property 21
            Display Name: PostRotation
            Internal Name: PostRotation
            Type: Vector
            Min Limit: 0.000000
            Max Limit: 100.000000
            Is Animatable: false
            Is Temporary: false
            Default Value: X=0.000000, Y=-0.000000, Z=0.000000
        Property 22
            Display Name: RotationActive
            Internal Name: RotationActive
            Type: Bool
            Min Limit: 0.000000
            Max Limit: 100.000000
            Is Animatable: false
            Is Temporary: false
            Default Value: true
        Property 23
            Display Name: RotationMin
            Internal Name: RotationMin
            Type: Vector
            Min Limit: 0.000000
            Max Limit: 100.000000
            Is Animatable: false
            Is Temporary: false
            Default Value: X=0.000000, Y=0.000000, Z=0.000000
        Property 24
            Display Name: RotationMax
            Internal Name: RotationMax
            Type: Vector
            Min Limit: 0.000000
            Max Limit: 100.000000
            Is Animatable: false
            Is Temporary: false
            Default Value: X=0.000000, Y=0.000000, Z=0.000000
        Property 25
            Display Name: RotationMinX
            Internal Name: RotationMinX
            Type: Bool
            Min Limit: 0.000000
            Max Limit: 100.000000
            Is Animatable: false
            Is Temporary: false
            Default Value: false
        Property 26
            Display Name: RotationMinY
            Internal Name: RotationMinY
            Type: Bool
            Min Limit: 0.000000
            Max Limit: 100.000000
            Is Animatable: false
            Is Temporary: false
            Default Value: false
        Property 27
            Display Name: RotationMinZ
            Internal Name: RotationMinZ
            Type: Bool
            Min Limit: 0.000000
            Max Limit: 100.000000
            Is Animatable: false
            Is Temporary: false
            Default Value: false
        Property 28
            Display Name: RotationMaxX
            Internal Name: RotationMaxX
            Type: Bool
            Min Limit: 0.000000
            Max Limit: 100.000000
            Is Animatable: false
            Is Temporary: false
            Default Value: false
        Property 29
            Display Name: RotationMaxY
            Internal Name: RotationMaxY
            Type: Bool
            Min Limit: 0.000000
            Max Limit: 100.000000
            Is Animatable: false
            Is Temporary: false
            Default Value: false
        Property 30
            Display Name: RotationMaxZ
            Internal Name: RotationMaxZ
            Type: Bool
            Min Limit: 0.000000
            Max Limit: 100.000000
            Is Animatable: false
            Is Temporary: false
            Default Value: false
        Property 31
            Display Name: InheritType
            Internal Name: InheritType
            Type: Enum
            Min Limit: 0.000000
            Max Limit: 100.000000
            Is Animatable: false
            Is Temporary: false
            Default Value: UNIDENTIFIED
        Property 32
            Display Name: ScalingActive
            Internal Name: ScalingActive
            Type: Bool
            Min Limit: 0.000000
            Max Limit: 100.000000
            Is Animatable: false
            Is Temporary: false
            Default Value: false
        Property 33
            Display Name: ScalingMin
            Internal Name: ScalingMin
            Type: Vector
            Min Limit: 0.000000
            Max Limit: 100.000000
            Is Animatable: false
            Is Temporary: false
            Default Value: X=0.000000, Y=0.000000, Z=0.000000
        Property 34
            Display Name: ScalingMax
            Internal Name: ScalingMax
            Type: Vector
            Min Limit: 0.000000
            Max Limit: 100.000000
            Is Animatable: false
            Is Temporary: false
            Default Value: X=0.000000, Y=0.000000, Z=0.000000
        Property 35
            Display Name: ScalingMinX
            Internal Name: ScalingMinX
            Type: Bool
            Min Limit: 0.000000
            Max Limit: 100.000000
            Is Animatable: false
            Is Temporary: false
            Default Value: false
        Property 36
            Display Name: ScalingMinY
            Internal Name: ScalingMinY
            Type: Bool
            Min Limit: 0.000000
            Max Limit: 100.000000
            Is Animatable: false
            Is Temporary: false
            Default Value: false
        Property 37
            Display Name: ScalingMinZ
            Internal Name: ScalingMinZ
            Type: Bool
            Min Limit: 0.000000
            Max Limit: 100.000000
            Is Animatable: false
            Is Temporary: false
            Default Value: false
        Property 38
            Display Name: ScalingMaxX
            Internal Name: ScalingMaxX
            Type: Bool
            Min Limit: 0.000000
            Max Limit: 100.000000
            Is Animatable: false
            Is Temporary: false
            Default Value: false
        Property 39
            Display Name: ScalingMaxY
            Internal Name: ScalingMaxY
            Type: Bool
            Min Limit: 0.000000
            Max Limit: 100.000000
            Is Animatable: false
            Is Temporary: false
            Default Value: false
        Property 40
            Display Name: ScalingMaxZ
            Internal Name: ScalingMaxZ
            Type: Bool
            Min Limit: 0.000000
            Max Limit: 100.000000
            Is Animatable: false
            Is Temporary: false
            Default Value: false
        Property 41
            Display Name: GeometricTranslation
            Internal Name: GeometricTranslation
            Type: Vector
            Min Limit: 0.000000
            Max Limit: 100.000000
            Is Animatable: false
            Is Temporary: false
            Default Value: X=0.000000, Y=0.000000, Z=0.000000
        Property 42
            Display Name: GeometricRotation
            Internal Name: GeometricRotation
            Type: Vector
            Min Limit: 0.000000
            Max Limit: 100.000000
            Is Animatable: false
            Is Temporary: false
            Default Value: X=0.000000, Y=0.000000, Z=0.000000
        Property 43
            Display Name: GeometricScaling
            Internal Name: GeometricScaling
            Type: Vector
            Min Limit: 0.000000
            Max Limit: 100.000000
            Is Animatable: false
            Is Temporary: false
            Default Value: X=1.000000, Y=1.000000, Z=1.000000
        Property 44
            Display Name: MinDampRangeX
            Internal Name: MinDampRangeX
            Type: Number
            Min Limit: 0.000000
            Max Limit: 100.000000
            Is Animatable: false
            Is Temporary: false
            Default Value: 0.000000
        Property 45
            Display Name: MinDampRangeY
            Internal Name: MinDampRangeY
            Type: Number
            Min Limit: 0.000000
            Max Limit: 100.000000
            Is Animatable: false
            Is Temporary: false
            Default Value: 0.000000
        Property 46
            Display Name: MinDampRangeZ
            Internal Name: MinDampRangeZ
            Type: Number
            Min Limit: 0.000000
            Max Limit: 100.000000
            Is Animatable: false
            Is Temporary: false
            Default Value: 0.000000
        Property 47
            Display Name: MaxDampRangeX
            Internal Name: MaxDampRangeX
            Type: Number
            Min Limit: 0.000000
            Max Limit: 100.000000
            Is Animatable: false
            Is Temporary: false
            Default Value: 0.000000
        Property 48
            Display Name: MaxDampRangeY
            Internal Name: MaxDampRangeY
            Type: Number
            Min Limit: 0.000000
            Max Limit: 100.000000
            Is Animatable: false
            Is Temporary: false
            Default Value: 0.000000
        Property 49
            Display Name: MaxDampRangeZ
            Internal Name: MaxDampRangeZ
            Type: Number
            Min Limit: 0.000000
            Max Limit: 100.000000
            Is Animatable: false
            Is Temporary: false
            Default Value: 0.000000
        Property 50
            Display Name: MinDampStrengthX
            Internal Name: MinDampStrengthX
            Type: Number
            Min Limit: 0.000000
            Max Limit: 100.000000
            Is Animatable: false
            Is Temporary: false
            Default Value: 0.000000
        Property 51
            Display Name: MinDampStrengthY
            Internal Name: MinDampStrengthY
            Type: Number
            Min Limit: 0.000000
            Max Limit: 100.000000
            Is Animatable: false
            Is Temporary: false
            Default Value: 0.000000
        Property 52
            Display Name: MinDampStrengthZ
            Internal Name: MinDampStrengthZ
            Type: Number
            Min Limit: 0.000000
            Max Limit: 100.000000
            Is Animatable: false
            Is Temporary: false
            Default Value: 0.000000
        Property 53
            Display Name: MaxDampStrengthX
            Internal Name: MaxDampStrengthX
            Type: Number
            Min Limit: 0.000000
            Max Limit: 100.000000
            Is Animatable: false
            Is Temporary: false
            Default Value: 0.000000
        Property 54
            Display Name: MaxDampStrengthY
            Internal Name: MaxDampStrengthY
            Type: Number
            Min Limit: 0.000000
            Max Limit: 100.000000
            Is Animatable: false
            Is Temporary: false
            Default Value: 0.000000
        Property 55
            Display Name: MaxDampStrengthZ
            Internal Name: MaxDampStrengthZ
            Type: Number
            Min Limit: 0.000000
            Max Limit: 100.000000
            Is Animatable: false
            Is Temporary: false
            Default Value: 0.000000
        Property 56
            Display Name: PreferedAngleX
            Internal Name: PreferedAngleX
            Type: Number
            Min Limit: 0.000000
            Max Limit: 100.000000
            Is Animatable: false
            Is Temporary: false
            Default Value: 0.000000
        Property 57
            Display Name: PreferedAngleY
            Internal Name: PreferedAngleY
            Type: Number
            Min Limit: 0.000000
            Max Limit: 100.000000
            Is Animatable: false
            Is Temporary: false
            Default Value: 0.000000
        Property 58
            Display Name: PreferedAngleZ
            Internal Name: PreferedAngleZ
            Type: Number
            Min Limit: 0.000000
            Max Limit: 100.000000
            Is Animatable: false
            Is Temporary: false
            Default Value: 0.000000
        Property 59
            Display Name: LookAtProperty
            Internal Name: LookAtProperty
            Type: object
            Min Limit: 0.000000
            Max Limit: 100.000000
            Is Animatable: false
            Is Temporary: false
            Default Value: UNIDENTIFIED
        Property 60
            Display Name: UpVectorProperty
            Internal Name: UpVectorProperty
            Type: object
            Min Limit: 0.000000
            Max Limit: 100.000000
            Is Animatable: false
            Is Temporary: false
            Default Value: UNIDENTIFIED
        Property 61
            Display Name: Show
            Internal Name: Show
            Type: Bool
            Min Limit: 0.000000
            Max Limit: 100.000000
            Is Animatable: false
            Is Temporary: false
            Default Value: true
        Property 62
            Display Name: NegativePercentShapeSupport
            Internal Name: NegativePercentShapeSupport
            Type: Bool
            Min Limit: 0.000000
            Max Limit: 100.000000
            Is Animatable: false
            Is Temporary: false
            Default Value: true
        Property 63
            Display Name: DefaultAttributeIndex
            Internal Name: DefaultAttributeIndex
            Type: Integer
            Min Limit: 0.000000
            Max Limit: 100.000000
            Is Animatable: false
            Is Temporary: false
            Default Value: 0
        Property 64
            Display Name: Lcl Translation
            Internal Name: Lcl Translation
            Type: Lcl Translation
            Min Limit: 0.000000
            Max Limit: 100.000000
            Is Animatable: true
            Is Temporary: false
            Default Value: X=0.000000, Y=0.000000, Z=0.000000
        Property 65
            Display Name: Lcl Rotation
            Internal Name: Lcl Rotation
            Type: Lcl Rotation
            Min Limit: 0.000000
            Max Limit: 100.000000
            Is Animatable: true
            Is Temporary: false
            Default Value: X=0.000000, Y=0.000000, Z=0.000000
        Property 66
            Display Name: Lcl Scaling
            Internal Name: Lcl Scaling
            Type: Lcl Scaling
            Min Limit: 0.000000
            Max Limit: 100.000000
            Is Animatable: true
            Is Temporary: false
            Default Value: X=1.000000, Y=1.000000, Z=1.000000
        Property 67
            Display Name: Visibility
            Internal Name: Visibility
            Type: Visibility
            Min Limit: 0.000000
            Max Limit: 100.000000
            Is Animatable: true
            Is Temporary: false
            Default Value: 1.000000

          polySurface3

Name: polySurface3
    Property Count: 68
        Property 0
            Display Name: QuaternionInterpolate
            Internal Name: QuaternionInterpolate
            Type: Bool
            Min Limit: 0.000000
            Max Limit: 100.000000
            Is Animatable: false
            Is Temporary: false
            Default Value: false
        Property 1
            Display Name: RotationOffset
            Internal Name: RotationOffset
            Type: Vector
            Min Limit: 0.000000
            Max Limit: 100.000000
            Is Animatable: false
            Is Temporary: false
            Default Value: X=0.000000, Y=0.000000, Z=0.000000
        Property 2
            Display Name: RotationPivot
            Internal Name: RotationPivot
            Type: Vector
            Min Limit: 0.000000
            Max Limit: 100.000000
            Is Animatable: false
            Is Temporary: false
            Default Value: X=-0.000000, Y=-0.000000, Z=0.000000
        Property 3
            Display Name: ScalingOffset
            Internal Name: ScalingOffset
            Type: Vector
            Min Limit: 0.000000
            Max Limit: 100.000000
            Is Animatable: false
            Is Temporary: false
            Default Value: X=0.000000, Y=0.000000, Z=0.000000
        Property 4
            Display Name: ScalingPivot
            Internal Name: ScalingPivot
            Type: Vector
            Min Limit: 0.000000
            Max Limit: 100.000000
            Is Animatable: false
            Is Temporary: false
            Default Value: X=-0.000000, Y=-0.000000, Z=0.000000
        Property 5
            Display Name: TranslationActive
            Internal Name: TranslationActive
            Type: Bool
            Min Limit: 0.000000
            Max Limit: 100.000000
            Is Animatable: false
            Is Temporary: false
            Default Value: false
        Property 6
            Display Name: TranslationMin
            Internal Name: TranslationMin
            Type: Vector
            Min Limit: 0.000000
            Max Limit: 100.000000
            Is Animatable: false
            Is Temporary: false
            Default Value: X=0.000000, Y=0.000000, Z=0.000000
        Property 7
            Display Name: TranslationMax
            Internal Name: TranslationMax
            Type: Vector
            Min Limit: 0.000000
            Max Limit: 100.000000
            Is Animatable: false
            Is Temporary: false
            Default Value: X=0.000000, Y=0.000000, Z=0.000000
        Property 8
            Display Name: TranslationMinX
            Internal Name: TranslationMinX
            Type: Bool
            Min Limit: 0.000000
            Max Limit: 100.000000
            Is Animatable: false
            Is Temporary: false
            Default Value: false
        Property 9
            Display Name: TranslationMinY
            Internal Name: TranslationMinY
            Type: Bool
            Min Limit: 0.000000
            Max Limit: 100.000000
            Is Animatable: false
            Is Temporary: false
            Default Value: false
        Property 10
            Display Name: TranslationMinZ
            Internal Name: TranslationMinZ
            Type: Bool
            Min Limit: 0.000000
            Max Limit: 100.000000
            Is Animatable: false
            Is Temporary: false
            Default Value: false
        Property 11
            Display Name: TranslationMaxX
            Internal Name: TranslationMaxX
            Type: Bool
            Min Limit: 0.000000
            Max Limit: 100.000000
            Is Animatable: false
            Is Temporary: false
            Default Value: false
        Property 12
            Display Name: TranslationMaxY
            Internal Name: TranslationMaxY
            Type: Bool
            Min Limit: 0.000000
            Max Limit: 100.000000
            Is Animatable: false
            Is Temporary: false
            Default Value: false
        Property 13
            Display Name: TranslationMaxZ
            Internal Name: TranslationMaxZ
            Type: Bool
            Min Limit: 0.000000
            Max Limit: 100.000000
            Is Animatable: false
            Is Temporary: false
            Default Value: false
        Property 14
            Display Name: RotationOrder
            Internal Name: RotationOrder
            Type: Enum
            Min Limit: 0.000000
            Max Limit: 100.000000
            Is Animatable: false
            Is Temporary: false
            Default Value: UNIDENTIFIED
        Property 15
            Display Name: RotationSpaceForLimitOnly
            Internal Name: RotationSpaceForLimitOnly
            Type: Bool
            Min Limit: 0.000000
            Max Limit: 100.000000
            Is Animatable: false
            Is Temporary: false
            Default Value: false
        Property 16
            Display Name: RotationStiffnessX
            Internal Name: RotationStiffnessX
            Type: Number
            Min Limit: 0.000000
            Max Limit: 100.000000
            Is Animatable: false
            Is Temporary: false
            Default Value: 0.000000
        Property 17
            Display Name: RotationStiffnessY
            Internal Name: RotationStiffnessY
            Type: Number
            Min Limit: 0.000000
            Max Limit: 100.000000
            Is Animatable: false
            Is Temporary: false
            Default Value: 0.000000
        Property 18
            Display Name: RotationStiffnessZ
            Internal Name: RotationStiffnessZ
            Type: Number
            Min Limit: 0.000000
            Max Limit: 100.000000
            Is Animatable: false
            Is Temporary: false
            Default Value: 0.000000
        Property 19
            Display Name: AxisLen
            Internal Name: AxisLen
            Type: Number
            Min Limit: 0.000000
            Max Limit: 100.000000
            Is Animatable: false
            Is Temporary: false
            Default Value: 10.000000
        Property 20
            Display Name: PreRotation
            Internal Name: PreRotation
            Type: Vector
            Min Limit: 0.000000
            Max Limit: 100.000000
            Is Animatable: false
            Is Temporary: false
            Default Value: X=0.000000, Y=0.000000, Z=0.000000
        Property 21
            Display Name: PostRotation
            Internal Name: PostRotation
            Type: Vector
            Min Limit: 0.000000
            Max Limit: 100.000000
            Is Animatable: false
            Is Temporary: false
            Default Value: X=0.000000, Y=-0.000000, Z=0.000000
        Property 22
            Display Name: RotationActive
            Internal Name: RotationActive
            Type: Bool
            Min Limit: 0.000000
            Max Limit: 100.000000
            Is Animatable: false
            Is Temporary: false
            Default Value: true
        Property 23
            Display Name: RotationMin
            Internal Name: RotationMin
            Type: Vector
            Min Limit: 0.000000
            Max Limit: 100.000000
            Is Animatable: false
            Is Temporary: false
            Default Value: X=0.000000, Y=0.000000, Z=0.000000
        Property 24
            Display Name: RotationMax
            Internal Name: RotationMax
            Type: Vector
            Min Limit: 0.000000
            Max Limit: 100.000000
            Is Animatable: false
            Is Temporary: false
            Default Value: X=0.000000, Y=0.000000, Z=0.000000
        Property 25
            Display Name: RotationMinX
            Internal Name: RotationMinX
            Type: Bool
            Min Limit: 0.000000
            Max Limit: 100.000000
            Is Animatable: false
            Is Temporary: false
            Default Value: false
        Property 26
            Display Name: RotationMinY
            Internal Name: RotationMinY
            Type: Bool
            Min Limit: 0.000000
            Max Limit: 100.000000
            Is Animatable: false
            Is Temporary: false
            Default Value: false
        Property 27
            Display Name: RotationMinZ
            Internal Name: RotationMinZ
            Type: Bool
            Min Limit: 0.000000
            Max Limit: 100.000000
            Is Animatable: false
            Is Temporary: false
            Default Value: false
        Property 28
            Display Name: RotationMaxX
            Internal Name: RotationMaxX
            Type: Bool
            Min Limit: 0.000000
            Max Limit: 100.000000
            Is Animatable: false
            Is Temporary: false
            Default Value: false
        Property 29
            Display Name: RotationMaxY
            Internal Name: RotationMaxY
            Type: Bool
            Min Limit: 0.000000
            Max Limit: 100.000000
            Is Animatable: false
            Is Temporary: false
            Default Value: false
        Property 30
            Display Name: RotationMaxZ
            Internal Name: RotationMaxZ
            Type: Bool
            Min Limit: 0.000000
            Max Limit: 100.000000
            Is Animatable: false
            Is Temporary: false
            Default Value: false
        Property 31
            Display Name: InheritType
            Internal Name: InheritType
            Type: Enum
            Min Limit: 0.000000
            Max Limit: 100.000000
            Is Animatable: false
            Is Temporary: false
            Default Value: UNIDENTIFIED
        Property 32
            Display Name: ScalingActive
            Internal Name: ScalingActive
            Type: Bool
            Min Limit: 0.000000
            Max Limit: 100.000000
            Is Animatable: false
            Is Temporary: false
            Default Value: false
        Property 33
            Display Name: ScalingMin
            Internal Name: ScalingMin
            Type: Vector
            Min Limit: 0.000000
            Max Limit: 100.000000
            Is Animatable: false
            Is Temporary: false
            Default Value: X=0.000000, Y=0.000000, Z=0.000000
        Property 34
            Display Name: ScalingMax
            Internal Name: ScalingMax
            Type: Vector
            Min Limit: 0.000000
            Max Limit: 100.000000
            Is Animatable: false
            Is Temporary: false
            Default Value: X=0.000000, Y=0.000000, Z=0.000000
        Property 35
            Display Name: ScalingMinX
            Internal Name: ScalingMinX
            Type: Bool
            Min Limit: 0.000000
            Max Limit: 100.000000
            Is Animatable: false
            Is Temporary: false
            Default Value: false
        Property 36
            Display Name: ScalingMinY
            Internal Name: ScalingMinY
            Type: Bool
            Min Limit: 0.000000
            Max Limit: 100.000000
            Is Animatable: false
            Is Temporary: false
            Default Value: false
        Property 37
            Display Name: ScalingMinZ
            Internal Name: ScalingMinZ
            Type: Bool
            Min Limit: 0.000000
            Max Limit: 100.000000
            Is Animatable: false
            Is Temporary: false
            Default Value: false
        Property 38
            Display Name: ScalingMaxX
            Internal Name: ScalingMaxX
            Type: Bool
            Min Limit: 0.000000
            Max Limit: 100.000000
            Is Animatable: false
            Is Temporary: false
            Default Value: false
        Property 39
            Display Name: ScalingMaxY
            Internal Name: ScalingMaxY
            Type: Bool
            Min Limit: 0.000000
            Max Limit: 100.000000
            Is Animatable: false
            Is Temporary: false
            Default Value: false
        Property 40
            Display Name: ScalingMaxZ
            Internal Name: ScalingMaxZ
            Type: Bool
            Min Limit: 0.000000
            Max Limit: 100.000000
            Is Animatable: false
            Is Temporary: false
            Default Value: false
        Property 41
            Display Name: GeometricTranslation
            Internal Name: GeometricTranslation
            Type: Vector
            Min Limit: 0.000000
            Max Limit: 100.000000
            Is Animatable: false
            Is Temporary: false
            Default Value: X=0.000000, Y=0.000000, Z=0.000000
        Property 42
            Display Name: GeometricRotation
            Internal Name: GeometricRotation
            Type: Vector
            Min Limit: 0.000000
            Max Limit: 100.000000
            Is Animatable: false
            Is Temporary: false
            Default Value: X=0.000000, Y=0.000000, Z=0.000000
        Property 43
            Display Name: GeometricScaling
            Internal Name: GeometricScaling
            Type: Vector
            Min Limit: 0.000000
            Max Limit: 100.000000
            Is Animatable: false
            Is Temporary: false
            Default Value: X=1.000000, Y=1.000000, Z=1.000000
        Property 44
            Display Name: MinDampRangeX
            Internal Name: MinDampRangeX
            Type: Number
            Min Limit: 0.000000
            Max Limit: 100.000000
            Is Animatable: false
            Is Temporary: false
            Default Value: 0.000000
        Property 45
            Display Name: MinDampRangeY
            Internal Name: MinDampRangeY
            Type: Number
            Min Limit: 0.000000
            Max Limit: 100.000000
            Is Animatable: false
            Is Temporary: false
            Default Value: 0.000000
        Property 46
            Display Name: MinDampRangeZ
            Internal Name: MinDampRangeZ
            Type: Number
            Min Limit: 0.000000
            Max Limit: 100.000000
            Is Animatable: false
            Is Temporary: false
            Default Value: 0.000000
        Property 47
            Display Name: MaxDampRangeX
            Internal Name: MaxDampRangeX
            Type: Number
            Min Limit: 0.000000
            Max Limit: 100.000000
            Is Animatable: false
            Is Temporary: false
            Default Value: 0.000000
        Property 48
            Display Name: MaxDampRangeY
            Internal Name: MaxDampRangeY
            Type: Number
            Min Limit: 0.000000
            Max Limit: 100.000000
            Is Animatable: false
            Is Temporary: false
            Default Value: 0.000000
        Property 49
            Display Name: MaxDampRangeZ
            Internal Name: MaxDampRangeZ
            Type: Number
            Min Limit: 0.000000
            Max Limit: 100.000000
            Is Animatable: false
            Is Temporary: false
            Default Value: 0.000000
        Property 50
            Display Name: MinDampStrengthX
            Internal Name: MinDampStrengthX
            Type: Number
            Min Limit: 0.000000
            Max Limit: 100.000000
            Is Animatable: false
            Is Temporary: false
            Default Value: 0.000000
        Property 51
            Display Name: MinDampStrengthY
            Internal Name: MinDampStrengthY
            Type: Number
            Min Limit: 0.000000
            Max Limit: 100.000000
            Is Animatable: false
            Is Temporary: false
            Default Value: 0.000000
        Property 52
            Display Name: MinDampStrengthZ
            Internal Name: MinDampStrengthZ
            Type: Number
            Min Limit: 0.000000
            Max Limit: 100.000000
            Is Animatable: false
            Is Temporary: false
            Default Value: 0.000000
        Property 53
            Display Name: MaxDampStrengthX
            Internal Name: MaxDampStrengthX
            Type: Number
            Min Limit: 0.000000
            Max Limit: 100.000000
            Is Animatable: false
            Is Temporary: false
            Default Value: 0.000000
        Property 54
            Display Name: MaxDampStrengthY
            Internal Name: MaxDampStrengthY
            Type: Number
            Min Limit: 0.000000
            Max Limit: 100.000000
            Is Animatable: false
            Is Temporary: false
            Default Value: 0.000000
        Property 55
            Display Name: MaxDampStrengthZ
            Internal Name: MaxDampStrengthZ
            Type: Number
            Min Limit: 0.000000
            Max Limit: 100.000000
            Is Animatable: false
            Is Temporary: false
            Default Value: 0.000000
        Property 56
            Display Name: PreferedAngleX
            Internal Name: PreferedAngleX
            Type: Number
            Min Limit: 0.000000
            Max Limit: 100.000000
            Is Animatable: false
            Is Temporary: false
            Default Value: 0.000000
        Property 57
            Display Name: PreferedAngleY
            Internal Name: PreferedAngleY
            Type: Number
            Min Limit: 0.000000
            Max Limit: 100.000000
            Is Animatable: false
            Is Temporary: false
            Default Value: 0.000000
        Property 58
            Display Name: PreferedAngleZ
            Internal Name: PreferedAngleZ
            Type: Number
            Min Limit: 0.000000
            Max Limit: 100.000000
            Is Animatable: false
            Is Temporary: false
            Default Value: 0.000000
        Property 59
            Display Name: LookAtProperty
            Internal Name: LookAtProperty
            Type: object
            Min Limit: 0.000000
            Max Limit: 100.000000
            Is Animatable: false
            Is Temporary: false
            Default Value: UNIDENTIFIED
        Property 60
            Display Name: UpVectorProperty
            Internal Name: UpVectorProperty
            Type: object
            Min Limit: 0.000000
            Max Limit: 100.000000
            Is Animatable: false
            Is Temporary: false
            Default Value: UNIDENTIFIED
        Property 61
            Display Name: Show
            Internal Name: Show
            Type: Bool
            Min Limit: 0.000000
            Max Limit: 100.000000
            Is Animatable: false
            Is Temporary: false
            Default Value: true
        Property 62
            Display Name: NegativePercentShapeSupport
            Internal Name: NegativePercentShapeSupport
            Type: Bool
            Min Limit: 0.000000
            Max Limit: 100.000000
            Is Animatable: false
            Is Temporary: false
            Default Value: true
        Property 63
            Display Name: DefaultAttributeIndex
            Internal Name: DefaultAttributeIndex
            Type: Integer
            Min Limit: 0.000000
            Max Limit: 100.000000
            Is Animatable: false
            Is Temporary: false
            Default Value: 0
        Property 64
            Display Name: Lcl Translation
            Internal Name: Lcl Translation
            Type: Lcl Translation
            Min Limit: 0.000000
            Max Limit: 100.000000
            Is Animatable: true
            Is Temporary: false
            Default Value: X=0.000000, Y=0.000000, Z=0.000000
        Property 65
            Display Name: Lcl Rotation
            Internal Name: Lcl Rotation
            Type: Lcl Rotation
            Min Limit: 0.000000
            Max Limit: 100.000000
            Is Animatable: true
            Is Temporary: false
            Default Value: X=0.000000, Y=0.000000, Z=0.000000
        Property 66
            Display Name: Lcl Scaling
            Internal Name: Lcl Scaling
            Type: Lcl Scaling
            Min Limit: 0.000000
            Max Limit: 100.000000
            Is Animatable: true
            Is Temporary: false
            Default Value: X=1.000000, Y=1.000000, Z=1.000000
        Property 67
            Display Name: Visibility
            Internal Name: Visibility
            Type: Visibility
            Min Limit: 0.000000
            Max Limit: 100.000000
            Is Animatable: true
            Is Temporary: false
            Default Value: 1.000000

          polySurface4

Name: polySurface4
    Property Count: 68
        Property 0
            Display Name: QuaternionInterpolate
            Internal Name: QuaternionInterpolate
            Type: Bool
            Min Limit: 0.000000
            Max Limit: 100.000000
            Is Animatable: false
            Is Temporary: false
            Default Value: false
        Property 1
            Display Name: RotationOffset
            Internal Name: RotationOffset
            Type: Vector
            Min Limit: 0.000000
            Max Limit: 100.000000
            Is Animatable: false
            Is Temporary: false
            Default Value: X=0.000000, Y=0.000000, Z=0.000000
        Property 2
            Display Name: RotationPivot
            Internal Name: RotationPivot
            Type: Vector
            Min Limit: 0.000000
            Max Limit: 100.000000
            Is Animatable: false
            Is Temporary: false
            Default Value: X=-0.000000, Y=-0.000000, Z=0.000000
        Property 3
            Display Name: ScalingOffset
            Internal Name: ScalingOffset
            Type: Vector
            Min Limit: 0.000000
            Max Limit: 100.000000
            Is Animatable: false
            Is Temporary: false
            Default Value: X=0.000000, Y=0.000000, Z=0.000000
        Property 4
            Display Name: ScalingPivot
            Internal Name: ScalingPivot
            Type: Vector
            Min Limit: 0.000000
            Max Limit: 100.000000
            Is Animatable: false
            Is Temporary: false
            Default Value: X=-0.000000, Y=-0.000000, Z=0.000000
        Property 5
            Display Name: TranslationActive
            Internal Name: TranslationActive
            Type: Bool
            Min Limit: 0.000000
            Max Limit: 100.000000
            Is Animatable: false
            Is Temporary: false
            Default Value: false
        Property 6
            Display Name: TranslationMin
            Internal Name: TranslationMin
            Type: Vector
            Min Limit: 0.000000
            Max Limit: 100.000000
            Is Animatable: false
            Is Temporary: false
            Default Value: X=0.000000, Y=0.000000, Z=0.000000
        Property 7
            Display Name: TranslationMax
            Internal Name: TranslationMax
            Type: Vector
            Min Limit: 0.000000
            Max Limit: 100.000000
            Is Animatable: false
            Is Temporary: false
            Default Value: X=0.000000, Y=0.000000, Z=0.000000
        Property 8
            Display Name: TranslationMinX
            Internal Name: TranslationMinX
            Type: Bool
            Min Limit: 0.000000
            Max Limit: 100.000000
            Is Animatable: false
            Is Temporary: false
            Default Value: false
        Property 9
            Display Name: TranslationMinY
            Internal Name: TranslationMinY
            Type: Bool
            Min Limit: 0.000000
            Max Limit: 100.000000
            Is Animatable: false
            Is Temporary: false
            Default Value: false
        Property 10
            Display Name: TranslationMinZ
            Internal Name: TranslationMinZ
            Type: Bool
            Min Limit: 0.000000
            Max Limit: 100.000000
            Is Animatable: false
            Is Temporary: false
            Default Value: false
        Property 11
            Display Name: TranslationMaxX
            Internal Name: TranslationMaxX
            Type: Bool
            Min Limit: 0.000000
            Max Limit: 100.000000
            Is Animatable: false
            Is Temporary: false
            Default Value: false
        Property 12
            Display Name: TranslationMaxY
            Internal Name: TranslationMaxY
            Type: Bool
            Min Limit: 0.000000
            Max Limit: 100.000000
            Is Animatable: false
            Is Temporary: false
            Default Value: false
        Property 13
            Display Name: TranslationMaxZ
            Internal Name: TranslationMaxZ
            Type: Bool
            Min Limit: 0.000000
            Max Limit: 100.000000
            Is Animatable: false
            Is Temporary: false
            Default Value: false
        Property 14
            Display Name: RotationOrder
            Internal Name: RotationOrder
            Type: Enum
            Min Limit: 0.000000
            Max Limit: 100.000000
            Is Animatable: false
            Is Temporary: false
            Default Value: UNIDENTIFIED
        Property 15
            Display Name: RotationSpaceForLimitOnly
            Internal Name: RotationSpaceForLimitOnly
            Type: Bool
            Min Limit: 0.000000
            Max Limit: 100.000000
            Is Animatable: false
            Is Temporary: false
            Default Value: false
        Property 16
            Display Name: RotationStiffnessX
            Internal Name: RotationStiffnessX
            Type: Number
            Min Limit: 0.000000
            Max Limit: 100.000000
            Is Animatable: false
            Is Temporary: false
            Default Value: 0.000000
        Property 17
            Display Name: RotationStiffnessY
            Internal Name: RotationStiffnessY
            Type: Number
            Min Limit: 0.000000
            Max Limit: 100.000000
            Is Animatable: false
            Is Temporary: false
            Default Value: 0.000000
        Property 18
            Display Name: RotationStiffnessZ
            Internal Name: RotationStiffnessZ
            Type: Number
            Min Limit: 0.000000
            Max Limit: 100.000000
            Is Animatable: false
            Is Temporary: false
            Default Value: 0.000000
        Property 19
            Display Name: AxisLen
            Internal Name: AxisLen
            Type: Number
            Min Limit: 0.000000
            Max Limit: 100.000000
            Is Animatable: false
            Is Temporary: false
            Default Value: 10.000000
        Property 20
            Display Name: PreRotation
            Internal Name: PreRotation
            Type: Vector
            Min Limit: 0.000000
            Max Limit: 100.000000
            Is Animatable: false
            Is Temporary: false
            Default Value: X=0.000000, Y=0.000000, Z=0.000000
        Property 21
            Display Name: PostRotation
            Internal Name: PostRotation
            Type: Vector
            Min Limit: 0.000000
            Max Limit: 100.000000
            Is Animatable: false
            Is Temporary: false
            Default Value: X=0.000000, Y=-0.000000, Z=0.000000
        Property 22
            Display Name: RotationActive
            Internal Name: RotationActive
            Type: Bool
            Min Limit: 0.000000
            Max Limit: 100.000000
            Is Animatable: false
            Is Temporary: false
            Default Value: true
        Property 23
            Display Name: RotationMin
            Internal Name: RotationMin
            Type: Vector
            Min Limit: 0.000000
            Max Limit: 100.000000
            Is Animatable: false
            Is Temporary: false
            Default Value: X=0.000000, Y=0.000000, Z=0.000000
        Property 24
            Display Name: RotationMax
            Internal Name: RotationMax
            Type: Vector
            Min Limit: 0.000000
            Max Limit: 100.000000
            Is Animatable: false
            Is Temporary: false
            Default Value: X=0.000000, Y=0.000000, Z=0.000000
        Property 25
            Display Name: RotationMinX
            Internal Name: RotationMinX
            Type: Bool
            Min Limit: 0.000000
            Max Limit: 100.000000
            Is Animatable: false
            Is Temporary: false
            Default Value: false
        Property 26
            Display Name: RotationMinY
            Internal Name: RotationMinY
            Type: Bool
            Min Limit: 0.000000
            Max Limit: 100.000000
            Is Animatable: false
            Is Temporary: false
            Default Value: false
        Property 27
            Display Name: RotationMinZ
            Internal Name: RotationMinZ
            Type: Bool
            Min Limit: 0.000000
            Max Limit: 100.000000
            Is Animatable: false
            Is Temporary: false
            Default Value: false
        Property 28
            Display Name: RotationMaxX
            Internal Name: RotationMaxX
            Type: Bool
            Min Limit: 0.000000
            Max Limit: 100.000000
            Is Animatable: false
            Is Temporary: false
            Default Value: false
        Property 29
            Display Name: RotationMaxY
            Internal Name: RotationMaxY
            Type: Bool
            Min Limit: 0.000000
            Max Limit: 100.000000
            Is Animatable: false
            Is Temporary: false
            Default Value: false
        Property 30
            Display Name: RotationMaxZ
            Internal Name: RotationMaxZ
            Type: Bool
            Min Limit: 0.000000
            Max Limit: 100.000000
            Is Animatable: false
            Is Temporary: false
            Default Value: false
        Property 31
            Display Name: InheritType
            Internal Name: InheritType
            Type: Enum
            Min Limit: 0.000000
            Max Limit: 100.000000
            Is Animatable: false
            Is Temporary: false
            Default Value: UNIDENTIFIED
        Property 32
            Display Name: ScalingActive
            Internal Name: ScalingActive
            Type: Bool
            Min Limit: 0.000000
            Max Limit: 100.000000
            Is Animatable: false
            Is Temporary: false
            Default Value: false
        Property 33
            Display Name: ScalingMin
            Internal Name: ScalingMin
            Type: Vector
            Min Limit: 0.000000
            Max Limit: 100.000000
            Is Animatable: false
            Is Temporary: false
            Default Value: X=0.000000, Y=0.000000, Z=0.000000
        Property 34
            Display Name: ScalingMax
            Internal Name: ScalingMax
            Type: Vector
            Min Limit: 0.000000
            Max Limit: 100.000000
            Is Animatable: false
            Is Temporary: false
            Default Value: X=0.000000, Y=0.000000, Z=0.000000
        Property 35
            Display Name: ScalingMinX
            Internal Name: ScalingMinX
            Type: Bool
            Min Limit: 0.000000
            Max Limit: 100.000000
            Is Animatable: false
            Is Temporary: false
            Default Value: false
        Property 36
            Display Name: ScalingMinY
            Internal Name: ScalingMinY
            Type: Bool
            Min Limit: 0.000000
            Max Limit: 100.000000
            Is Animatable: false
            Is Temporary: false
            Default Value: false
        Property 37
            Display Name: ScalingMinZ
            Internal Name: ScalingMinZ
            Type: Bool
            Min Limit: 0.000000
            Max Limit: 100.000000
            Is Animatable: false
            Is Temporary: false
            Default Value: false
        Property 38
            Display Name: ScalingMaxX
            Internal Name: ScalingMaxX
            Type: Bool
            Min Limit: 0.000000
            Max Limit: 100.000000
            Is Animatable: false
            Is Temporary: false
            Default Value: false
        Property 39
            Display Name: ScalingMaxY
            Internal Name: ScalingMaxY
            Type: Bool
            Min Limit: 0.000000
            Max Limit: 100.000000
            Is Animatable: false
            Is Temporary: false
            Default Value: false
        Property 40
            Display Name: ScalingMaxZ
            Internal Name: ScalingMaxZ
            Type: Bool
            Min Limit: 0.000000
            Max Limit: 100.000000
            Is Animatable: false
            Is Temporary: false
            Default Value: false
        Property 41
            Display Name: GeometricTranslation
            Internal Name: GeometricTranslation
            Type: Vector
            Min Limit: 0.000000
            Max Limit: 100.000000
            Is Animatable: false
            Is Temporary: false
            Default Value: X=0.000000, Y=0.000000, Z=0.000000
        Property 42
            Display Name: GeometricRotation
            Internal Name: GeometricRotation
            Type: Vector
            Min Limit: 0.000000
            Max Limit: 100.000000
            Is Animatable: false
            Is Temporary: false
            Default Value: X=0.000000, Y=0.000000, Z=0.000000
        Property 43
            Display Name: GeometricScaling
            Internal Name: GeometricScaling
            Type: Vector
            Min Limit: 0.000000
            Max Limit: 100.000000
            Is Animatable: false
            Is Temporary: false
            Default Value: X=1.000000, Y=1.000000, Z=1.000000
        Property 44
            Display Name: MinDampRangeX
            Internal Name: MinDampRangeX
            Type: Number
            Min Limit: 0.000000
            Max Limit: 100.000000
            Is Animatable: false
            Is Temporary: false
            Default Value: 0.000000
        Property 45
            Display Name: MinDampRangeY
            Internal Name: MinDampRangeY
            Type: Number
            Min Limit: 0.000000
            Max Limit: 100.000000
            Is Animatable: false
            Is Temporary: false
            Default Value: 0.000000
        Property 46
            Display Name: MinDampRangeZ
            Internal Name: MinDampRangeZ
            Type: Number
            Min Limit: 0.000000
            Max Limit: 100.000000
            Is Animatable: false
            Is Temporary: false
            Default Value: 0.000000
        Property 47
            Display Name: MaxDampRangeX
            Internal Name: MaxDampRangeX
            Type: Number
            Min Limit: 0.000000
            Max Limit: 100.000000
            Is Animatable: false
            Is Temporary: false
            Default Value: 0.000000
        Property 48
            Display Name: MaxDampRangeY
            Internal Name: MaxDampRangeY
            Type: Number
            Min Limit: 0.000000
            Max Limit: 100.000000
            Is Animatable: false
            Is Temporary: false
            Default Value: 0.000000
        Property 49
            Display Name: MaxDampRangeZ
            Internal Name: MaxDampRangeZ
            Type: Number
            Min Limit: 0.000000
            Max Limit: 100.000000
            Is Animatable: false
            Is Temporary: false
            Default Value: 0.000000
        Property 50
            Display Name: MinDampStrengthX
            Internal Name: MinDampStrengthX
            Type: Number
            Min Limit: 0.000000
            Max Limit: 100.000000
            Is Animatable: false
            Is Temporary: false
            Default Value: 0.000000
        Property 51
            Display Name: MinDampStrengthY
            Internal Name: MinDampStrengthY
            Type: Number
            Min Limit: 0.000000
            Max Limit: 100.000000
            Is Animatable: false
            Is Temporary: false
            Default Value: 0.000000
        Property 52
            Display Name: MinDampStrengthZ
            Internal Name: MinDampStrengthZ
            Type: Number
            Min Limit: 0.000000
            Max Limit: 100.000000
            Is Animatable: false
            Is Temporary: false
            Default Value: 0.000000
        Property 53
            Display Name: MaxDampStrengthX
            Internal Name: MaxDampStrengthX
            Type: Number
            Min Limit: 0.000000
            Max Limit: 100.000000
            Is Animatable: false
            Is Temporary: false
            Default Value: 0.000000
        Property 54
            Display Name: MaxDampStrengthY
            Internal Name: MaxDampStrengthY
            Type: Number
            Min Limit: 0.000000
            Max Limit: 100.000000
            Is Animatable: false
            Is Temporary: false
            Default Value: 0.000000
        Property 55
            Display Name: MaxDampStrengthZ
            Internal Name: MaxDampStrengthZ
            Type: Number
            Min Limit: 0.000000
            Max Limit: 100.000000
            Is Animatable: false
            Is Temporary: false
            Default Value: 0.000000
        Property 56
            Display Name: PreferedAngleX
            Internal Name: PreferedAngleX
            Type: Number
            Min Limit: 0.000000
            Max Limit: 100.000000
            Is Animatable: false
            Is Temporary: false
            Default Value: 0.000000
        Property 57
            Display Name: PreferedAngleY
            Internal Name: PreferedAngleY
            Type: Number
            Min Limit: 0.000000
            Max Limit: 100.000000
            Is Animatable: false
            Is Temporary: false
            Default Value: 0.000000
        Property 58
            Display Name: PreferedAngleZ
            Internal Name: PreferedAngleZ
            Type: Number
            Min Limit: 0.000000
            Max Limit: 100.000000
            Is Animatable: false
            Is Temporary: false
            Default Value: 0.000000
        Property 59
            Display Name: LookAtProperty
            Internal Name: LookAtProperty
            Type: object
            Min Limit: 0.000000
            Max Limit: 100.000000
            Is Animatable: false
            Is Temporary: false
            Default Value: UNIDENTIFIED
        Property 60
            Display Name: UpVectorProperty
            Internal Name: UpVectorProperty
            Type: object
            Min Limit: 0.000000
            Max Limit: 100.000000
            Is Animatable: false
            Is Temporary: false
            Default Value: UNIDENTIFIED
        Property 61
            Display Name: Show
            Internal Name: Show
            Type: Bool
            Min Limit: 0.000000
            Max Limit: 100.000000
            Is Animatable: false
            Is Temporary: false
            Default Value: true
        Property 62
            Display Name: NegativePercentShapeSupport
            Internal Name: NegativePercentShapeSupport
            Type: Bool
            Min Limit: 0.000000
            Max Limit: 100.000000
            Is Animatable: false
            Is Temporary: false
            Default Value: true
        Property 63
            Display Name: DefaultAttributeIndex
            Internal Name: DefaultAttributeIndex
            Type: Integer
            Min Limit: 0.000000
            Max Limit: 100.000000
            Is Animatable: false
            Is Temporary: false
            Default Value: 0
        Property 64
            Display Name: Lcl Translation
            Internal Name: Lcl Translation
            Type: Lcl Translation
            Min Limit: 0.000000
            Max Limit: 100.000000
            Is Animatable: true
            Is Temporary: false
            Default Value: X=0.000000, Y=0.000000, Z=0.000000
        Property 65
            Display Name: Lcl Rotation
            Internal Name: Lcl Rotation
            Type: Lcl Rotation
            Min Limit: 0.000000
            Max Limit: 100.000000
            Is Animatable: true
            Is Temporary: false
            Default Value: X=0.000000, Y=0.000000, Z=0.000000
        Property 66
            Display Name: Lcl Scaling
            Internal Name: Lcl Scaling
            Type: Lcl Scaling
            Min Limit: 0.000000
            Max Limit: 100.000000
            Is Animatable: true
            Is Temporary: false
            Default Value: X=1.000000, Y=1.000000, Z=1.000000
        Property 67
            Display Name: Visibility
            Internal Name: Visibility
            Type: Visibility
            Min Limit: 0.000000
            Max Limit: 100.000000
            Is Animatable: true
            Is Temporary: false
            Default Value: 1.000000

pPlane9

Name: pPlane9
    Property Count: 68
        Property 0
            Display Name: QuaternionInterpolate
            Internal Name: QuaternionInterpolate
            Type: Bool
            Min Limit: 0.000000
            Max Limit: 100.000000
            Is Animatable: false
            Is Temporary: false
            Default Value: false
        Property 1
            Display Name: RotationOffset
            Internal Name: RotationOffset
            Type: Vector
            Min Limit: 0.000000
            Max Limit: 100.000000
            Is Animatable: false
            Is Temporary: false
            Default Value: X=0.000000, Y=0.000000, Z=0.000000
        Property 2
            Display Name: RotationPivot
            Internal Name: RotationPivot
            Type: Vector
            Min Limit: 0.000000
            Max Limit: 100.000000
            Is Animatable: false
            Is Temporary: false
            Default Value: X=0.000000, Y=0.000000, Z=0.000000
        Property 3
            Display Name: ScalingOffset
            Internal Name: ScalingOffset
            Type: Vector
            Min Limit: 0.000000
            Max Limit: 100.000000
            Is Animatable: false
            Is Temporary: false
            Default Value: X=0.000000, Y=0.000000, Z=0.000000
        Property 4
            Display Name: ScalingPivot
            Internal Name: ScalingPivot
            Type: Vector
            Min Limit: 0.000000
            Max Limit: 100.000000
            Is Animatable: false
            Is Temporary: false
            Default Value: X=0.000000, Y=0.000000, Z=0.000000
        Property 5
            Display Name: TranslationActive
            Internal Name: TranslationActive
            Type: Bool
            Min Limit: 0.000000
            Max Limit: 100.000000
            Is Animatable: false
            Is Temporary: false
            Default Value: false
        Property 6
            Display Name: TranslationMin
            Internal Name: TranslationMin
            Type: Vector
            Min Limit: 0.000000
            Max Limit: 100.000000
            Is Animatable: false
            Is Temporary: false
            Default Value: X=0.000000, Y=0.000000, Z=0.000000
        Property 7
            Display Name: TranslationMax
            Internal Name: TranslationMax
            Type: Vector
            Min Limit: 0.000000
            Max Limit: 100.000000
            Is Animatable: false
            Is Temporary: false
            Default Value: X=0.000000, Y=0.000000, Z=0.000000
        Property 8
            Display Name: TranslationMinX
            Internal Name: TranslationMinX
            Type: Bool
            Min Limit: 0.000000
            Max Limit: 100.000000
            Is Animatable: false
            Is Temporary: false
            Default Value: false
        Property 9
            Display Name: TranslationMinY
            Internal Name: TranslationMinY
            Type: Bool
            Min Limit: 0.000000
            Max Limit: 100.000000
            Is Animatable: false
            Is Temporary: false
            Default Value: false
        Property 10
            Display Name: TranslationMinZ
            Internal Name: TranslationMinZ
            Type: Bool
            Min Limit: 0.000000
            Max Limit: 100.000000
            Is Animatable: false
            Is Temporary: false
            Default Value: false
        Property 11
            Display Name: TranslationMaxX
            Internal Name: TranslationMaxX
            Type: Bool
            Min Limit: 0.000000
            Max Limit: 100.000000
            Is Animatable: false
            Is Temporary: false
            Default Value: false
        Property 12
            Display Name: TranslationMaxY
            Internal Name: TranslationMaxY
            Type: Bool
            Min Limit: 0.000000
            Max Limit: 100.000000
            Is Animatable: false
            Is Temporary: false
            Default Value: false
        Property 13
            Display Name: TranslationMaxZ
            Internal Name: TranslationMaxZ
            Type: Bool
            Min Limit: 0.000000
            Max Limit: 100.000000
            Is Animatable: false
            Is Temporary: false
            Default Value: false
        Property 14
            Display Name: RotationOrder
            Internal Name: RotationOrder
            Type: Enum
            Min Limit: 0.000000
            Max Limit: 100.000000
            Is Animatable: false
            Is Temporary: false
            Default Value: UNIDENTIFIED
        Property 15
            Display Name: RotationSpaceForLimitOnly
            Internal Name: RotationSpaceForLimitOnly
            Type: Bool
            Min Limit: 0.000000
            Max Limit: 100.000000
            Is Animatable: false
            Is Temporary: false
            Default Value: false
        Property 16
            Display Name: RotationStiffnessX
            Internal Name: RotationStiffnessX
            Type: Number
            Min Limit: 0.000000
            Max Limit: 100.000000
            Is Animatable: false
            Is Temporary: false
            Default Value: 0.000000
        Property 17
            Display Name: RotationStiffnessY
            Internal Name: RotationStiffnessY
            Type: Number
            Min Limit: 0.000000
            Max Limit: 100.000000
            Is Animatable: false
            Is Temporary: false
            Default Value: 0.000000
        Property 18
            Display Name: RotationStiffnessZ
            Internal Name: RotationStiffnessZ
            Type: Number
            Min Limit: 0.000000
            Max Limit: 100.000000
            Is Animatable: false
            Is Temporary: false
            Default Value: 0.000000
        Property 19
            Display Name: AxisLen
            Internal Name: AxisLen
            Type: Number
            Min Limit: 0.000000
            Max Limit: 100.000000
            Is Animatable: false
            Is Temporary: false
            Default Value: 10.000000
        Property 20
            Display Name: PreRotation
            Internal Name: PreRotation
            Type: Vector
            Min Limit: 0.000000
            Max Limit: 100.000000
            Is Animatable: false
            Is Temporary: false
            Default Value: X=0.000000, Y=0.000000, Z=0.000000
        Property 21
            Display Name: PostRotation
            Internal Name: PostRotation
            Type: Vector
            Min Limit: 0.000000
            Max Limit: 100.000000
            Is Animatable: false
            Is Temporary: false
            Default Value: X=0.000000, Y=-0.000000, Z=0.000000
        Property 22
            Display Name: RotationActive
            Internal Name: RotationActive
            Type: Bool
            Min Limit: 0.000000
            Max Limit: 100.000000
            Is Animatable: false
            Is Temporary: false
            Default Value: true
        Property 23
            Display Name: RotationMin
            Internal Name: RotationMin
            Type: Vector
            Min Limit: 0.000000
            Max Limit: 100.000000
            Is Animatable: false
            Is Temporary: false
            Default Value: X=0.000000, Y=0.000000, Z=0.000000
        Property 24
            Display Name: RotationMax
            Internal Name: RotationMax
            Type: Vector
            Min Limit: 0.000000
            Max Limit: 100.000000
            Is Animatable: false
            Is Temporary: false
            Default Value: X=0.000000, Y=0.000000, Z=0.000000
        Property 25
            Display Name: RotationMinX
            Internal Name: RotationMinX
            Type: Bool
            Min Limit: 0.000000
            Max Limit: 100.000000
            Is Animatable: false
            Is Temporary: false
            Default Value: false
        Property 26
            Display Name: RotationMinY
            Internal Name: RotationMinY
            Type: Bool
            Min Limit: 0.000000
            Max Limit: 100.000000
            Is Animatable: false
            Is Temporary: false
            Default Value: false
        Property 27
            Display Name: RotationMinZ
            Internal Name: RotationMinZ
            Type: Bool
            Min Limit: 0.000000
            Max Limit: 100.000000
            Is Animatable: false
            Is Temporary: false
            Default Value: false
        Property 28
            Display Name: RotationMaxX
            Internal Name: RotationMaxX
            Type: Bool
            Min Limit: 0.000000
            Max Limit: 100.000000
            Is Animatable: false
            Is Temporary: false
            Default Value: false
        Property 29
            Display Name: RotationMaxY
            Internal Name: RotationMaxY
            Type: Bool
            Min Limit: 0.000000
            Max Limit: 100.000000
            Is Animatable: false
            Is Temporary: false
            Default Value: false
        Property 30
            Display Name: RotationMaxZ
            Internal Name: RotationMaxZ
            Type: Bool
            Min Limit: 0.000000
            Max Limit: 100.000000
            Is Animatable: false
            Is Temporary: false
            Default Value: false
        Property 31
            Display Name: InheritType
            Internal Name: InheritType
            Type: Enum
            Min Limit: 0.000000
            Max Limit: 100.000000
            Is Animatable: false
            Is Temporary: false
            Default Value: UNIDENTIFIED
        Property 32
            Display Name: ScalingActive
            Internal Name: ScalingActive
            Type: Bool
            Min Limit: 0.000000
            Max Limit: 100.000000
            Is Animatable: false
            Is Temporary: false
            Default Value: false
        Property 33
            Display Name: ScalingMin
            Internal Name: ScalingMin
            Type: Vector
            Min Limit: 0.000000
            Max Limit: 100.000000
            Is Animatable: false
            Is Temporary: false
            Default Value: X=0.000000, Y=0.000000, Z=0.000000
        Property 34
            Display Name: ScalingMax
            Internal Name: ScalingMax
            Type: Vector
            Min Limit: 0.000000
            Max Limit: 100.000000
            Is Animatable: false
            Is Temporary: false
            Default Value: X=0.000000, Y=0.000000, Z=0.000000
        Property 35
            Display Name: ScalingMinX
            Internal Name: ScalingMinX
            Type: Bool
            Min Limit: 0.000000
            Max Limit: 100.000000
            Is Animatable: false
            Is Temporary: false
            Default Value: false
        Property 36
            Display Name: ScalingMinY
            Internal Name: ScalingMinY
            Type: Bool
            Min Limit: 0.000000
            Max Limit: 100.000000
            Is Animatable: false
            Is Temporary: false
            Default Value: false
        Property 37
            Display Name: ScalingMinZ
            Internal Name: ScalingMinZ
            Type: Bool
            Min Limit: 0.000000
            Max Limit: 100.000000
            Is Animatable: false
            Is Temporary: false
            Default Value: false
        Property 38
            Display Name: ScalingMaxX
            Internal Name: ScalingMaxX
            Type: Bool
            Min Limit: 0.000000
            Max Limit: 100.000000
            Is Animatable: false
            Is Temporary: false
            Default Value: false
        Property 39
            Display Name: ScalingMaxY
            Internal Name: ScalingMaxY
            Type: Bool
            Min Limit: 0.000000
            Max Limit: 100.000000
            Is Animatable: false
            Is Temporary: false
            Default Value: false
        Property 40
            Display Name: ScalingMaxZ
            Internal Name: ScalingMaxZ
            Type: Bool
            Min Limit: 0.000000
            Max Limit: 100.000000
            Is Animatable: false
            Is Temporary: false
            Default Value: false
        Property 41
            Display Name: GeometricTranslation
            Internal Name: GeometricTranslation
            Type: Vector
            Min Limit: 0.000000
            Max Limit: 100.000000
            Is Animatable: false
            Is Temporary: false
            Default Value: X=0.000000, Y=0.000000, Z=0.000000
        Property 42
            Display Name: GeometricRotation
            Internal Name: GeometricRotation
            Type: Vector
            Min Limit: 0.000000
            Max Limit: 100.000000
            Is Animatable: false
            Is Temporary: false
            Default Value: X=0.000000, Y=0.000000, Z=0.000000
        Property 43
            Display Name: GeometricScaling
            Internal Name: GeometricScaling
            Type: Vector
            Min Limit: 0.000000
            Max Limit: 100.000000
            Is Animatable: false
            Is Temporary: false
            Default Value: X=1.000000, Y=1.000000, Z=1.000000
        Property 44
            Display Name: MinDampRangeX
            Internal Name: MinDampRangeX
            Type: Number
            Min Limit: 0.000000
            Max Limit: 100.000000
            Is Animatable: false
            Is Temporary: false
            Default Value: 0.000000
        Property 45
            Display Name: MinDampRangeY
            Internal Name: MinDampRangeY
            Type: Number
            Min Limit: 0.000000
            Max Limit: 100.000000
            Is Animatable: false
            Is Temporary: false
            Default Value: 0.000000
        Property 46
            Display Name: MinDampRangeZ
            Internal Name: MinDampRangeZ
            Type: Number
            Min Limit: 0.000000
            Max Limit: 100.000000
            Is Animatable: false
            Is Temporary: false
            Default Value: 0.000000
        Property 47
            Display Name: MaxDampRangeX
            Internal Name: MaxDampRangeX
            Type: Number
            Min Limit: 0.000000
            Max Limit: 100.000000
            Is Animatable: false
            Is Temporary: false
            Default Value: 0.000000
        Property 48
            Display Name: MaxDampRangeY
            Internal Name: MaxDampRangeY
            Type: Number
            Min Limit: 0.000000
            Max Limit: 100.000000
            Is Animatable: false
            Is Temporary: false
            Default Value: 0.000000
        Property 49
            Display Name: MaxDampRangeZ
            Internal Name: MaxDampRangeZ
            Type: Number
            Min Limit: 0.000000
            Max Limit: 100.000000
            Is Animatable: false
            Is Temporary: false
            Default Value: 0.000000
        Property 50
            Display Name: MinDampStrengthX
            Internal Name: MinDampStrengthX
            Type: Number
            Min Limit: 0.000000
            Max Limit: 100.000000
            Is Animatable: false
            Is Temporary: false
            Default Value: 0.000000
        Property 51
            Display Name: MinDampStrengthY
            Internal Name: MinDampStrengthY
            Type: Number
            Min Limit: 0.000000
            Max Limit: 100.000000
            Is Animatable: false
            Is Temporary: false
            Default Value: 0.000000
        Property 52
            Display Name: MinDampStrengthZ
            Internal Name: MinDampStrengthZ
            Type: Number
            Min Limit: 0.000000
            Max Limit: 100.000000
            Is Animatable: false
            Is Temporary: false
            Default Value: 0.000000
        Property 53
            Display Name: MaxDampStrengthX
            Internal Name: MaxDampStrengthX
            Type: Number
            Min Limit: 0.000000
            Max Limit: 100.000000
            Is Animatable: false
            Is Temporary: false
            Default Value: 0.000000
        Property 54
            Display Name: MaxDampStrengthY
            Internal Name: MaxDampStrengthY
            Type: Number
            Min Limit: 0.000000
            Max Limit: 100.000000
            Is Animatable: false
            Is Temporary: false
            Default Value: 0.000000
        Property 55
            Display Name: MaxDampStrengthZ
            Internal Name: MaxDampStrengthZ
            Type: Number
            Min Limit: 0.000000
            Max Limit: 100.000000
            Is Animatable: false
            Is Temporary: false
            Default Value: 0.000000
        Property 56
            Display Name: PreferedAngleX
            Internal Name: PreferedAngleX
            Type: Number
            Min Limit: 0.000000
            Max Limit: 100.000000
            Is Animatable: false
            Is Temporary: false
            Default Value: 0.000000
        Property 57
            Display Name: PreferedAngleY
            Internal Name: PreferedAngleY
            Type: Number
            Min Limit: 0.000000
            Max Limit: 100.000000
            Is Animatable: false
            Is Temporary: false
            Default Value: 0.000000
        Property 58
            Display Name: PreferedAngleZ
            Internal Name: PreferedAngleZ
            Type: Number
            Min Limit: 0.000000
            Max Limit: 100.000000
            Is Animatable: false
            Is Temporary: false
            Default Value: 0.000000
        Property 59
            Display Name: LookAtProperty
            Internal Name: LookAtProperty
            Type: object
            Min Limit: 0.000000
            Max Limit: 100.000000
            Is Animatable: false
            Is Temporary: false
            Default Value: UNIDENTIFIED
        Property 60
            Display Name: UpVectorProperty
            Internal Name: UpVectorProperty
            Type: object
            Min Limit: 0.000000
            Max Limit: 100.000000
            Is Animatable: false
            Is Temporary: false
            Default Value: UNIDENTIFIED
        Property 61
            Display Name: Show
            Internal Name: Show
            Type: Bool
            Min Limit: 0.000000
            Max Limit: 100.000000
            Is Animatable: false
            Is Temporary: false
            Default Value: true
        Property 62
            Display Name: NegativePercentShapeSupport
            Internal Name: NegativePercentShapeSupport
            Type: Bool
            Min Limit: 0.000000
            Max Limit: 100.000000
            Is Animatable: false
            Is Temporary: false
            Default Value: true
        Property 63
            Display Name: DefaultAttributeIndex
            Internal Name: DefaultAttributeIndex
            Type: Integer
            Min Limit: 0.000000
            Max Limit: 100.000000
            Is Animatable: false
            Is Temporary: false
            Default Value: 0
        Property 64
            Display Name: Lcl Translation
            Internal Name: Lcl Translation
            Type: Lcl Translation
            Min Limit: 0.000000
            Max Limit: 100.000000
            Is Animatable: true
            Is Temporary: false
            Default Value: X=3643.269043, Y=836.461487, Z=-816.363708
        Property 65
            Display Name: Lcl Rotation
            Internal Name: Lcl Rotation
            Type: Lcl Rotation
            Min Limit: 0.000000
            Max Limit: 100.000000
            Is Animatable: true
            Is Temporary: false
            Default Value: X=85.269302, Y=0.000000, Z=0.000000
        Property 66
            Display Name: Lcl Scaling
            Internal Name: Lcl Scaling
            Type: Lcl Scaling
            Min Limit: 0.000000
            Max Limit: 100.000000
            Is Animatable: true
            Is Temporary: false
            Default Value: X=1376.471069, Y=1376.471069, Z=1376.471069
        Property 67
            Display Name: Visibility
            Internal Name: Visibility
            Type: Visibility
            Min Limit: 0.000000
            Max Limit: 100.000000
            Is Animatable: true
            Is Temporary: false
            Default Value: 1.000000

pPlane10

Name: pPlane10
    Property Count: 68
        Property 0
            Display Name: QuaternionInterpolate
            Internal Name: QuaternionInterpolate
            Type: Bool
            Min Limit: 0.000000
            Max Limit: 100.000000
            Is Animatable: false
            Is Temporary: false
            Default Value: false
        Property 1
            Display Name: RotationOffset
            Internal Name: RotationOffset
            Type: Vector
            Min Limit: 0.000000
            Max Limit: 100.000000
            Is Animatable: false
            Is Temporary: false
            Default Value: X=0.000000, Y=0.000000, Z=0.000000
        Property 2
            Display Name: RotationPivot
            Internal Name: RotationPivot
            Type: Vector
            Min Limit: 0.000000
            Max Limit: 100.000000
            Is Animatable: false
            Is Temporary: false
            Default Value: X=0.000000, Y=0.000000, Z=0.000000
        Property 3
            Display Name: ScalingOffset
            Internal Name: ScalingOffset
            Type: Vector
            Min Limit: 0.000000
            Max Limit: 100.000000
            Is Animatable: false
            Is Temporary: false
            Default Value: X=0.000000, Y=0.000000, Z=0.000000
        Property 4
            Display Name: ScalingPivot
            Internal Name: ScalingPivot
            Type: Vector
            Min Limit: 0.000000
            Max Limit: 100.000000
            Is Animatable: false
            Is Temporary: false
            Default Value: X=0.000000, Y=0.000000, Z=0.000000
        Property 5
            Display Name: TranslationActive
            Internal Name: TranslationActive
            Type: Bool
            Min Limit: 0.000000
            Max Limit: 100.000000
            Is Animatable: false
            Is Temporary: false
            Default Value: false
        Property 6
            Display Name: TranslationMin
            Internal Name: TranslationMin
            Type: Vector
            Min Limit: 0.000000
            Max Limit: 100.000000
            Is Animatable: false
            Is Temporary: false
            Default Value: X=0.000000, Y=0.000000, Z=0.000000
        Property 7
            Display Name: TranslationMax
            Internal Name: TranslationMax
            Type: Vector
            Min Limit: 0.000000
            Max Limit: 100.000000
            Is Animatable: false
            Is Temporary: false
            Default Value: X=0.000000, Y=0.000000, Z=0.000000
        Property 8
            Display Name: TranslationMinX
            Internal Name: TranslationMinX
            Type: Bool
            Min Limit: 0.000000
            Max Limit: 100.000000
            Is Animatable: false
            Is Temporary: false
            Default Value: false
        Property 9
            Display Name: TranslationMinY
            Internal Name: TranslationMinY
            Type: Bool
            Min Limit: 0.000000
            Max Limit: 100.000000
            Is Animatable: false
            Is Temporary: false
            Default Value: false
        Property 10
            Display Name: TranslationMinZ
            Internal Name: TranslationMinZ
            Type: Bool
            Min Limit: 0.000000
            Max Limit: 100.000000
            Is Animatable: false
            Is Temporary: false
            Default Value: false
        Property 11
            Display Name: TranslationMaxX
            Internal Name: TranslationMaxX
            Type: Bool
            Min Limit: 0.000000
            Max Limit: 100.000000
            Is Animatable: false
            Is Temporary: false
            Default Value: false
        Property 12
            Display Name: TranslationMaxY
            Internal Name: TranslationMaxY
            Type: Bool
            Min Limit: 0.000000
            Max Limit: 100.000000
            Is Animatable: false
            Is Temporary: false
            Default Value: false
        Property 13
            Display Name: TranslationMaxZ
            Internal Name: TranslationMaxZ
            Type: Bool
            Min Limit: 0.000000
            Max Limit: 100.000000
            Is Animatable: false
            Is Temporary: false
            Default Value: false
        Property 14
            Display Name: RotationOrder
            Internal Name: RotationOrder
            Type: Enum
            Min Limit: 0.000000
            Max Limit: 100.000000
            Is Animatable: false
            Is Temporary: false
            Default Value: UNIDENTIFIED
        Property 15
            Display Name: RotationSpaceForLimitOnly
            Internal Name: RotationSpaceForLimitOnly
            Type: Bool
            Min Limit: 0.000000
            Max Limit: 100.000000
            Is Animatable: false
            Is Temporary: false
            Default Value: false
        Property 16
            Display Name: RotationStiffnessX
            Internal Name: RotationStiffnessX
            Type: Number
            Min Limit: 0.000000
            Max Limit: 100.000000
            Is Animatable: false
            Is Temporary: false
            Default Value: 0.000000
        Property 17
            Display Name: RotationStiffnessY
            Internal Name: RotationStiffnessY
            Type: Number
            Min Limit: 0.000000
            Max Limit: 100.000000
            Is Animatable: false
            Is Temporary: false
            Default Value: 0.000000
        Property 18
            Display Name: RotationStiffnessZ
            Internal Name: RotationStiffnessZ
            Type: Number
            Min Limit: 0.000000
            Max Limit: 100.000000
            Is Animatable: false
            Is Temporary: false
            Default Value: 0.000000
        Property 19
            Display Name: AxisLen
            Internal Name: AxisLen
            Type: Number
            Min Limit: 0.000000
            Max Limit: 100.000000
            Is Animatable: false
            Is Temporary: false
            Default Value: 10.000000
        Property 20
            Display Name: PreRotation
            Internal Name: PreRotation
            Type: Vector
            Min Limit: 0.000000
            Max Limit: 100.000000
            Is Animatable: false
            Is Temporary: false
            Default Value: X=0.000000, Y=0.000000, Z=0.000000
        Property 21
            Display Name: PostRotation
            Internal Name: PostRotation
            Type: Vector
            Min Limit: 0.000000
            Max Limit: 100.000000
            Is Animatable: false
            Is Temporary: false
            Default Value: X=0.000000, Y=-0.000000, Z=0.000000
        Property 22
            Display Name: RotationActive
            Internal Name: RotationActive
            Type: Bool
            Min Limit: 0.000000
            Max Limit: 100.000000
            Is Animatable: false
            Is Temporary: false
            Default Value: true
        Property 23
            Display Name: RotationMin
            Internal Name: RotationMin
            Type: Vector
            Min Limit: 0.000000
            Max Limit: 100.000000
            Is Animatable: false
            Is Temporary: false
            Default Value: X=0.000000, Y=0.000000, Z=0.000000
        Property 24
            Display Name: RotationMax
            Internal Name: RotationMax
            Type: Vector
            Min Limit: 0.000000
            Max Limit: 100.000000
            Is Animatable: false
            Is Temporary: false
            Default Value: X=0.000000, Y=0.000000, Z=0.000000
        Property 25
            Display Name: RotationMinX
            Internal Name: RotationMinX
            Type: Bool
            Min Limit: 0.000000
            Max Limit: 100.000000
            Is Animatable: false
            Is Temporary: false
            Default Value: false
        Property 26
            Display Name: RotationMinY
            Internal Name: RotationMinY
            Type: Bool
            Min Limit: 0.000000
            Max Limit: 100.000000
            Is Animatable: false
            Is Temporary: false
            Default Value: false
        Property 27
            Display Name: RotationMinZ
            Internal Name: RotationMinZ
            Type: Bool
            Min Limit: 0.000000
            Max Limit: 100.000000
            Is Animatable: false
            Is Temporary: false
            Default Value: false
        Property 28
            Display Name: RotationMaxX
            Internal Name: RotationMaxX
            Type: Bool
            Min Limit: 0.000000
            Max Limit: 100.000000
            Is Animatable: false
            Is Temporary: false
            Default Value: false
        Property 29
            Display Name: RotationMaxY
            Internal Name: RotationMaxY
            Type: Bool
            Min Limit: 0.000000
            Max Limit: 100.000000
            Is Animatable: false
            Is Temporary: false
            Default Value: false
        Property 30
            Display Name: RotationMaxZ
            Internal Name: RotationMaxZ
            Type: Bool
            Min Limit: 0.000000
            Max Limit: 100.000000
            Is Animatable: false
            Is Temporary: false
            Default Value: false
        Property 31
            Display Name: InheritType
            Internal Name: InheritType
            Type: Enum
            Min Limit: 0.000000
            Max Limit: 100.000000
            Is Animatable: false
            Is Temporary: false
            Default Value: UNIDENTIFIED
        Property 32
            Display Name: ScalingActive
            Internal Name: ScalingActive
            Type: Bool
            Min Limit: 0.000000
            Max Limit: 100.000000
            Is Animatable: false
            Is Temporary: false
            Default Value: false
        Property 33
            Display Name: ScalingMin
            Internal Name: ScalingMin
            Type: Vector
            Min Limit: 0.000000
            Max Limit: 100.000000
            Is Animatable: false
            Is Temporary: false
            Default Value: X=0.000000, Y=0.000000, Z=0.000000
        Property 34
            Display Name: ScalingMax
            Internal Name: ScalingMax
            Type: Vector
            Min Limit: 0.000000
            Max Limit: 100.000000
            Is Animatable: false
            Is Temporary: false
            Default Value: X=0.000000, Y=0.000000, Z=0.000000
        Property 35
            Display Name: ScalingMinX
            Internal Name: ScalingMinX
            Type: Bool
            Min Limit: 0.000000
            Max Limit: 100.000000
            Is Animatable: false
            Is Temporary: false
            Default Value: false
        Property 36
            Display Name: ScalingMinY
            Internal Name: ScalingMinY
            Type: Bool
            Min Limit: 0.000000
            Max Limit: 100.000000
            Is Animatable: false
            Is Temporary: false
            Default Value: false
        Property 37
            Display Name: ScalingMinZ
            Internal Name: ScalingMinZ
            Type: Bool
            Min Limit: 0.000000
            Max Limit: 100.000000
            Is Animatable: false
            Is Temporary: false
            Default Value: false
        Property 38
            Display Name: ScalingMaxX
            Internal Name: ScalingMaxX
            Type: Bool
            Min Limit: 0.000000
            Max Limit: 100.000000
            Is Animatable: false
            Is Temporary: false
            Default Value: false
        Property 39
            Display Name: ScalingMaxY
            Internal Name: ScalingMaxY
            Type: Bool
            Min Limit: 0.000000
            Max Limit: 100.000000
            Is Animatable: false
            Is Temporary: false
            Default Value: false
        Property 40
            Display Name: ScalingMaxZ
            Internal Name: ScalingMaxZ
            Type: Bool
            Min Limit: 0.000000
            Max Limit: 100.000000
            Is Animatable: false
            Is Temporary: false
            Default Value: false
        Property 41
            Display Name: GeometricTranslation
            Internal Name: GeometricTranslation
            Type: Vector
            Min Limit: 0.000000
            Max Limit: 100.000000
            Is Animatable: false
            Is Temporary: false
            Default Value: X=0.000000, Y=0.000000, Z=0.000000
        Property 42
            Display Name: GeometricRotation
            Internal Name: GeometricRotation
            Type: Vector
            Min Limit: 0.000000
            Max Limit: 100.000000
            Is Animatable: false
            Is Temporary: false
            Default Value: X=0.000000, Y=0.000000, Z=0.000000
        Property 43
            Display Name: GeometricScaling
            Internal Name: GeometricScaling
            Type: Vector
            Min Limit: 0.000000
            Max Limit: 100.000000
            Is Animatable: false
            Is Temporary: false
            Default Value: X=1.000000, Y=1.000000, Z=1.000000
        Property 44
            Display Name: MinDampRangeX
            Internal Name: MinDampRangeX
            Type: Number
            Min Limit: 0.000000
            Max Limit: 100.000000
            Is Animatable: false
            Is Temporary: false
            Default Value: 0.000000
        Property 45
            Display Name: MinDampRangeY
            Internal Name: MinDampRangeY
            Type: Number
            Min Limit: 0.000000
            Max Limit: 100.000000
            Is Animatable: false
            Is Temporary: false
            Default Value: 0.000000
        Property 46
            Display Name: MinDampRangeZ
            Internal Name: MinDampRangeZ
            Type: Number
            Min Limit: 0.000000
            Max Limit: 100.000000
            Is Animatable: false
            Is Temporary: false
            Default Value: 0.000000
        Property 47
            Display Name: MaxDampRangeX
            Internal Name: MaxDampRangeX
            Type: Number
            Min Limit: 0.000000
            Max Limit: 100.000000
            Is Animatable: false
            Is Temporary: false
            Default Value: 0.000000
        Property 48
            Display Name: MaxDampRangeY
            Internal Name: MaxDampRangeY
            Type: Number
            Min Limit: 0.000000
            Max Limit: 100.000000
            Is Animatable: false
            Is Temporary: false
            Default Value: 0.000000
        Property 49
            Display Name: MaxDampRangeZ
            Internal Name: MaxDampRangeZ
            Type: Number
            Min Limit: 0.000000
            Max Limit: 100.000000
            Is Animatable: false
            Is Temporary: false
            Default Value: 0.000000
        Property 50
            Display Name: MinDampStrengthX
            Internal Name: MinDampStrengthX
            Type: Number
            Min Limit: 0.000000
            Max Limit: 100.000000
            Is Animatable: false
            Is Temporary: false
            Default Value: 0.000000
        Property 51
            Display Name: MinDampStrengthY
            Internal Name: MinDampStrengthY
            Type: Number
            Min Limit: 0.000000
            Max Limit: 100.000000
            Is Animatable: false
            Is Temporary: false
            Default Value: 0.000000
        Property 52
            Display Name: MinDampStrengthZ
            Internal Name: MinDampStrengthZ
            Type: Number
            Min Limit: 0.000000
            Max Limit: 100.000000
            Is Animatable: false
            Is Temporary: false
            Default Value: 0.000000
        Property 53
            Display Name: MaxDampStrengthX
            Internal Name: MaxDampStrengthX
            Type: Number
            Min Limit: 0.000000
            Max Limit: 100.000000
            Is Animatable: false
            Is Temporary: false
            Default Value: 0.000000
        Property 54
            Display Name: MaxDampStrengthY
            Internal Name: MaxDampStrengthY
            Type: Number
            Min Limit: 0.000000
            Max Limit: 100.000000
            Is Animatable: false
            Is Temporary: false
            Default Value: 0.000000
        Property 55
            Display Name: MaxDampStrengthZ
            Internal Name: MaxDampStrengthZ
            Type: Number
            Min Limit: 0.000000
            Max Limit: 100.000000
            Is Animatable: false
            Is Temporary: false
            Default Value: 0.000000
        Property 56
            Display Name: PreferedAngleX
            Internal Name: PreferedAngleX
            Type: Number
            Min Limit: 0.000000
            Max Limit: 100.000000
            Is Animatable: false
            Is Temporary: false
            Default Value: 0.000000
        Property 57
            Display Name: PreferedAngleY
            Internal Name: PreferedAngleY
            Type: Number
            Min Limit: 0.000000
            Max Limit: 100.000000
            Is Animatable: false
            Is Temporary: false
            Default Value: 0.000000
        Property 58
            Display Name: PreferedAngleZ
            Internal Name: PreferedAngleZ
            Type: Number
            Min Limit: 0.000000
            Max Limit: 100.000000
            Is Animatable: false
            Is Temporary: false
            Default Value: 0.000000
        Property 59
            Display Name: LookAtProperty
            Internal Name: LookAtProperty
            Type: object
            Min Limit: 0.000000
            Max Limit: 100.000000
            Is Animatable: false
            Is Temporary: false
            Default Value: UNIDENTIFIED
        Property 60
            Display Name: UpVectorProperty
            Internal Name: UpVectorProperty
            Type: object
            Min Limit: 0.000000
            Max Limit: 100.000000
            Is Animatable: false
            Is Temporary: false
            Default Value: UNIDENTIFIED
        Property 61
            Display Name: Show
            Internal Name: Show
            Type: Bool
            Min Limit: 0.000000
            Max Limit: 100.000000
            Is Animatable: false
            Is Temporary: false
            Default Value: true
        Property 62
            Display Name: NegativePercentShapeSupport
            Internal Name: NegativePercentShapeSupport
            Type: Bool
            Min Limit: 0.000000
            Max Limit: 100.000000
            Is Animatable: false
            Is Temporary: false
            Default Value: true
        Property 63
            Display Name: DefaultAttributeIndex
            Internal Name: DefaultAttributeIndex
            Type: Integer
            Min Limit: 0.000000
            Max Limit: 100.000000
            Is Animatable: false
            Is Temporary: false
            Default Value: 0
        Property 64
            Display Name: Lcl Translation
            Internal Name: Lcl Translation
            Type: Lcl Translation
            Min Limit: 0.000000
            Max Limit: 100.000000
            Is Animatable: true
            Is Temporary: false
            Default Value: X=3564.059082, Y=770.540649, Z=-816.363708
        Property 65
            Display Name: Lcl Rotation
            Internal Name: Lcl Rotation
            Type: Lcl Rotation
            Min Limit: 0.000000
            Max Limit: 100.000000
            Is Animatable: true
            Is Temporary: false
            Default Value: X=85.269302, Y=0.000000, Z=0.000000
        Property 66
            Display Name: Lcl Scaling
            Internal Name: Lcl Scaling
            Type: Lcl Scaling
            Min Limit: 0.000000
            Max Limit: 100.000000
            Is Animatable: true
            Is Temporary: false
            Default Value: X=1376.471069, Y=1376.471069, Z=1376.471069
        Property 67
            Display Name: Visibility
            Internal Name: Visibility
            Type: Visibility
            Min Limit: 0.000000
            Max Limit: 100.000000
            Is Animatable: true
            Is Temporary: false
            Default Value: 1.000000

pPlane11

Name: pPlane11
    Property Count: 68
        Property 0
            Display Name: QuaternionInterpolate
            Internal Name: QuaternionInterpolate
            Type: Bool
            Min Limit: 0.000000
            Max Limit: 100.000000
            Is Animatable: false
            Is Temporary: false
            Default Value: false
        Property 1
            Display Name: RotationOffset
            Internal Name: RotationOffset
            Type: Vector
            Min Limit: 0.000000
            Max Limit: 100.000000
            Is Animatable: false
            Is Temporary: false
            Default Value: X=0.000000, Y=0.000000, Z=0.000000
        Property 2
            Display Name: RotationPivot
            Internal Name: RotationPivot
            Type: Vector
            Min Limit: 0.000000
            Max Limit: 100.000000
            Is Animatable: false
            Is Temporary: false
            Default Value: X=0.000000, Y=0.000000, Z=0.000000
        Property 3
            Display Name: ScalingOffset
            Internal Name: ScalingOffset
            Type: Vector
            Min Limit: 0.000000
            Max Limit: 100.000000
            Is Animatable: false
            Is Temporary: false
            Default Value: X=0.000000, Y=0.000000, Z=0.000000
        Property 4
            Display Name: ScalingPivot
            Internal Name: ScalingPivot
            Type: Vector
            Min Limit: 0.000000
            Max Limit: 100.000000
            Is Animatable: false
            Is Temporary: false
            Default Value: X=0.000000, Y=0.000000, Z=0.000000
        Property 5
            Display Name: TranslationActive
            Internal Name: TranslationActive
            Type: Bool
            Min Limit: 0.000000
            Max Limit: 100.000000
            Is Animatable: false
            Is Temporary: false
            Default Value: false
        Property 6
            Display Name: TranslationMin
            Internal Name: TranslationMin
            Type: Vector
            Min Limit: 0.000000
            Max Limit: 100.000000
            Is Animatable: false
            Is Temporary: false
            Default Value: X=0.000000, Y=0.000000, Z=0.000000
        Property 7
            Display Name: TranslationMax
            Internal Name: TranslationMax
            Type: Vector
            Min Limit: 0.000000
            Max Limit: 100.000000
            Is Animatable: false
            Is Temporary: false
            Default Value: X=0.000000, Y=0.000000, Z=0.000000
        Property 8
            Display Name: TranslationMinX
            Internal Name: TranslationMinX
            Type: Bool
            Min Limit: 0.000000
            Max Limit: 100.000000
            Is Animatable: false
            Is Temporary: false
            Default Value: false
        Property 9
            Display Name: TranslationMinY
            Internal Name: TranslationMinY
            Type: Bool
            Min Limit: 0.000000
            Max Limit: 100.000000
            Is Animatable: false
            Is Temporary: false
            Default Value: false
        Property 10
            Display Name: TranslationMinZ
            Internal Name: TranslationMinZ
            Type: Bool
            Min Limit: 0.000000
            Max Limit: 100.000000
            Is Animatable: false
            Is Temporary: false
            Default Value: false
        Property 11
            Display Name: TranslationMaxX
            Internal Name: TranslationMaxX
            Type: Bool
            Min Limit: 0.000000
            Max Limit: 100.000000
            Is Animatable: false
            Is Temporary: false
            Default Value: false
        Property 12
            Display Name: TranslationMaxY
            Internal Name: TranslationMaxY
            Type: Bool
            Min Limit: 0.000000
            Max Limit: 100.000000
            Is Animatable: false
            Is Temporary: false
            Default Value: false
        Property 13
            Display Name: TranslationMaxZ
            Internal Name: TranslationMaxZ
            Type: Bool
            Min Limit: 0.000000
            Max Limit: 100.000000
            Is Animatable: false
            Is Temporary: false
            Default Value: false
        Property 14
            Display Name: RotationOrder
            Internal Name: RotationOrder
            Type: Enum
            Min Limit: 0.000000
            Max Limit: 100.000000
            Is Animatable: false
            Is Temporary: false
            Default Value: UNIDENTIFIED
        Property 15
            Display Name: RotationSpaceForLimitOnly
            Internal Name: RotationSpaceForLimitOnly
            Type: Bool
            Min Limit: 0.000000
            Max Limit: 100.000000
            Is Animatable: false
            Is Temporary: false
            Default Value: false
        Property 16
            Display Name: RotationStiffnessX
            Internal Name: RotationStiffnessX
            Type: Number
            Min Limit: 0.000000
            Max Limit: 100.000000
            Is Animatable: false
            Is Temporary: false
            Default Value: 0.000000
        Property 17
            Display Name: RotationStiffnessY
            Internal Name: RotationStiffnessY
            Type: Number
            Min Limit: 0.000000
            Max Limit: 100.000000
            Is Animatable: false
            Is Temporary: false
            Default Value: 0.000000
        Property 18
            Display Name: RotationStiffnessZ
            Internal Name: RotationStiffnessZ
            Type: Number
            Min Limit: 0.000000
            Max Limit: 100.000000
            Is Animatable: false
            Is Temporary: false
            Default Value: 0.000000
        Property 19
            Display Name: AxisLen
            Internal Name: AxisLen
            Type: Number
            Min Limit: 0.000000
            Max Limit: 100.000000
            Is Animatable: false
            Is Temporary: false
            Default Value: 10.000000
        Property 20
            Display Name: PreRotation
            Internal Name: PreRotation
            Type: Vector
            Min Limit: 0.000000
            Max Limit: 100.000000
            Is Animatable: false
            Is Temporary: false
            Default Value: X=0.000000, Y=0.000000, Z=0.000000
        Property 21
            Display Name: PostRotation
            Internal Name: PostRotation
            Type: Vector
            Min Limit: 0.000000
            Max Limit: 100.000000
            Is Animatable: false
            Is Temporary: false
            Default Value: X=0.000000, Y=-0.000000, Z=0.000000
        Property 22
            Display Name: RotationActive
            Internal Name: RotationActive
            Type: Bool
            Min Limit: 0.000000
            Max Limit: 100.000000
            Is Animatable: false
            Is Temporary: false
            Default Value: true
        Property 23
            Display Name: RotationMin
            Internal Name: RotationMin
            Type: Vector
            Min Limit: 0.000000
            Max Limit: 100.000000
            Is Animatable: false
            Is Temporary: false
            Default Value: X=0.000000, Y=0.000000, Z=0.000000
        Property 24
            Display Name: RotationMax
            Internal Name: RotationMax
            Type: Vector
            Min Limit: 0.000000
            Max Limit: 100.000000
            Is Animatable: false
            Is Temporary: false
            Default Value: X=0.000000, Y=0.000000, Z=0.000000
        Property 25
            Display Name: RotationMinX
            Internal Name: RotationMinX
            Type: Bool
            Min Limit: 0.000000
            Max Limit: 100.000000
            Is Animatable: false
            Is Temporary: false
            Default Value: false
        Property 26
            Display Name: RotationMinY
            Internal Name: RotationMinY
            Type: Bool
            Min Limit: 0.000000
            Max Limit: 100.000000
            Is Animatable: false
            Is Temporary: false
            Default Value: false
        Property 27
            Display Name: RotationMinZ
            Internal Name: RotationMinZ
            Type: Bool
            Min Limit: 0.000000
            Max Limit: 100.000000
            Is Animatable: false
            Is Temporary: false
            Default Value: false
        Property 28
            Display Name: RotationMaxX
            Internal Name: RotationMaxX
            Type: Bool
            Min Limit: 0.000000
            Max Limit: 100.000000
            Is Animatable: false
            Is Temporary: false
            Default Value: false
        Property 29
            Display Name: RotationMaxY
            Internal Name: RotationMaxY
            Type: Bool
            Min Limit: 0.000000
            Max Limit: 100.000000
            Is Animatable: false
            Is Temporary: false
            Default Value: false
        Property 30
            Display Name: RotationMaxZ
            Internal Name: RotationMaxZ
            Type: Bool
            Min Limit: 0.000000
            Max Limit: 100.000000
            Is Animatable: false
            Is Temporary: false
            Default Value: false
        Property 31
            Display Name: InheritType
            Internal Name: InheritType
            Type: Enum
            Min Limit: 0.000000
            Max Limit: 100.000000
            Is Animatable: false
            Is Temporary: false
            Default Value: UNIDENTIFIED
        Property 32
            Display Name: ScalingActive
            Internal Name: ScalingActive
            Type: Bool
            Min Limit: 0.000000
            Max Limit: 100.000000
            Is Animatable: false
            Is Temporary: false
            Default Value: false
        Property 33
            Display Name: ScalingMin
            Internal Name: ScalingMin
            Type: Vector
            Min Limit: 0.000000
            Max Limit: 100.000000
            Is Animatable: false
            Is Temporary: false
            Default Value: X=0.000000, Y=0.000000, Z=0.000000
        Property 34
            Display Name: ScalingMax
            Internal Name: ScalingMax
            Type: Vector
            Min Limit: 0.000000
            Max Limit: 100.000000
            Is Animatable: false
            Is Temporary: false
            Default Value: X=0.000000, Y=0.000000, Z=0.000000
        Property 35
            Display Name: ScalingMinX
            Internal Name: ScalingMinX
            Type: Bool
            Min Limit: 0.000000
            Max Limit: 100.000000
            Is Animatable: false
            Is Temporary: false
            Default Value: false
        Property 36
            Display Name: ScalingMinY
            Internal Name: ScalingMinY
            Type: Bool
            Min Limit: 0.000000
            Max Limit: 100.000000
            Is Animatable: false
            Is Temporary: false
            Default Value: false
        Property 37
            Display Name: ScalingMinZ
            Internal Name: ScalingMinZ
            Type: Bool
            Min Limit: 0.000000
            Max Limit: 100.000000
            Is Animatable: false
            Is Temporary: false
            Default Value: false
        Property 38
            Display Name: ScalingMaxX
            Internal Name: ScalingMaxX
            Type: Bool
            Min Limit: 0.000000
            Max Limit: 100.000000
            Is Animatable: false
            Is Temporary: false
            Default Value: false
        Property 39
            Display Name: ScalingMaxY
            Internal Name: ScalingMaxY
            Type: Bool
            Min Limit: 0.000000
            Max Limit: 100.000000
            Is Animatable: false
            Is Temporary: false
            Default Value: false
        Property 40
            Display Name: ScalingMaxZ
            Internal Name: ScalingMaxZ
            Type: Bool
            Min Limit: 0.000000
            Max Limit: 100.000000
            Is Animatable: false
            Is Temporary: false
            Default Value: false
        Property 41
            Display Name: GeometricTranslation
            Internal Name: GeometricTranslation
            Type: Vector
            Min Limit: 0.000000
            Max Limit: 100.000000
            Is Animatable: false
            Is Temporary: false
            Default Value: X=0.000000, Y=0.000000, Z=0.000000
        Property 42
            Display Name: GeometricRotation
            Internal Name: GeometricRotation
            Type: Vector
            Min Limit: 0.000000
            Max Limit: 100.000000
            Is Animatable: false
            Is Temporary: false
            Default Value: X=0.000000, Y=0.000000, Z=0.000000
        Property 43
            Display Name: GeometricScaling
            Internal Name: GeometricScaling
            Type: Vector
            Min Limit: 0.000000
            Max Limit: 100.000000
            Is Animatable: false
            Is Temporary: false
            Default Value: X=1.000000, Y=1.000000, Z=1.000000
        Property 44
            Display Name: MinDampRangeX
            Internal Name: MinDampRangeX
            Type: Number
            Min Limit: 0.000000
            Max Limit: 100.000000
            Is Animatable: false
            Is Temporary: false
            Default Value: 0.000000
        Property 45
            Display Name: MinDampRangeY
            Internal Name: MinDampRangeY
            Type: Number
            Min Limit: 0.000000
            Max Limit: 100.000000
            Is Animatable: false
            Is Temporary: false
            Default Value: 0.000000
        Property 46
            Display Name: MinDampRangeZ
            Internal Name: MinDampRangeZ
            Type: Number
            Min Limit: 0.000000
            Max Limit: 100.000000
            Is Animatable: false
            Is Temporary: false
            Default Value: 0.000000
        Property 47
            Display Name: MaxDampRangeX
            Internal Name: MaxDampRangeX
            Type: Number
            Min Limit: 0.000000
            Max Limit: 100.000000
            Is Animatable: false
            Is Temporary: false
            Default Value: 0.000000
        Property 48
            Display Name: MaxDampRangeY
            Internal Name: MaxDampRangeY
            Type: Number
            Min Limit: 0.000000
            Max Limit: 100.000000
            Is Animatable: false
            Is Temporary: false
            Default Value: 0.000000
        Property 49
            Display Name: MaxDampRangeZ
            Internal Name: MaxDampRangeZ
            Type: Number
            Min Limit: 0.000000
            Max Limit: 100.000000
            Is Animatable: false
            Is Temporary: false
            Default Value: 0.000000
        Property 50
            Display Name: MinDampStrengthX
            Internal Name: MinDampStrengthX
            Type: Number
            Min Limit: 0.000000
            Max Limit: 100.000000
            Is Animatable: false
            Is Temporary: false
            Default Value: 0.000000
        Property 51
            Display Name: MinDampStrengthY
            Internal Name: MinDampStrengthY
            Type: Number
            Min Limit: 0.000000
            Max Limit: 100.000000
            Is Animatable: false
            Is Temporary: false
            Default Value: 0.000000
        Property 52
            Display Name: MinDampStrengthZ
            Internal Name: MinDampStrengthZ
            Type: Number
            Min Limit: 0.000000
            Max Limit: 100.000000
            Is Animatable: false
            Is Temporary: false
            Default Value: 0.000000
        Property 53
            Display Name: MaxDampStrengthX
            Internal Name: MaxDampStrengthX
            Type: Number
            Min Limit: 0.000000
            Max Limit: 100.000000
            Is Animatable: false
            Is Temporary: false
            Default Value: 0.000000
        Property 54
            Display Name: MaxDampStrengthY
            Internal Name: MaxDampStrengthY
            Type: Number
            Min Limit: 0.000000
            Max Limit: 100.000000
            Is Animatable: false
            Is Temporary: false
            Default Value: 0.000000
        Property 55
            Display Name: MaxDampStrengthZ
            Internal Name: MaxDampStrengthZ
            Type: Number
            Min Limit: 0.000000
            Max Limit: 100.000000
            Is Animatable: false
            Is Temporary: false
            Default Value: 0.000000
        Property 56
            Display Name: PreferedAngleX
            Internal Name: PreferedAngleX
            Type: Number
            Min Limit: 0.000000
            Max Limit: 100.000000
            Is Animatable: false
            Is Temporary: false
            Default Value: 0.000000
        Property 57
            Display Name: PreferedAngleY
            Internal Name: PreferedAngleY
            Type: Number
            Min Limit: 0.000000
            Max Limit: 100.000000
            Is Animatable: false
            Is Temporary: false
            Default Value: 0.000000
        Property 58
            Display Name: PreferedAngleZ
            Internal Name: PreferedAngleZ
            Type: Number
            Min Limit: 0.000000
            Max Limit: 100.000000
            Is Animatable: false
            Is Temporary: false
            Default Value: 0.000000
        Property 59
            Display Name: LookAtProperty
            Internal Name: LookAtProperty
            Type: object
            Min Limit: 0.000000
            Max Limit: 100.000000
            Is Animatable: false
            Is Temporary: false
            Default Value: UNIDENTIFIED
        Property 60
            Display Name: UpVectorProperty
            Internal Name: UpVectorProperty
            Type: object
            Min Limit: 0.000000
            Max Limit: 100.000000
            Is Animatable: false
            Is Temporary: false
            Default Value: UNIDENTIFIED
        Property 61
            Display Name: Show
            Internal Name: Show
            Type: Bool
            Min Limit: 0.000000
            Max Limit: 100.000000
            Is Animatable: false
            Is Temporary: false
            Default Value: true
        Property 62
            Display Name: NegativePercentShapeSupport
            Internal Name: NegativePercentShapeSupport
            Type: Bool
            Min Limit: 0.000000
            Max Limit: 100.000000
            Is Animatable: false
            Is Temporary: false
            Default Value: true
        Property 63
            Display Name: DefaultAttributeIndex
            Internal Name: DefaultAttributeIndex
            Type: Integer
            Min Limit: 0.000000
            Max Limit: 100.000000
            Is Animatable: false
            Is Temporary: false
            Default Value: 0
        Property 64
            Display Name: Lcl Translation
            Internal Name: Lcl Translation
            Type: Lcl Translation
            Min Limit: 0.000000
            Max Limit: 100.000000
            Is Animatable: true
            Is Temporary: false
            Default Value: X=4640.782227, Y=300.428345, Z=-816.363708
        Property 65
            Display Name: Lcl Rotation
            Internal Name: Lcl Rotation
            Type: Lcl Rotation
            Min Limit: 0.000000
            Max Limit: 100.000000
            Is Animatable: true
            Is Temporary: false
            Default Value: X=85.269302, Y=0.000000, Z=0.000000
        Property 66
            Display Name: Lcl Scaling
            Internal Name: Lcl Scaling
            Type: Lcl Scaling
            Min Limit: 0.000000
            Max Limit: 100.000000
            Is Animatable: true
            Is Temporary: false
            Default Value: X=1550.989624, Y=1550.989624, Z=1550.989624
        Property 67
            Display Name: Visibility
            Internal Name: Visibility
            Type: Visibility
            Min Limit: 0.000000
            Max Limit: 100.000000
            Is Animatable: true
            Is Temporary: false
            Default Value: 1.000000

pPlane12

Name: pPlane12
    Property Count: 68
        Property 0
            Display Name: QuaternionInterpolate
            Internal Name: QuaternionInterpolate
            Type: Bool
            Min Limit: 0.000000
            Max Limit: 100.000000
            Is Animatable: false
            Is Temporary: false
            Default Value: false
        Property 1
            Display Name: RotationOffset
            Internal Name: RotationOffset
            Type: Vector
            Min Limit: 0.000000
            Max Limit: 100.000000
            Is Animatable: false
            Is Temporary: false
            Default Value: X=0.000000, Y=0.000000, Z=0.000000
        Property 2
            Display Name: RotationPivot
            Internal Name: RotationPivot
            Type: Vector
            Min Limit: 0.000000
            Max Limit: 100.000000
            Is Animatable: false
            Is Temporary: false
            Default Value: X=0.000000, Y=0.000000, Z=0.000000
        Property 3
            Display Name: ScalingOffset
            Internal Name: ScalingOffset
            Type: Vector
            Min Limit: 0.000000
            Max Limit: 100.000000
            Is Animatable: false
            Is Temporary: false
            Default Value: X=0.000000, Y=0.000000, Z=0.000000
        Property 4
            Display Name: ScalingPivot
            Internal Name: ScalingPivot
            Type: Vector
            Min Limit: 0.000000
            Max Limit: 100.000000
            Is Animatable: false
            Is Temporary: false
            Default Value: X=0.000000, Y=0.000000, Z=0.000000
        Property 5
            Display Name: TranslationActive
            Internal Name: TranslationActive
            Type: Bool
            Min Limit: 0.000000
            Max Limit: 100.000000
            Is Animatable: false
            Is Temporary: false
            Default Value: false
        Property 6
            Display Name: TranslationMin
            Internal Name: TranslationMin
            Type: Vector
            Min Limit: 0.000000
            Max Limit: 100.000000
            Is Animatable: false
            Is Temporary: false
            Default Value: X=0.000000, Y=0.000000, Z=0.000000
        Property 7
            Display Name: TranslationMax
            Internal Name: TranslationMax
            Type: Vector
            Min Limit: 0.000000
            Max Limit: 100.000000
            Is Animatable: false
            Is Temporary: false
            Default Value: X=0.000000, Y=0.000000, Z=0.000000
        Property 8
            Display Name: TranslationMinX
            Internal Name: TranslationMinX
            Type: Bool
            Min Limit: 0.000000
            Max Limit: 100.000000
            Is Animatable: false
            Is Temporary: false
            Default Value: false
        Property 9
            Display Name: TranslationMinY
            Internal Name: TranslationMinY
            Type: Bool
            Min Limit: 0.000000
            Max Limit: 100.000000
            Is Animatable: false
            Is Temporary: false
            Default Value: false
        Property 10
            Display Name: TranslationMinZ
            Internal Name: TranslationMinZ
            Type: Bool
            Min Limit: 0.000000
            Max Limit: 100.000000
            Is Animatable: false
            Is Temporary: false
            Default Value: false
        Property 11
            Display Name: TranslationMaxX
            Internal Name: TranslationMaxX
            Type: Bool
            Min Limit: 0.000000
            Max Limit: 100.000000
            Is Animatable: false
            Is Temporary: false
            Default Value: false
        Property 12
            Display Name: TranslationMaxY
            Internal Name: TranslationMaxY
            Type: Bool
            Min Limit: 0.000000
            Max Limit: 100.000000
            Is Animatable: false
            Is Temporary: false
            Default Value: false
        Property 13
            Display Name: TranslationMaxZ
            Internal Name: TranslationMaxZ
            Type: Bool
            Min Limit: 0.000000
            Max Limit: 100.000000
            Is Animatable: false
            Is Temporary: false
            Default Value: false
        Property 14
            Display Name: RotationOrder
            Internal Name: RotationOrder
            Type: Enum
            Min Limit: 0.000000
            Max Limit: 100.000000
            Is Animatable: false
            Is Temporary: false
            Default Value: UNIDENTIFIED
        Property 15
            Display Name: RotationSpaceForLimitOnly
            Internal Name: RotationSpaceForLimitOnly
            Type: Bool
            Min Limit: 0.000000
            Max Limit: 100.000000
            Is Animatable: false
            Is Temporary: false
            Default Value: false
        Property 16
            Display Name: RotationStiffnessX
            Internal Name: RotationStiffnessX
            Type: Number
            Min Limit: 0.000000
            Max Limit: 100.000000
            Is Animatable: false
            Is Temporary: false
            Default Value: 0.000000
        Property 17
            Display Name: RotationStiffnessY
            Internal Name: RotationStiffnessY
            Type: Number
            Min Limit: 0.000000
            Max Limit: 100.000000
            Is Animatable: false
            Is Temporary: false
            Default Value: 0.000000
        Property 18
            Display Name: RotationStiffnessZ
            Internal Name: RotationStiffnessZ
            Type: Number
            Min Limit: 0.000000
            Max Limit: 100.000000
            Is Animatable: false
            Is Temporary: false
            Default Value: 0.000000
        Property 19
            Display Name: AxisLen
            Internal Name: AxisLen
            Type: Number
            Min Limit: 0.000000
            Max Limit: 100.000000
            Is Animatable: false
            Is Temporary: false
            Default Value: 10.000000
        Property 20
            Display Name: PreRotation
            Internal Name: PreRotation
            Type: Vector
            Min Limit: 0.000000
            Max Limit: 100.000000
            Is Animatable: false
            Is Temporary: false
            Default Value: X=0.000000, Y=0.000000, Z=0.000000
        Property 21
            Display Name: PostRotation
            Internal Name: PostRotation
            Type: Vector
            Min Limit: 0.000000
            Max Limit: 100.000000
            Is Animatable: false
            Is Temporary: false
            Default Value: X=0.000000, Y=-0.000000, Z=0.000000
        Property 22
            Display Name: RotationActive
            Internal Name: RotationActive
            Type: Bool
            Min Limit: 0.000000
            Max Limit: 100.000000
            Is Animatable: false
            Is Temporary: false
            Default Value: true
        Property 23
            Display Name: RotationMin
            Internal Name: RotationMin
            Type: Vector
            Min Limit: 0.000000
            Max Limit: 100.000000
            Is Animatable: false
            Is Temporary: false
            Default Value: X=0.000000, Y=0.000000, Z=0.000000
        Property 24
            Display Name: RotationMax
            Internal Name: RotationMax
            Type: Vector
            Min Limit: 0.000000
            Max Limit: 100.000000
            Is Animatable: false
            Is Temporary: false
            Default Value: X=0.000000, Y=0.000000, Z=0.000000
        Property 25
            Display Name: RotationMinX
            Internal Name: RotationMinX
            Type: Bool
            Min Limit: 0.000000
            Max Limit: 100.000000
            Is Animatable: false
            Is Temporary: false
            Default Value: false
        Property 26
            Display Name: RotationMinY
            Internal Name: RotationMinY
            Type: Bool
            Min Limit: 0.000000
            Max Limit: 100.000000
            Is Animatable: false
            Is Temporary: false
            Default Value: false
        Property 27
            Display Name: RotationMinZ
            Internal Name: RotationMinZ
            Type: Bool
            Min Limit: 0.000000
            Max Limit: 100.000000
            Is Animatable: false
            Is Temporary: false
            Default Value: false
        Property 28
            Display Name: RotationMaxX
            Internal Name: RotationMaxX
            Type: Bool
            Min Limit: 0.000000
            Max Limit: 100.000000
            Is Animatable: false
            Is Temporary: false
            Default Value: false
        Property 29
            Display Name: RotationMaxY
            Internal Name: RotationMaxY
            Type: Bool
            Min Limit: 0.000000
            Max Limit: 100.000000
            Is Animatable: false
            Is Temporary: false
            Default Value: false
        Property 30
            Display Name: RotationMaxZ
            Internal Name: RotationMaxZ
            Type: Bool
            Min Limit: 0.000000
            Max Limit: 100.000000
            Is Animatable: false
            Is Temporary: false
            Default Value: false
        Property 31
            Display Name: InheritType
            Internal Name: InheritType
            Type: Enum
            Min Limit: 0.000000
            Max Limit: 100.000000
            Is Animatable: false
            Is Temporary: false
            Default Value: UNIDENTIFIED
        Property 32
            Display Name: ScalingActive
            Internal Name: ScalingActive
            Type: Bool
            Min Limit: 0.000000
            Max Limit: 100.000000
            Is Animatable: false
            Is Temporary: false
            Default Value: false
        Property 33
            Display Name: ScalingMin
            Internal Name: ScalingMin
            Type: Vector
            Min Limit: 0.000000
            Max Limit: 100.000000
            Is Animatable: false
            Is Temporary: false
            Default Value: X=0.000000, Y=0.000000, Z=0.000000
        Property 34
            Display Name: ScalingMax
            Internal Name: ScalingMax
            Type: Vector
            Min Limit: 0.000000
            Max Limit: 100.000000
            Is Animatable: false
            Is Temporary: false
            Default Value: X=0.000000, Y=0.000000, Z=0.000000
        Property 35
            Display Name: ScalingMinX
            Internal Name: ScalingMinX
            Type: Bool
            Min Limit: 0.000000
            Max Limit: 100.000000
            Is Animatable: false
            Is Temporary: false
            Default Value: false
        Property 36
            Display Name: ScalingMinY
            Internal Name: ScalingMinY
            Type: Bool
            Min Limit: 0.000000
            Max Limit: 100.000000
            Is Animatable: false
            Is Temporary: false
            Default Value: false
        Property 37
            Display Name: ScalingMinZ
            Internal Name: ScalingMinZ
            Type: Bool
            Min Limit: 0.000000
            Max Limit: 100.000000
            Is Animatable: false
            Is Temporary: false
            Default Value: false
        Property 38
            Display Name: ScalingMaxX
            Internal Name: ScalingMaxX
            Type: Bool
            Min Limit: 0.000000
            Max Limit: 100.000000
            Is Animatable: false
            Is Temporary: false
            Default Value: false
        Property 39
            Display Name: ScalingMaxY
            Internal Name: ScalingMaxY
            Type: Bool
            Min Limit: 0.000000
            Max Limit: 100.000000
            Is Animatable: false
            Is Temporary: false
            Default Value: false
        Property 40
            Display Name: ScalingMaxZ
            Internal Name: ScalingMaxZ
            Type: Bool
            Min Limit: 0.000000
            Max Limit: 100.000000
            Is Animatable: false
            Is Temporary: false
            Default Value: false
        Property 41
            Display Name: GeometricTranslation
            Internal Name: GeometricTranslation
            Type: Vector
            Min Limit: 0.000000
            Max Limit: 100.000000
            Is Animatable: false
            Is Temporary: false
            Default Value: X=0.000000, Y=0.000000, Z=0.000000
        Property 42
            Display Name: GeometricRotation
            Internal Name: GeometricRotation
            Type: Vector
            Min Limit: 0.000000
            Max Limit: 100.000000
            Is Animatable: false
            Is Temporary: false
            Default Value: X=0.000000, Y=0.000000, Z=0.000000
        Property 43
            Display Name: GeometricScaling
            Internal Name: GeometricScaling
            Type: Vector
            Min Limit: 0.000000
            Max Limit: 100.000000
            Is Animatable: false
            Is Temporary: false
            Default Value: X=1.000000, Y=1.000000, Z=1.000000
        Property 44
            Display Name: MinDampRangeX
            Internal Name: MinDampRangeX
            Type: Number
            Min Limit: 0.000000
            Max Limit: 100.000000
            Is Animatable: false
            Is Temporary: false
            Default Value: 0.000000
        Property 45
            Display Name: MinDampRangeY
            Internal Name: MinDampRangeY
            Type: Number
            Min Limit: 0.000000
            Max Limit: 100.000000
            Is Animatable: false
            Is Temporary: false
            Default Value: 0.000000
        Property 46
            Display Name: MinDampRangeZ
            Internal Name: MinDampRangeZ
            Type: Number
            Min Limit: 0.000000
            Max Limit: 100.000000
            Is Animatable: false
            Is Temporary: false
            Default Value: 0.000000
        Property 47
            Display Name: MaxDampRangeX
            Internal Name: MaxDampRangeX
            Type: Number
            Min Limit: 0.000000
            Max Limit: 100.000000
            Is Animatable: false
            Is Temporary: false
            Default Value: 0.000000
        Property 48
            Display Name: MaxDampRangeY
            Internal Name: MaxDampRangeY
            Type: Number
            Min Limit: 0.000000
            Max Limit: 100.000000
            Is Animatable: false
            Is Temporary: false
            Default Value: 0.000000
        Property 49
            Display Name: MaxDampRangeZ
            Internal Name: MaxDampRangeZ
            Type: Number
            Min Limit: 0.000000
            Max Limit: 100.000000
            Is Animatable: false
            Is Temporary: false
            Default Value: 0.000000
        Property 50
            Display Name: MinDampStrengthX
            Internal Name: MinDampStrengthX
            Type: Number
            Min Limit: 0.000000
            Max Limit: 100.000000
            Is Animatable: false
            Is Temporary: false
            Default Value: 0.000000
        Property 51
            Display Name: MinDampStrengthY
            Internal Name: MinDampStrengthY
            Type: Number
            Min Limit: 0.000000
            Max Limit: 100.000000
            Is Animatable: false
            Is Temporary: false
            Default Value: 0.000000
        Property 52
            Display Name: MinDampStrengthZ
            Internal Name: MinDampStrengthZ
            Type: Number
            Min Limit: 0.000000
            Max Limit: 100.000000
            Is Animatable: false
            Is Temporary: false
            Default Value: 0.000000
        Property 53
            Display Name: MaxDampStrengthX
            Internal Name: MaxDampStrengthX
            Type: Number
            Min Limit: 0.000000
            Max Limit: 100.000000
            Is Animatable: false
            Is Temporary: false
            Default Value: 0.000000
        Property 54
            Display Name: MaxDampStrengthY
            Internal Name: MaxDampStrengthY
            Type: Number
            Min Limit: 0.000000
            Max Limit: 100.000000
            Is Animatable: false
            Is Temporary: false
            Default Value: 0.000000
        Property 55
            Display Name: MaxDampStrengthZ
            Internal Name: MaxDampStrengthZ
            Type: Number
            Min Limit: 0.000000
            Max Limit: 100.000000
            Is Animatable: false
            Is Temporary: false
            Default Value: 0.000000
        Property 56
            Display Name: PreferedAngleX
            Internal Name: PreferedAngleX
            Type: Number
            Min Limit: 0.000000
            Max Limit: 100.000000
            Is Animatable: false
            Is Temporary: false
            Default Value: 0.000000
        Property 57
            Display Name: PreferedAngleY
            Internal Name: PreferedAngleY
            Type: Number
            Min Limit: 0.000000
            Max Limit: 100.000000
            Is Animatable: false
            Is Temporary: false
            Default Value: 0.000000
        Property 58
            Display Name: PreferedAngleZ
            Internal Name: PreferedAngleZ
            Type: Number
            Min Limit: 0.000000
            Max Limit: 100.000000
            Is Animatable: false
            Is Temporary: false
            Default Value: 0.000000
        Property 59
            Display Name: LookAtProperty
            Internal Name: LookAtProperty
            Type: object
            Min Limit: 0.000000
            Max Limit: 100.000000
            Is Animatable: false
            Is Temporary: false
            Default Value: UNIDENTIFIED
        Property 60
            Display Name: UpVectorProperty
            Internal Name: UpVectorProperty
            Type: object
            Min Limit: 0.000000
            Max Limit: 100.000000
            Is Animatable: false
            Is Temporary: false
            Default Value: UNIDENTIFIED
        Property 61
            Display Name: Show
            Internal Name: Show
            Type: Bool
            Min Limit: 0.000000
            Max Limit: 100.000000
            Is Animatable: false
            Is Temporary: false
            Default Value: true
        Property 62
            Display Name: NegativePercentShapeSupport
            Internal Name: NegativePercentShapeSupport
            Type: Bool
            Min Limit: 0.000000
            Max Limit: 100.000000
            Is Animatable: false
            Is Temporary: false
            Default Value: true
        Property 63
            Display Name: DefaultAttributeIndex
            Internal Name: DefaultAttributeIndex
            Type: Integer
            Min Limit: 0.000000
            Max Limit: 100.000000
            Is Animatable: false
            Is Temporary: false
            Default Value: 0
        Property 64
            Display Name: Lcl Translation
            Internal Name: Lcl Translation
            Type: Lcl Translation
            Min Limit: 0.000000
            Max Limit: 100.000000
            Is Animatable: true
            Is Temporary: false
            Default Value: X=2287.953857, Y=-124.424980, Z=-816.363708
        Property 65
            Display Name: Lcl Rotation
            Internal Name: Lcl Rotation
            Type: Lcl Rotation
            Min Limit: 0.000000
            Max Limit: 100.000000
            Is Animatable: true
            Is Temporary: false
            Default Value: X=85.269302, Y=0.000000, Z=0.000000
        Property 66
            Display Name: Lcl Scaling
            Internal Name: Lcl Scaling
            Type: Lcl Scaling
            Min Limit: 0.000000
            Max Limit: 100.000000
            Is Animatable: true
            Is Temporary: false
            Default Value: X=1376.471069, Y=1376.471069, Z=1376.471069
        Property 67
            Display Name: Visibility
            Internal Name: Visibility
            Type: Visibility
            Min Limit: 0.000000
            Max Limit: 100.000000
            Is Animatable: true
            Is Temporary: false
            Default Value: 1.000000

pPlane13

Name: pPlane13
    Property Count: 68
        Property 0
            Display Name: QuaternionInterpolate
            Internal Name: QuaternionInterpolate
            Type: Bool
            Min Limit: 0.000000
            Max Limit: 100.000000
            Is Animatable: false
            Is Temporary: false
            Default Value: false
        Property 1
            Display Name: RotationOffset
            Internal Name: RotationOffset
            Type: Vector
            Min Limit: 0.000000
            Max Limit: 100.000000
            Is Animatable: false
            Is Temporary: false
            Default Value: X=0.000000, Y=0.000000, Z=0.000000
        Property 2
            Display Name: RotationPivot
            Internal Name: RotationPivot
            Type: Vector
            Min Limit: 0.000000
            Max Limit: 100.000000
            Is Animatable: false
            Is Temporary: false
            Default Value: X=0.000000, Y=0.000000, Z=0.000000
        Property 3
            Display Name: ScalingOffset
            Internal Name: ScalingOffset
            Type: Vector
            Min Limit: 0.000000
            Max Limit: 100.000000
            Is Animatable: false
            Is Temporary: false
            Default Value: X=0.000000, Y=0.000000, Z=0.000000
        Property 4
            Display Name: ScalingPivot
            Internal Name: ScalingPivot
            Type: Vector
            Min Limit: 0.000000
            Max Limit: 100.000000
            Is Animatable: false
            Is Temporary: false
            Default Value: X=0.000000, Y=0.000000, Z=0.000000
        Property 5
            Display Name: TranslationActive
            Internal Name: TranslationActive
            Type: Bool
            Min Limit: 0.000000
            Max Limit: 100.000000
            Is Animatable: false
            Is Temporary: false
            Default Value: false
        Property 6
            Display Name: TranslationMin
            Internal Name: TranslationMin
            Type: Vector
            Min Limit: 0.000000
            Max Limit: 100.000000
            Is Animatable: false
            Is Temporary: false
            Default Value: X=0.000000, Y=0.000000, Z=0.000000
        Property 7
            Display Name: TranslationMax
            Internal Name: TranslationMax
            Type: Vector
            Min Limit: 0.000000
            Max Limit: 100.000000
            Is Animatable: false
            Is Temporary: false
            Default Value: X=0.000000, Y=0.000000, Z=0.000000
        Property 8
            Display Name: TranslationMinX
            Internal Name: TranslationMinX
            Type: Bool
            Min Limit: 0.000000
            Max Limit: 100.000000
            Is Animatable: false
            Is Temporary: false
            Default Value: false
        Property 9
            Display Name: TranslationMinY
            Internal Name: TranslationMinY
            Type: Bool
            Min Limit: 0.000000
            Max Limit: 100.000000
            Is Animatable: false
            Is Temporary: false
            Default Value: false
        Property 10
            Display Name: TranslationMinZ
            Internal Name: TranslationMinZ
            Type: Bool
            Min Limit: 0.000000
            Max Limit: 100.000000
            Is Animatable: false
            Is Temporary: false
            Default Value: false
        Property 11
            Display Name: TranslationMaxX
            Internal Name: TranslationMaxX
            Type: Bool
            Min Limit: 0.000000
            Max Limit: 100.000000
            Is Animatable: false
            Is Temporary: false
            Default Value: false
        Property 12
            Display Name: TranslationMaxY
            Internal Name: TranslationMaxY
            Type: Bool
            Min Limit: 0.000000
            Max Limit: 100.000000
            Is Animatable: false
            Is Temporary: false
            Default Value: false
        Property 13
            Display Name: TranslationMaxZ
            Internal Name: TranslationMaxZ
            Type: Bool
            Min Limit: 0.000000
            Max Limit: 100.000000
            Is Animatable: false
            Is Temporary: false
            Default Value: false
        Property 14
            Display Name: RotationOrder
            Internal Name: RotationOrder
            Type: Enum
            Min Limit: 0.000000
            Max Limit: 100.000000
            Is Animatable: false
            Is Temporary: false
            Default Value: UNIDENTIFIED
        Property 15
            Display Name: RotationSpaceForLimitOnly
            Internal Name: RotationSpaceForLimitOnly
            Type: Bool
            Min Limit: 0.000000
            Max Limit: 100.000000
            Is Animatable: false
            Is Temporary: false
            Default Value: false
        Property 16
            Display Name: RotationStiffnessX
            Internal Name: RotationStiffnessX
            Type: Number
            Min Limit: 0.000000
            Max Limit: 100.000000
            Is Animatable: false
            Is Temporary: false
            Default Value: 0.000000
        Property 17
            Display Name: RotationStiffnessY
            Internal Name: RotationStiffnessY
            Type: Number
            Min Limit: 0.000000
            Max Limit: 100.000000
            Is Animatable: false
            Is Temporary: false
            Default Value: 0.000000
        Property 18
            Display Name: RotationStiffnessZ
            Internal Name: RotationStiffnessZ
            Type: Number
            Min Limit: 0.000000
            Max Limit: 100.000000
            Is Animatable: false
            Is Temporary: false
            Default Value: 0.000000
        Property 19
            Display Name: AxisLen
            Internal Name: AxisLen
            Type: Number
            Min Limit: 0.000000
            Max Limit: 100.000000
            Is Animatable: false
            Is Temporary: false
            Default Value: 10.000000
        Property 20
            Display Name: PreRotation
            Internal Name: PreRotation
            Type: Vector
            Min Limit: 0.000000
            Max Limit: 100.000000
            Is Animatable: false
            Is Temporary: false
            Default Value: X=0.000000, Y=0.000000, Z=0.000000
        Property 21
            Display Name: PostRotation
            Internal Name: PostRotation
            Type: Vector
            Min Limit: 0.000000
            Max Limit: 100.000000
            Is Animatable: false
            Is Temporary: false
            Default Value: X=0.000000, Y=-0.000000, Z=0.000000
        Property 22
            Display Name: RotationActive
            Internal Name: RotationActive
            Type: Bool
            Min Limit: 0.000000
            Max Limit: 100.000000
            Is Animatable: false
            Is Temporary: false
            Default Value: true
        Property 23
            Display Name: RotationMin
            Internal Name: RotationMin
            Type: Vector
            Min Limit: 0.000000
            Max Limit: 100.000000
            Is Animatable: false
            Is Temporary: false
            Default Value: X=0.000000, Y=0.000000, Z=0.000000
        Property 24
            Display Name: RotationMax
            Internal Name: RotationMax
            Type: Vector
            Min Limit: 0.000000
            Max Limit: 100.000000
            Is Animatable: false
            Is Temporary: false
            Default Value: X=0.000000, Y=0.000000, Z=0.000000
        Property 25
            Display Name: RotationMinX
            Internal Name: RotationMinX
            Type: Bool
            Min Limit: 0.000000
            Max Limit: 100.000000
            Is Animatable: false
            Is Temporary: false
            Default Value: false
        Property 26
            Display Name: RotationMinY
            Internal Name: RotationMinY
            Type: Bool
            Min Limit: 0.000000
            Max Limit: 100.000000
            Is Animatable: false
            Is Temporary: false
            Default Value: false
        Property 27
            Display Name: RotationMinZ
            Internal Name: RotationMinZ
            Type: Bool
            Min Limit: 0.000000
            Max Limit: 100.000000
            Is Animatable: false
            Is Temporary: false
            Default Value: false
        Property 28
            Display Name: RotationMaxX
            Internal Name: RotationMaxX
            Type: Bool
            Min Limit: 0.000000
            Max Limit: 100.000000
            Is Animatable: false
            Is Temporary: false
            Default Value: false
        Property 29
            Display Name: RotationMaxY
            Internal Name: RotationMaxY
            Type: Bool
            Min Limit: 0.000000
            Max Limit: 100.000000
            Is Animatable: false
            Is Temporary: false
            Default Value: false
        Property 30
            Display Name: RotationMaxZ
            Internal Name: RotationMaxZ
            Type: Bool
            Min Limit: 0.000000
            Max Limit: 100.000000
            Is Animatable: false
            Is Temporary: false
            Default Value: false
        Property 31
            Display Name: InheritType
            Internal Name: InheritType
            Type: Enum
            Min Limit: 0.000000
            Max Limit: 100.000000
            Is Animatable: false
            Is Temporary: false
            Default Value: UNIDENTIFIED
        Property 32
            Display Name: ScalingActive
            Internal Name: ScalingActive
            Type: Bool
            Min Limit: 0.000000
            Max Limit: 100.000000
            Is Animatable: false
            Is Temporary: false
            Default Value: false
        Property 33
            Display Name: ScalingMin
            Internal Name: ScalingMin
            Type: Vector
            Min Limit: 0.000000
            Max Limit: 100.000000
            Is Animatable: false
            Is Temporary: false
            Default Value: X=0.000000, Y=0.000000, Z=0.000000
        Property 34
            Display Name: ScalingMax
            Internal Name: ScalingMax
            Type: Vector
            Min Limit: 0.000000
            Max Limit: 100.000000
            Is Animatable: false
            Is Temporary: false
            Default Value: X=0.000000, Y=0.000000, Z=0.000000
        Property 35
            Display Name: ScalingMinX
            Internal Name: ScalingMinX
            Type: Bool
            Min Limit: 0.000000
            Max Limit: 100.000000
            Is Animatable: false
            Is Temporary: false
            Default Value: false
        Property 36
            Display Name: ScalingMinY
            Internal Name: ScalingMinY
            Type: Bool
            Min Limit: 0.000000
            Max Limit: 100.000000
            Is Animatable: false
            Is Temporary: false
            Default Value: false
        Property 37
            Display Name: ScalingMinZ
            Internal Name: ScalingMinZ
            Type: Bool
            Min Limit: 0.000000
            Max Limit: 100.000000
            Is Animatable: false
            Is Temporary: false
            Default Value: false
        Property 38
            Display Name: ScalingMaxX
            Internal Name: ScalingMaxX
            Type: Bool
            Min Limit: 0.000000
            Max Limit: 100.000000
            Is Animatable: false
            Is Temporary: false
            Default Value: false
        Property 39
            Display Name: ScalingMaxY
            Internal Name: ScalingMaxY
            Type: Bool
            Min Limit: 0.000000
            Max Limit: 100.000000
            Is Animatable: false
            Is Temporary: false
            Default Value: false
        Property 40
            Display Name: ScalingMaxZ
            Internal Name: ScalingMaxZ
            Type: Bool
            Min Limit: 0.000000
            Max Limit: 100.000000
            Is Animatable: false
            Is Temporary: false
            Default Value: false
        Property 41
            Display Name: GeometricTranslation
            Internal Name: GeometricTranslation
            Type: Vector
            Min Limit: 0.000000
            Max Limit: 100.000000
            Is Animatable: false
            Is Temporary: false
            Default Value: X=0.000000, Y=0.000000, Z=0.000000
        Property 42
            Display Name: GeometricRotation
            Internal Name: GeometricRotation
            Type: Vector
            Min Limit: 0.000000
            Max Limit: 100.000000
            Is Animatable: false
            Is Temporary: false
            Default Value: X=0.000000, Y=0.000000, Z=0.000000
        Property 43
            Display Name: GeometricScaling
            Internal Name: GeometricScaling
            Type: Vector
            Min Limit: 0.000000
            Max Limit: 100.000000
            Is Animatable: false
            Is Temporary: false
            Default Value: X=1.000000, Y=1.000000, Z=1.000000
        Property 44
            Display Name: MinDampRangeX
            Internal Name: MinDampRangeX
            Type: Number
            Min Limit: 0.000000
            Max Limit: 100.000000
            Is Animatable: false
            Is Temporary: false
            Default Value: 0.000000
        Property 45
            Display Name: MinDampRangeY
            Internal Name: MinDampRangeY
            Type: Number
            Min Limit: 0.000000
            Max Limit: 100.000000
            Is Animatable: false
            Is Temporary: false
            Default Value: 0.000000
        Property 46
            Display Name: MinDampRangeZ
            Internal Name: MinDampRangeZ
            Type: Number
            Min Limit: 0.000000
            Max Limit: 100.000000
            Is Animatable: false
            Is Temporary: false
            Default Value: 0.000000
        Property 47
            Display Name: MaxDampRangeX
            Internal Name: MaxDampRangeX
            Type: Number
            Min Limit: 0.000000
            Max Limit: 100.000000
            Is Animatable: false
            Is Temporary: false
            Default Value: 0.000000
        Property 48
            Display Name: MaxDampRangeY
            Internal Name: MaxDampRangeY
            Type: Number
            Min Limit: 0.000000
            Max Limit: 100.000000
            Is Animatable: false
            Is Temporary: false
            Default Value: 0.000000
        Property 49
            Display Name: MaxDampRangeZ
            Internal Name: MaxDampRangeZ
            Type: Number
            Min Limit: 0.000000
            Max Limit: 100.000000
            Is Animatable: false
            Is Temporary: false
            Default Value: 0.000000
        Property 50
            Display Name: MinDampStrengthX
            Internal Name: MinDampStrengthX
            Type: Number
            Min Limit: 0.000000
            Max Limit: 100.000000
            Is Animatable: false
            Is Temporary: false
            Default Value: 0.000000
        Property 51
            Display Name: MinDampStrengthY
            Internal Name: MinDampStrengthY
            Type: Number
            Min Limit: 0.000000
            Max Limit: 100.000000
            Is Animatable: false
            Is Temporary: false
            Default Value: 0.000000
        Property 52
            Display Name: MinDampStrengthZ
            Internal Name: MinDampStrengthZ
            Type: Number
            Min Limit: 0.000000
            Max Limit: 100.000000
            Is Animatable: false
            Is Temporary: false
            Default Value: 0.000000
        Property 53
            Display Name: MaxDampStrengthX
            Internal Name: MaxDampStrengthX
            Type: Number
            Min Limit: 0.000000
            Max Limit: 100.000000
            Is Animatable: false
            Is Temporary: false
            Default Value: 0.000000
        Property 54
            Display Name: MaxDampStrengthY
            Internal Name: MaxDampStrengthY
            Type: Number
            Min Limit: 0.000000
            Max Limit: 100.000000
            Is Animatable: false
            Is Temporary: false
            Default Value: 0.000000
        Property 55
            Display Name: MaxDampStrengthZ
            Internal Name: MaxDampStrengthZ
            Type: Number
            Min Limit: 0.000000
            Max Limit: 100.000000
            Is Animatable: false
            Is Temporary: false
            Default Value: 0.000000
        Property 56
            Display Name: PreferedAngleX
            Internal Name: PreferedAngleX
            Type: Number
            Min Limit: 0.000000
            Max Limit: 100.000000
            Is Animatable: false
            Is Temporary: false
            Default Value: 0.000000
        Property 57
            Display Name: PreferedAngleY
            Internal Name: PreferedAngleY
            Type: Number
            Min Limit: 0.000000
            Max Limit: 100.000000
            Is Animatable: false
            Is Temporary: false
            Default Value: 0.000000
        Property 58
            Display Name: PreferedAngleZ
            Internal Name: PreferedAngleZ
            Type: Number
            Min Limit: 0.000000
            Max Limit: 100.000000
            Is Animatable: false
            Is Temporary: false
            Default Value: 0.000000
        Property 59
            Display Name: LookAtProperty
            Internal Name: LookAtProperty
            Type: object
            Min Limit: 0.000000
            Max Limit: 100.000000
            Is Animatable: false
            Is Temporary: false
            Default Value: UNIDENTIFIED
        Property 60
            Display Name: UpVectorProperty
            Internal Name: UpVectorProperty
            Type: object
            Min Limit: 0.000000
            Max Limit: 100.000000
            Is Animatable: false
            Is Temporary: false
            Default Value: UNIDENTIFIED
        Property 61
            Display Name: Show
            Internal Name: Show
            Type: Bool
            Min Limit: 0.000000
            Max Limit: 100.000000
            Is Animatable: false
            Is Temporary: false
            Default Value: true
        Property 62
            Display Name: NegativePercentShapeSupport
            Internal Name: NegativePercentShapeSupport
            Type: Bool
            Min Limit: 0.000000
            Max Limit: 100.000000
            Is Animatable: false
            Is Temporary: false
            Default Value: true
        Property 63
            Display Name: DefaultAttributeIndex
            Internal Name: DefaultAttributeIndex
            Type: Integer
            Min Limit: 0.000000
            Max Limit: 100.000000
            Is Animatable: false
            Is Temporary: false
            Default Value: 0
        Property 64
            Display Name: Lcl Translation
            Internal Name: Lcl Translation
            Type: Lcl Translation
            Min Limit: 0.000000
            Max Limit: 100.000000
            Is Animatable: true
            Is Temporary: false
            Default Value: X=2169.424072, Y=-124.424980, Z=-816.363708
        Property 65
            Display Name: Lcl Rotation
            Internal Name: Lcl Rotation
            Type: Lcl Rotation
            Min Limit: 0.000000
            Max Limit: 100.000000
            Is Animatable: true
            Is Temporary: false
            Default Value: X=85.269302, Y=0.000000, Z=0.000000
        Property 66
            Display Name: Lcl Scaling
            Internal Name: Lcl Scaling
            Type: Lcl Scaling
            Min Limit: 0.000000
            Max Limit: 100.000000
            Is Animatable: true
            Is Temporary: false
            Default Value: X=1376.471069, Y=1376.471069, Z=1376.471069
        Property 67
            Display Name: Visibility
            Internal Name: Visibility
            Type: Visibility
            Min Limit: 0.000000
            Max Limit: 100.000000
            Is Animatable: true
            Is Temporary: false
            Default Value: 1.000000

branch_04

Name: branch_04
    Property Count: 68
        Property 0
            Display Name: QuaternionInterpolate
            Internal Name: QuaternionInterpolate
            Type: Bool
            Min Limit: 0.000000
            Max Limit: 100.000000
            Is Animatable: false
            Is Temporary: false
            Default Value: false
        Property 1
            Display Name: RotationOffset
            Internal Name: RotationOffset
            Type: Vector
            Min Limit: 0.000000
            Max Limit: 100.000000
            Is Animatable: false
            Is Temporary: false
            Default Value: X=0.000000, Y=0.000000, Z=0.000000
        Property 2
            Display Name: RotationPivot
            Internal Name: RotationPivot
            Type: Vector
            Min Limit: 0.000000
            Max Limit: 100.000000
            Is Animatable: false
            Is Temporary: false
            Default Value: X=0.000000, Y=0.000000, Z=0.000000
        Property 3
            Display Name: ScalingOffset
            Internal Name: ScalingOffset
            Type: Vector
            Min Limit: 0.000000
            Max Limit: 100.000000
            Is Animatable: false
            Is Temporary: false
            Default Value: X=0.000000, Y=0.000000, Z=0.000000
        Property 4
            Display Name: ScalingPivot
            Internal Name: ScalingPivot
            Type: Vector
            Min Limit: 0.000000
            Max Limit: 100.000000
            Is Animatable: false
            Is Temporary: false
            Default Value: X=0.000000, Y=0.000000, Z=0.000000
        Property 5
            Display Name: TranslationActive
            Internal Name: TranslationActive
            Type: Bool
            Min Limit: 0.000000
            Max Limit: 100.000000
            Is Animatable: false
            Is Temporary: false
            Default Value: false
        Property 6
            Display Name: TranslationMin
            Internal Name: TranslationMin
            Type: Vector
            Min Limit: 0.000000
            Max Limit: 100.000000
            Is Animatable: false
            Is Temporary: false
            Default Value: X=0.000000, Y=0.000000, Z=0.000000
        Property 7
            Display Name: TranslationMax
            Internal Name: TranslationMax
            Type: Vector
            Min Limit: 0.000000
            Max Limit: 100.000000
            Is Animatable: false
            Is Temporary: false
            Default Value: X=0.000000, Y=0.000000, Z=0.000000
        Property 8
            Display Name: TranslationMinX
            Internal Name: TranslationMinX
            Type: Bool
            Min Limit: 0.000000
            Max Limit: 100.000000
            Is Animatable: false
            Is Temporary: false
            Default Value: false
        Property 9
            Display Name: TranslationMinY
            Internal Name: TranslationMinY
            Type: Bool
            Min Limit: 0.000000
            Max Limit: 100.000000
            Is Animatable: false
            Is Temporary: false
            Default Value: false
        Property 10
            Display Name: TranslationMinZ
            Internal Name: TranslationMinZ
            Type: Bool
            Min Limit: 0.000000
            Max Limit: 100.000000
            Is Animatable: false
            Is Temporary: false
            Default Value: false
        Property 11
            Display Name: TranslationMaxX
            Internal Name: TranslationMaxX
            Type: Bool
            Min Limit: 0.000000
            Max Limit: 100.000000
            Is Animatable: false
            Is Temporary: false
            Default Value: false
        Property 12
            Display Name: TranslationMaxY
            Internal Name: TranslationMaxY
            Type: Bool
            Min Limit: 0.000000
            Max Limit: 100.000000
            Is Animatable: false
            Is Temporary: false
            Default Value: false
        Property 13
            Display Name: TranslationMaxZ
            Internal Name: TranslationMaxZ
            Type: Bool
            Min Limit: 0.000000
            Max Limit: 100.000000
            Is Animatable: false
            Is Temporary: false
            Default Value: false
        Property 14
            Display Name: RotationOrder
            Internal Name: RotationOrder
            Type: Enum
            Min Limit: 0.000000
            Max Limit: 100.000000
            Is Animatable: false
            Is Temporary: false
            Default Value: UNIDENTIFIED
        Property 15
            Display Name: RotationSpaceForLimitOnly
            Internal Name: RotationSpaceForLimitOnly
            Type: Bool
            Min Limit: 0.000000
            Max Limit: 100.000000
            Is Animatable: false
            Is Temporary: false
            Default Value: false
        Property 16
            Display Name: RotationStiffnessX
            Internal Name: RotationStiffnessX
            Type: Number
            Min Limit: 0.000000
            Max Limit: 100.000000
            Is Animatable: false
            Is Temporary: false
            Default Value: 0.000000
        Property 17
            Display Name: RotationStiffnessY
            Internal Name: RotationStiffnessY
            Type: Number
            Min Limit: 0.000000
            Max Limit: 100.000000
            Is Animatable: false
            Is Temporary: false
            Default Value: 0.000000
        Property 18
            Display Name: RotationStiffnessZ
            Internal Name: RotationStiffnessZ
            Type: Number
            Min Limit: 0.000000
            Max Limit: 100.000000
            Is Animatable: false
            Is Temporary: false
            Default Value: 0.000000
        Property 19
            Display Name: AxisLen
            Internal Name: AxisLen
            Type: Number
            Min Limit: 0.000000
            Max Limit: 100.000000
            Is Animatable: false
            Is Temporary: false
            Default Value: 10.000000
        Property 20
            Display Name: PreRotation
            Internal Name: PreRotation
            Type: Vector
            Min Limit: 0.000000
            Max Limit: 100.000000
            Is Animatable: false
            Is Temporary: false
            Default Value: X=0.000000, Y=0.000000, Z=0.000000
        Property 21
            Display Name: PostRotation
            Internal Name: PostRotation
            Type: Vector
            Min Limit: 0.000000
            Max Limit: 100.000000
            Is Animatable: false
            Is Temporary: false
            Default Value: X=0.000000, Y=-0.000000, Z=0.000000
        Property 22
            Display Name: RotationActive
            Internal Name: RotationActive
            Type: Bool
            Min Limit: 0.000000
            Max Limit: 100.000000
            Is Animatable: false
            Is Temporary: false
            Default Value: true
        Property 23
            Display Name: RotationMin
            Internal Name: RotationMin
            Type: Vector
            Min Limit: 0.000000
            Max Limit: 100.000000
            Is Animatable: false
            Is Temporary: false
            Default Value: X=0.000000, Y=0.000000, Z=0.000000
        Property 24
            Display Name: RotationMax
            Internal Name: RotationMax
            Type: Vector
            Min Limit: 0.000000
            Max Limit: 100.000000
            Is Animatable: false
            Is Temporary: false
            Default Value: X=0.000000, Y=0.000000, Z=0.000000
        Property 25
            Display Name: RotationMinX
            Internal Name: RotationMinX
            Type: Bool
            Min Limit: 0.000000
            Max Limit: 100.000000
            Is Animatable: false
            Is Temporary: false
            Default Value: false
        Property 26
            Display Name: RotationMinY
            Internal Name: RotationMinY
            Type: Bool
            Min Limit: 0.000000
            Max Limit: 100.000000
            Is Animatable: false
            Is Temporary: false
            Default Value: false
        Property 27
            Display Name: RotationMinZ
            Internal Name: RotationMinZ
            Type: Bool
            Min Limit: 0.000000
            Max Limit: 100.000000
            Is Animatable: false
            Is Temporary: false
            Default Value: false
        Property 28
            Display Name: RotationMaxX
            Internal Name: RotationMaxX
            Type: Bool
            Min Limit: 0.000000
            Max Limit: 100.000000
            Is Animatable: false
            Is Temporary: false
            Default Value: false
        Property 29
            Display Name: RotationMaxY
            Internal Name: RotationMaxY
            Type: Bool
            Min Limit: 0.000000
            Max Limit: 100.000000
            Is Animatable: false
            Is Temporary: false
            Default Value: false
        Property 30
            Display Name: RotationMaxZ
            Internal Name: RotationMaxZ
            Type: Bool
            Min Limit: 0.000000
            Max Limit: 100.000000
            Is Animatable: false
            Is Temporary: false
            Default Value: false
        Property 31
            Display Name: InheritType
            Internal Name: InheritType
            Type: Enum
            Min Limit: 0.000000
            Max Limit: 100.000000
            Is Animatable: false
            Is Temporary: false
            Default Value: UNIDENTIFIED
        Property 32
            Display Name: ScalingActive
            Internal Name: ScalingActive
            Type: Bool
            Min Limit: 0.000000
            Max Limit: 100.000000
            Is Animatable: false
            Is Temporary: false
            Default Value: false
        Property 33
            Display Name: ScalingMin
            Internal Name: ScalingMin
            Type: Vector
            Min Limit: 0.000000
            Max Limit: 100.000000
            Is Animatable: false
            Is Temporary: false
            Default Value: X=0.000000, Y=0.000000, Z=0.000000
        Property 34
            Display Name: ScalingMax
            Internal Name: ScalingMax
            Type: Vector
            Min Limit: 0.000000
            Max Limit: 100.000000
            Is Animatable: false
            Is Temporary: false
            Default Value: X=0.000000, Y=0.000000, Z=0.000000
        Property 35
            Display Name: ScalingMinX
            Internal Name: ScalingMinX
            Type: Bool
            Min Limit: 0.000000
            Max Limit: 100.000000
            Is Animatable: false
            Is Temporary: false
            Default Value: false
        Property 36
            Display Name: ScalingMinY
            Internal Name: ScalingMinY
            Type: Bool
            Min Limit: 0.000000
            Max Limit: 100.000000
            Is Animatable: false
            Is Temporary: false
            Default Value: false
        Property 37
            Display Name: ScalingMinZ
            Internal Name: ScalingMinZ
            Type: Bool
            Min Limit: 0.000000
            Max Limit: 100.000000
            Is Animatable: false
            Is Temporary: false
            Default Value: false
        Property 38
            Display Name: ScalingMaxX
            Internal Name: ScalingMaxX
            Type: Bool
            Min Limit: 0.000000
            Max Limit: 100.000000
            Is Animatable: false
            Is Temporary: false
            Default Value: false
        Property 39
            Display Name: ScalingMaxY
            Internal Name: ScalingMaxY
            Type: Bool
            Min Limit: 0.000000
            Max Limit: 100.000000
            Is Animatable: false
            Is Temporary: false
            Default Value: false
        Property 40
            Display Name: ScalingMaxZ
            Internal Name: ScalingMaxZ
            Type: Bool
            Min Limit: 0.000000
            Max Limit: 100.000000
            Is Animatable: false
            Is Temporary: false
            Default Value: false
        Property 41
            Display Name: GeometricTranslation
            Internal Name: GeometricTranslation
            Type: Vector
            Min Limit: 0.000000
            Max Limit: 100.000000
            Is Animatable: false
            Is Temporary: false
            Default Value: X=0.000000, Y=0.000000, Z=0.000000
        Property 42
            Display Name: GeometricRotation
            Internal Name: GeometricRotation
            Type: Vector
            Min Limit: 0.000000
            Max Limit: 100.000000
            Is Animatable: false
            Is Temporary: false
            Default Value: X=0.000000, Y=0.000000, Z=0.000000
        Property 43
            Display Name: GeometricScaling
            Internal Name: GeometricScaling
            Type: Vector
            Min Limit: 0.000000
            Max Limit: 100.000000
            Is Animatable: false
            Is Temporary: false
            Default Value: X=1.000000, Y=1.000000, Z=1.000000
        Property 44
            Display Name: MinDampRangeX
            Internal Name: MinDampRangeX
            Type: Number
            Min Limit: 0.000000
            Max Limit: 100.000000
            Is Animatable: false
            Is Temporary: false
            Default Value: 0.000000
        Property 45
            Display Name: MinDampRangeY
            Internal Name: MinDampRangeY
            Type: Number
            Min Limit: 0.000000
            Max Limit: 100.000000
            Is Animatable: false
            Is Temporary: false
            Default Value: 0.000000
        Property 46
            Display Name: MinDampRangeZ
            Internal Name: MinDampRangeZ
            Type: Number
            Min Limit: 0.000000
            Max Limit: 100.000000
            Is Animatable: false
            Is Temporary: false
            Default Value: 0.000000
        Property 47
            Display Name: MaxDampRangeX
            Internal Name: MaxDampRangeX
            Type: Number
            Min Limit: 0.000000
            Max Limit: 100.000000
            Is Animatable: false
            Is Temporary: false
            Default Value: 0.000000
        Property 48
            Display Name: MaxDampRangeY
            Internal Name: MaxDampRangeY
            Type: Number
            Min Limit: 0.000000
            Max Limit: 100.000000
            Is Animatable: false
            Is Temporary: false
            Default Value: 0.000000
        Property 49
            Display Name: MaxDampRangeZ
            Internal Name: MaxDampRangeZ
            Type: Number
            Min Limit: 0.000000
            Max Limit: 100.000000
            Is Animatable: false
            Is Temporary: false
            Default Value: 0.000000
        Property 50
            Display Name: MinDampStrengthX
            Internal Name: MinDampStrengthX
            Type: Number
            Min Limit: 0.000000
            Max Limit: 100.000000
            Is Animatable: false
            Is Temporary: false
            Default Value: 0.000000
        Property 51
            Display Name: MinDampStrengthY
            Internal Name: MinDampStrengthY
            Type: Number
            Min Limit: 0.000000
            Max Limit: 100.000000
            Is Animatable: false
            Is Temporary: false
            Default Value: 0.000000
        Property 52
            Display Name: MinDampStrengthZ
            Internal Name: MinDampStrengthZ
            Type: Number
            Min Limit: 0.000000
            Max Limit: 100.000000
            Is Animatable: false
            Is Temporary: false
            Default Value: 0.000000
        Property 53
            Display Name: MaxDampStrengthX
            Internal Name: MaxDampStrengthX
            Type: Number
            Min Limit: 0.000000
            Max Limit: 100.000000
            Is Animatable: false
            Is Temporary: false
            Default Value: 0.000000
        Property 54
            Display Name: MaxDampStrengthY
            Internal Name: MaxDampStrengthY
            Type: Number
            Min Limit: 0.000000
            Max Limit: 100.000000
            Is Animatable: false
            Is Temporary: false
            Default Value: 0.000000
        Property 55
            Display Name: MaxDampStrengthZ
            Internal Name: MaxDampStrengthZ
            Type: Number
            Min Limit: 0.000000
            Max Limit: 100.000000
            Is Animatable: false
            Is Temporary: false
            Default Value: 0.000000
        Property 56
            Display Name: PreferedAngleX
            Internal Name: PreferedAngleX
            Type: Number
            Min Limit: 0.000000
            Max Limit: 100.000000
            Is Animatable: false
            Is Temporary: false
            Default Value: 0.000000
        Property 57
            Display Name: PreferedAngleY
            Internal Name: PreferedAngleY
            Type: Number
            Min Limit: 0.000000
            Max Limit: 100.000000
            Is Animatable: false
            Is Temporary: false
            Default Value: 0.000000
        Property 58
            Display Name: PreferedAngleZ
            Internal Name: PreferedAngleZ
            Type: Number
            Min Limit: 0.000000
            Max Limit: 100.000000
            Is Animatable: false
            Is Temporary: false
            Default Value: 0.000000
        Property 59
            Display Name: LookAtProperty
            Internal Name: LookAtProperty
            Type: object
            Min Limit: 0.000000
            Max Limit: 100.000000
            Is Animatable: false
            Is Temporary: false
            Default Value: UNIDENTIFIED
        Property 60
            Display Name: UpVectorProperty
            Internal Name: UpVectorProperty
            Type: object
            Min Limit: 0.000000
            Max Limit: 100.000000
            Is Animatable: false
            Is Temporary: false
            Default Value: UNIDENTIFIED
        Property 61
            Display Name: Show
            Internal Name: Show
            Type: Bool
            Min Limit: 0.000000
            Max Limit: 100.000000
            Is Animatable: false
            Is Temporary: false
            Default Value: true
        Property 62
            Display Name: NegativePercentShapeSupport
            Internal Name: NegativePercentShapeSupport
            Type: Bool
            Min Limit: 0.000000
            Max Limit: 100.000000
            Is Animatable: false
            Is Temporary: false
            Default Value: true
        Property 63
            Display Name: DefaultAttributeIndex
            Internal Name: DefaultAttributeIndex
            Type: Integer
            Min Limit: 0.000000
            Max Limit: 100.000000
            Is Animatable: false
            Is Temporary: false
            Default Value: 0
        Property 64
            Display Name: Lcl Translation
            Internal Name: Lcl Translation
            Type: Lcl Translation
            Min Limit: 0.000000
            Max Limit: 100.000000
            Is Animatable: true
            Is Temporary: false
            Default Value: X=0.000000, Y=0.000000, Z=0.000000
        Property 65
            Display Name: Lcl Rotation
            Internal Name: Lcl Rotation
            Type: Lcl Rotation
            Min Limit: 0.000000
            Max Limit: 100.000000
            Is Animatable: true
            Is Temporary: false
            Default Value: X=0.000000, Y=0.000000, Z=0.000000
        Property 66
            Display Name: Lcl Scaling
            Internal Name: Lcl Scaling
            Type: Lcl Scaling
            Min Limit: 0.000000
            Max Limit: 100.000000
            Is Animatable: true
            Is Temporary: false
            Default Value: X=1.000000, Y=1.000000, Z=1.000000
        Property 67
            Display Name: Visibility
            Internal Name: Visibility
            Type: Visibility
            Min Limit: 0.000000
            Max Limit: 100.000000
            Is Animatable: true
            Is Temporary: false
            Default Value: 1.000000

branch_06

Name: branch_06
    Property Count: 68
        Property 0
            Display Name: QuaternionInterpolate
            Internal Name: QuaternionInterpolate
            Type: Bool
            Min Limit: 0.000000
            Max Limit: 100.000000
            Is Animatable: false
            Is Temporary: false
            Default Value: false
        Property 1
            Display Name: RotationOffset
            Internal Name: RotationOffset
            Type: Vector
            Min Limit: 0.000000
            Max Limit: 100.000000
            Is Animatable: false
            Is Temporary: false
            Default Value: X=0.000000, Y=0.000000, Z=0.000000
        Property 2
            Display Name: RotationPivot
            Internal Name: RotationPivot
            Type: Vector
            Min Limit: 0.000000
            Max Limit: 100.000000
            Is Animatable: false
            Is Temporary: false
            Default Value: X=0.000000, Y=0.000000, Z=0.000000
        Property 3
            Display Name: ScalingOffset
            Internal Name: ScalingOffset
            Type: Vector
            Min Limit: 0.000000
            Max Limit: 100.000000
            Is Animatable: false
            Is Temporary: false
            Default Value: X=0.000000, Y=0.000000, Z=0.000000
        Property 4
            Display Name: ScalingPivot
            Internal Name: ScalingPivot
            Type: Vector
            Min Limit: 0.000000
            Max Limit: 100.000000
            Is Animatable: false
            Is Temporary: false
            Default Value: X=0.000000, Y=0.000000, Z=0.000000
        Property 5
            Display Name: TranslationActive
            Internal Name: TranslationActive
            Type: Bool
            Min Limit: 0.000000
            Max Limit: 100.000000
            Is Animatable: false
            Is Temporary: false
            Default Value: false
        Property 6
            Display Name: TranslationMin
            Internal Name: TranslationMin
            Type: Vector
            Min Limit: 0.000000
            Max Limit: 100.000000
            Is Animatable: false
            Is Temporary: false
            Default Value: X=0.000000, Y=0.000000, Z=0.000000
        Property 7
            Display Name: TranslationMax
            Internal Name: TranslationMax
            Type: Vector
            Min Limit: 0.000000
            Max Limit: 100.000000
            Is Animatable: false
            Is Temporary: false
            Default Value: X=0.000000, Y=0.000000, Z=0.000000
        Property 8
            Display Name: TranslationMinX
            Internal Name: TranslationMinX
            Type: Bool
            Min Limit: 0.000000
            Max Limit: 100.000000
            Is Animatable: false
            Is Temporary: false
            Default Value: false
        Property 9
            Display Name: TranslationMinY
            Internal Name: TranslationMinY
            Type: Bool
            Min Limit: 0.000000
            Max Limit: 100.000000
            Is Animatable: false
            Is Temporary: false
            Default Value: false
        Property 10
            Display Name: TranslationMinZ
            Internal Name: TranslationMinZ
            Type: Bool
            Min Limit: 0.000000
            Max Limit: 100.000000
            Is Animatable: false
            Is Temporary: false
            Default Value: false
        Property 11
            Display Name: TranslationMaxX
            Internal Name: TranslationMaxX
            Type: Bool
            Min Limit: 0.000000
            Max Limit: 100.000000
            Is Animatable: false
            Is Temporary: false
            Default Value: false
        Property 12
            Display Name: TranslationMaxY
            Internal Name: TranslationMaxY
            Type: Bool
            Min Limit: 0.000000
            Max Limit: 100.000000
            Is Animatable: false
            Is Temporary: false
            Default Value: false
        Property 13
            Display Name: TranslationMaxZ
            Internal Name: TranslationMaxZ
            Type: Bool
            Min Limit: 0.000000
            Max Limit: 100.000000
            Is Animatable: false
            Is Temporary: false
            Default Value: false
        Property 14
            Display Name: RotationOrder
            Internal Name: RotationOrder
            Type: Enum
            Min Limit: 0.000000
            Max Limit: 100.000000
            Is Animatable: false
            Is Temporary: false
            Default Value: UNIDENTIFIED
        Property 15
            Display Name: RotationSpaceForLimitOnly
            Internal Name: RotationSpaceForLimitOnly
            Type: Bool
            Min Limit: 0.000000
            Max Limit: 100.000000
            Is Animatable: false
            Is Temporary: false
            Default Value: false
        Property 16
            Display Name: RotationStiffnessX
            Internal Name: RotationStiffnessX
            Type: Number
            Min Limit: 0.000000
            Max Limit: 100.000000
            Is Animatable: false
            Is Temporary: false
            Default Value: 0.000000
        Property 17
            Display Name: RotationStiffnessY
            Internal Name: RotationStiffnessY
            Type: Number
            Min Limit: 0.000000
            Max Limit: 100.000000
            Is Animatable: false
            Is Temporary: false
            Default Value: 0.000000
        Property 18
            Display Name: RotationStiffnessZ
            Internal Name: RotationStiffnessZ
            Type: Number
            Min Limit: 0.000000
            Max Limit: 100.000000
            Is Animatable: false
            Is Temporary: false
            Default Value: 0.000000
        Property 19
            Display Name: AxisLen
            Internal Name: AxisLen
            Type: Number
            Min Limit: 0.000000
            Max Limit: 100.000000
            Is Animatable: false
            Is Temporary: false
            Default Value: 10.000000
        Property 20
            Display Name: PreRotation
            Internal Name: PreRotation
            Type: Vector
            Min Limit: 0.000000
            Max Limit: 100.000000
            Is Animatable: false
            Is Temporary: false
            Default Value: X=0.000000, Y=0.000000, Z=0.000000
        Property 21
            Display Name: PostRotation
            Internal Name: PostRotation
            Type: Vector
            Min Limit: 0.000000
            Max Limit: 100.000000
            Is Animatable: false
            Is Temporary: false
            Default Value: X=0.000000, Y=-0.000000, Z=0.000000
        Property 22
            Display Name: RotationActive
            Internal Name: RotationActive
            Type: Bool
            Min Limit: 0.000000
            Max Limit: 100.000000
            Is Animatable: false
            Is Temporary: false
            Default Value: true
        Property 23
            Display Name: RotationMin
            Internal Name: RotationMin
            Type: Vector
            Min Limit: 0.000000
            Max Limit: 100.000000
            Is Animatable: false
            Is Temporary: false
            Default Value: X=0.000000, Y=0.000000, Z=0.000000
        Property 24
            Display Name: RotationMax
            Internal Name: RotationMax
            Type: Vector
            Min Limit: 0.000000
            Max Limit: 100.000000
            Is Animatable: false
            Is Temporary: false
            Default Value: X=0.000000, Y=0.000000, Z=0.000000
        Property 25
            Display Name: RotationMinX
            Internal Name: RotationMinX
            Type: Bool
            Min Limit: 0.000000
            Max Limit: 100.000000
            Is Animatable: false
            Is Temporary: false
            Default Value: false
        Property 26
            Display Name: RotationMinY
            Internal Name: RotationMinY
            Type: Bool
            Min Limit: 0.000000
            Max Limit: 100.000000
            Is Animatable: false
            Is Temporary: false
            Default Value: false
        Property 27
            Display Name: RotationMinZ
            Internal Name: RotationMinZ
            Type: Bool
            Min Limit: 0.000000
            Max Limit: 100.000000
            Is Animatable: false
            Is Temporary: false
            Default Value: false
        Property 28
            Display Name: RotationMaxX
            Internal Name: RotationMaxX
            Type: Bool
            Min Limit: 0.000000
            Max Limit: 100.000000
            Is Animatable: false
            Is Temporary: false
            Default Value: false
        Property 29
            Display Name: RotationMaxY
            Internal Name: RotationMaxY
            Type: Bool
            Min Limit: 0.000000
            Max Limit: 100.000000
            Is Animatable: false
            Is Temporary: false
            Default Value: false
        Property 30
            Display Name: RotationMaxZ
            Internal Name: RotationMaxZ
            Type: Bool
            Min Limit: 0.000000
            Max Limit: 100.000000
            Is Animatable: false
            Is Temporary: false
            Default Value: false
        Property 31
            Display Name: InheritType
            Internal Name: InheritType
            Type: Enum
            Min Limit: 0.000000
            Max Limit: 100.000000
            Is Animatable: false
            Is Temporary: false
            Default Value: UNIDENTIFIED
        Property 32
            Display Name: ScalingActive
            Internal Name: ScalingActive
            Type: Bool
            Min Limit: 0.000000
            Max Limit: 100.000000
            Is Animatable: false
            Is Temporary: false
            Default Value: false
        Property 33
            Display Name: ScalingMin
            Internal Name: ScalingMin
            Type: Vector
            Min Limit: 0.000000
            Max Limit: 100.000000
            Is Animatable: false
            Is Temporary: false
            Default Value: X=0.000000, Y=0.000000, Z=0.000000
        Property 34
            Display Name: ScalingMax
            Internal Name: ScalingMax
            Type: Vector
            Min Limit: 0.000000
            Max Limit: 100.000000
            Is Animatable: false
            Is Temporary: false
            Default Value: X=0.000000, Y=0.000000, Z=0.000000
        Property 35
            Display Name: ScalingMinX
            Internal Name: ScalingMinX
            Type: Bool
            Min Limit: 0.000000
            Max Limit: 100.000000
            Is Animatable: false
            Is Temporary: false
            Default Value: false
        Property 36
            Display Name: ScalingMinY
            Internal Name: ScalingMinY
            Type: Bool
            Min Limit: 0.000000
            Max Limit: 100.000000
            Is Animatable: false
            Is Temporary: false
            Default Value: false
        Property 37
            Display Name: ScalingMinZ
            Internal Name: ScalingMinZ
            Type: Bool
            Min Limit: 0.000000
            Max Limit: 100.000000
            Is Animatable: false
            Is Temporary: false
            Default Value: false
        Property 38
            Display Name: ScalingMaxX
            Internal Name: ScalingMaxX
            Type: Bool
            Min Limit: 0.000000
            Max Limit: 100.000000
            Is Animatable: false
            Is Temporary: false
            Default Value: false
        Property 39
            Display Name: ScalingMaxY
            Internal Name: ScalingMaxY
            Type: Bool
            Min Limit: 0.000000
            Max Limit: 100.000000
            Is Animatable: false
            Is Temporary: false
            Default Value: false
        Property 40
            Display Name: ScalingMaxZ
            Internal Name: ScalingMaxZ
            Type: Bool
            Min Limit: 0.000000
            Max Limit: 100.000000
            Is Animatable: false
            Is Temporary: false
            Default Value: false
        Property 41
            Display Name: GeometricTranslation
            Internal Name: GeometricTranslation
            Type: Vector
            Min Limit: 0.000000
            Max Limit: 100.000000
            Is Animatable: false
            Is Temporary: false
            Default Value: X=0.000000, Y=0.000000, Z=0.000000
        Property 42
            Display Name: GeometricRotation
            Internal Name: GeometricRotation
            Type: Vector
            Min Limit: 0.000000
            Max Limit: 100.000000
            Is Animatable: false
            Is Temporary: false
            Default Value: X=0.000000, Y=0.000000, Z=0.000000
        Property 43
            Display Name: GeometricScaling
            Internal Name: GeometricScaling
            Type: Vector
            Min Limit: 0.000000
            Max Limit: 100.000000
            Is Animatable: false
            Is Temporary: false
            Default Value: X=1.000000, Y=1.000000, Z=1.000000
        Property 44
            Display Name: MinDampRangeX
            Internal Name: MinDampRangeX
            Type: Number
            Min Limit: 0.000000
            Max Limit: 100.000000
            Is Animatable: false
            Is Temporary: false
            Default Value: 0.000000
        Property 45
            Display Name: MinDampRangeY
            Internal Name: MinDampRangeY
            Type: Number
            Min Limit: 0.000000
            Max Limit: 100.000000
            Is Animatable: false
            Is Temporary: false
            Default Value: 0.000000
        Property 46
            Display Name: MinDampRangeZ
            Internal Name: MinDampRangeZ
            Type: Number
            Min Limit: 0.000000
            Max Limit: 100.000000
            Is Animatable: false
            Is Temporary: false
            Default Value: 0.000000
        Property 47
            Display Name: MaxDampRangeX
            Internal Name: MaxDampRangeX
            Type: Number
            Min Limit: 0.000000
            Max Limit: 100.000000
            Is Animatable: false
            Is Temporary: false
            Default Value: 0.000000
        Property 48
            Display Name: MaxDampRangeY
            Internal Name: MaxDampRangeY
            Type: Number
            Min Limit: 0.000000
            Max Limit: 100.000000
            Is Animatable: false
            Is Temporary: false
            Default Value: 0.000000
        Property 49
            Display Name: MaxDampRangeZ
            Internal Name: MaxDampRangeZ
            Type: Number
            Min Limit: 0.000000
            Max Limit: 100.000000
            Is Animatable: false
            Is Temporary: false
            Default Value: 0.000000
        Property 50
            Display Name: MinDampStrengthX
            Internal Name: MinDampStrengthX
            Type: Number
            Min Limit: 0.000000
            Max Limit: 100.000000
            Is Animatable: false
            Is Temporary: false
            Default Value: 0.000000
        Property 51
            Display Name: MinDampStrengthY
            Internal Name: MinDampStrengthY
            Type: Number
            Min Limit: 0.000000
            Max Limit: 100.000000
            Is Animatable: false
            Is Temporary: false
            Default Value: 0.000000
        Property 52
            Display Name: MinDampStrengthZ
            Internal Name: MinDampStrengthZ
            Type: Number
            Min Limit: 0.000000
            Max Limit: 100.000000
            Is Animatable: false
            Is Temporary: false
            Default Value: 0.000000
        Property 53
            Display Name: MaxDampStrengthX
            Internal Name: MaxDampStrengthX
            Type: Number
            Min Limit: 0.000000
            Max Limit: 100.000000
            Is Animatable: false
            Is Temporary: false
            Default Value: 0.000000
        Property 54
            Display Name: MaxDampStrengthY
            Internal Name: MaxDampStrengthY
            Type: Number
            Min Limit: 0.000000
            Max Limit: 100.000000
            Is Animatable: false
            Is Temporary: false
            Default Value: 0.000000
        Property 55
            Display Name: MaxDampStrengthZ
            Internal Name: MaxDampStrengthZ
            Type: Number
            Min Limit: 0.000000
            Max Limit: 100.000000
            Is Animatable: false
            Is Temporary: false
            Default Value: 0.000000
        Property 56
            Display Name: PreferedAngleX
            Internal Name: PreferedAngleX
            Type: Number
            Min Limit: 0.000000
            Max Limit: 100.000000
            Is Animatable: false
            Is Temporary: false
            Default Value: 0.000000
        Property 57
            Display Name: PreferedAngleY
            Internal Name: PreferedAngleY
            Type: Number
            Min Limit: 0.000000
            Max Limit: 100.000000
            Is Animatable: false
            Is Temporary: false
            Default Value: 0.000000
        Property 58
            Display Name: PreferedAngleZ
            Internal Name: PreferedAngleZ
            Type: Number
            Min Limit: 0.000000
            Max Limit: 100.000000
            Is Animatable: false
            Is Temporary: false
            Default Value: 0.000000
        Property 59
            Display Name: LookAtProperty
            Internal Name: LookAtProperty
            Type: object
            Min Limit: 0.000000
            Max Limit: 100.000000
            Is Animatable: false
            Is Temporary: false
            Default Value: UNIDENTIFIED
        Property 60
            Display Name: UpVectorProperty
            Internal Name: UpVectorProperty
            Type: object
            Min Limit: 0.000000
            Max Limit: 100.000000
            Is Animatable: false
            Is Temporary: false
            Default Value: UNIDENTIFIED
        Property 61
            Display Name: Show
            Internal Name: Show
            Type: Bool
            Min Limit: 0.000000
            Max Limit: 100.000000
            Is Animatable: false
            Is Temporary: false
            Default Value: true
        Property 62
            Display Name: NegativePercentShapeSupport
            Internal Name: NegativePercentShapeSupport
            Type: Bool
            Min Limit: 0.000000
            Max Limit: 100.000000
            Is Animatable: false
            Is Temporary: false
            Default Value: true
        Property 63
            Display Name: DefaultAttributeIndex
            Internal Name: DefaultAttributeIndex
            Type: Integer
            Min Limit: 0.000000
            Max Limit: 100.000000
            Is Animatable: false
            Is Temporary: false
            Default Value: 0
        Property 64
            Display Name: Lcl Translation
            Internal Name: Lcl Translation
            Type: Lcl Translation
            Min Limit: 0.000000
            Max Limit: 100.000000
            Is Animatable: true
            Is Temporary: false
            Default Value: X=0.000000, Y=0.000000, Z=0.000000
        Property 65
            Display Name: Lcl Rotation
            Internal Name: Lcl Rotation
            Type: Lcl Rotation
            Min Limit: 0.000000
            Max Limit: 100.000000
            Is Animatable: true
            Is Temporary: false
            Default Value: X=0.000000, Y=0.000000, Z=0.000000
        Property 66
            Display Name: Lcl Scaling
            Internal Name: Lcl Scaling
            Type: Lcl Scaling
            Min Limit: 0.000000
            Max Limit: 100.000000
            Is Animatable: true
            Is Temporary: false
            Default Value: X=1.000000, Y=1.000000, Z=1.000000
        Property 67
            Display Name: Visibility
            Internal Name: Visibility
            Type: Visibility
            Min Limit: 0.000000
            Max Limit: 100.000000
            Is Animatable: true
            Is Temporary: false
            Default Value: 1.000000

branch_08

Name: branch_08
    Property Count: 68
        Property 0
            Display Name: QuaternionInterpolate
            Internal Name: QuaternionInterpolate
            Type: Bool
            Min Limit: 0.000000
            Max Limit: 100.000000
            Is Animatable: false
            Is Temporary: false
            Default Value: false
        Property 1
            Display Name: RotationOffset
            Internal Name: RotationOffset
            Type: Vector
            Min Limit: 0.000000
            Max Limit: 100.000000
            Is Animatable: false
            Is Temporary: false
            Default Value: X=0.000000, Y=0.000000, Z=0.000000
        Property 2
            Display Name: RotationPivot
            Internal Name: RotationPivot
            Type: Vector
            Min Limit: 0.000000
            Max Limit: 100.000000
            Is Animatable: false
            Is Temporary: false
            Default Value: X=0.000000, Y=0.000000, Z=0.000000
        Property 3
            Display Name: ScalingOffset
            Internal Name: ScalingOffset
            Type: Vector
            Min Limit: 0.000000
            Max Limit: 100.000000
            Is Animatable: false
            Is Temporary: false
            Default Value: X=0.000000, Y=0.000000, Z=0.000000
        Property 4
            Display Name: ScalingPivot
            Internal Name: ScalingPivot
            Type: Vector
            Min Limit: 0.000000
            Max Limit: 100.000000
            Is Animatable: false
            Is Temporary: false
            Default Value: X=0.000000, Y=0.000000, Z=0.000000
        Property 5
            Display Name: TranslationActive
            Internal Name: TranslationActive
            Type: Bool
            Min Limit: 0.000000
            Max Limit: 100.000000
            Is Animatable: false
            Is Temporary: false
            Default Value: false
        Property 6
            Display Name: TranslationMin
            Internal Name: TranslationMin
            Type: Vector
            Min Limit: 0.000000
            Max Limit: 100.000000
            Is Animatable: false
            Is Temporary: false
            Default Value: X=0.000000, Y=0.000000, Z=0.000000
        Property 7
            Display Name: TranslationMax
            Internal Name: TranslationMax
            Type: Vector
            Min Limit: 0.000000
            Max Limit: 100.000000
            Is Animatable: false
            Is Temporary: false
            Default Value: X=0.000000, Y=0.000000, Z=0.000000
        Property 8
            Display Name: TranslationMinX
            Internal Name: TranslationMinX
            Type: Bool
            Min Limit: 0.000000
            Max Limit: 100.000000
            Is Animatable: false
            Is Temporary: false
            Default Value: false
        Property 9
            Display Name: TranslationMinY
            Internal Name: TranslationMinY
            Type: Bool
            Min Limit: 0.000000
            Max Limit: 100.000000
            Is Animatable: false
            Is Temporary: false
            Default Value: false
        Property 10
            Display Name: TranslationMinZ
            Internal Name: TranslationMinZ
            Type: Bool
            Min Limit: 0.000000
            Max Limit: 100.000000
            Is Animatable: false
            Is Temporary: false
            Default Value: false
        Property 11
            Display Name: TranslationMaxX
            Internal Name: TranslationMaxX
            Type: Bool
            Min Limit: 0.000000
            Max Limit: 100.000000
            Is Animatable: false
            Is Temporary: false
            Default Value: false
        Property 12
            Display Name: TranslationMaxY
            Internal Name: TranslationMaxY
            Type: Bool
            Min Limit: 0.000000
            Max Limit: 100.000000
            Is Animatable: false
            Is Temporary: false
            Default Value: false
        Property 13
            Display Name: TranslationMaxZ
            Internal Name: TranslationMaxZ
            Type: Bool
            Min Limit: 0.000000
            Max Limit: 100.000000
            Is Animatable: false
            Is Temporary: false
            Default Value: false
        Property 14
            Display Name: RotationOrder
            Internal Name: RotationOrder
            Type: Enum
            Min Limit: 0.000000
            Max Limit: 100.000000
            Is Animatable: false
            Is Temporary: false
            Default Value: UNIDENTIFIED
        Property 15
            Display Name: RotationSpaceForLimitOnly
            Internal Name: RotationSpaceForLimitOnly
            Type: Bool
            Min Limit: 0.000000
            Max Limit: 100.000000
            Is Animatable: false
            Is Temporary: false
            Default Value: false
        Property 16
            Display Name: RotationStiffnessX
            Internal Name: RotationStiffnessX
            Type: Number
            Min Limit: 0.000000
            Max Limit: 100.000000
            Is Animatable: false
            Is Temporary: false
            Default Value: 0.000000
        Property 17
            Display Name: RotationStiffnessY
            Internal Name: RotationStiffnessY
            Type: Number
            Min Limit: 0.000000
            Max Limit: 100.000000
            Is Animatable: false
            Is Temporary: false
            Default Value: 0.000000
        Property 18
            Display Name: RotationStiffnessZ
            Internal Name: RotationStiffnessZ
            Type: Number
            Min Limit: 0.000000
            Max Limit: 100.000000
            Is Animatable: false
            Is Temporary: false
            Default Value: 0.000000
        Property 19
            Display Name: AxisLen
            Internal Name: AxisLen
            Type: Number
            Min Limit: 0.000000
            Max Limit: 100.000000
            Is Animatable: false
            Is Temporary: false
            Default Value: 10.000000
        Property 20
            Display Name: PreRotation
            Internal Name: PreRotation
            Type: Vector
            Min Limit: 0.000000
            Max Limit: 100.000000
            Is Animatable: false
            Is Temporary: false
            Default Value: X=0.000000, Y=0.000000, Z=0.000000
        Property 21
            Display Name: PostRotation
            Internal Name: PostRotation
            Type: Vector
            Min Limit: 0.000000
            Max Limit: 100.000000
            Is Animatable: false
            Is Temporary: false
            Default Value: X=0.000000, Y=-0.000000, Z=0.000000
        Property 22
            Display Name: RotationActive
            Internal Name: RotationActive
            Type: Bool
            Min Limit: 0.000000
            Max Limit: 100.000000
            Is Animatable: false
            Is Temporary: false
            Default Value: true
        Property 23
            Display Name: RotationMin
            Internal Name: RotationMin
            Type: Vector
            Min Limit: 0.000000
            Max Limit: 100.000000
            Is Animatable: false
            Is Temporary: false
            Default Value: X=0.000000, Y=0.000000, Z=0.000000
        Property 24
            Display Name: RotationMax
            Internal Name: RotationMax
            Type: Vector
            Min Limit: 0.000000
            Max Limit: 100.000000
            Is Animatable: false
            Is Temporary: false
            Default Value: X=0.000000, Y=0.000000, Z=0.000000
        Property 25
            Display Name: RotationMinX
            Internal Name: RotationMinX
            Type: Bool
            Min Limit: 0.000000
            Max Limit: 100.000000
            Is Animatable: false
            Is Temporary: false
            Default Value: false
        Property 26
            Display Name: RotationMinY
            Internal Name: RotationMinY
            Type: Bool
            Min Limit: 0.000000
            Max Limit: 100.000000
            Is Animatable: false
            Is Temporary: false
            Default Value: false
        Property 27
            Display Name: RotationMinZ
            Internal Name: RotationMinZ
            Type: Bool
            Min Limit: 0.000000
            Max Limit: 100.000000
            Is Animatable: false
            Is Temporary: false
            Default Value: false
        Property 28
            Display Name: RotationMaxX
            Internal Name: RotationMaxX
            Type: Bool
            Min Limit: 0.000000
            Max Limit: 100.000000
            Is Animatable: false
            Is Temporary: false
            Default Value: false
        Property 29
            Display Name: RotationMaxY
            Internal Name: RotationMaxY
            Type: Bool
            Min Limit: 0.000000
            Max Limit: 100.000000
            Is Animatable: false
            Is Temporary: false
            Default Value: false
        Property 30
            Display Name: RotationMaxZ
            Internal Name: RotationMaxZ
            Type: Bool
            Min Limit: 0.000000
            Max Limit: 100.000000
            Is Animatable: false
            Is Temporary: false
            Default Value: false
        Property 31
            Display Name: InheritType
            Internal Name: InheritType
            Type: Enum
            Min Limit: 0.000000
            Max Limit: 100.000000
            Is Animatable: false
            Is Temporary: false
            Default Value: UNIDENTIFIED
        Property 32
            Display Name: ScalingActive
            Internal Name: ScalingActive
            Type: Bool
            Min Limit: 0.000000
            Max Limit: 100.000000
            Is Animatable: false
            Is Temporary: false
            Default Value: false
        Property 33
            Display Name: ScalingMin
            Internal Name: ScalingMin
            Type: Vector
            Min Limit: 0.000000
            Max Limit: 100.000000
            Is Animatable: false
            Is Temporary: false
            Default Value: X=0.000000, Y=0.000000, Z=0.000000
        Property 34
            Display Name: ScalingMax
            Internal Name: ScalingMax
            Type: Vector
            Min Limit: 0.000000
            Max Limit: 100.000000
            Is Animatable: false
            Is Temporary: false
            Default Value: X=0.000000, Y=0.000000, Z=0.000000
        Property 35
            Display Name: ScalingMinX
            Internal Name: ScalingMinX
            Type: Bool
            Min Limit: 0.000000
            Max Limit: 100.000000
            Is Animatable: false
            Is Temporary: false
            Default Value: false
        Property 36
            Display Name: ScalingMinY
            Internal Name: ScalingMinY
            Type: Bool
            Min Limit: 0.000000
            Max Limit: 100.000000
            Is Animatable: false
            Is Temporary: false
            Default Value: false
        Property 37
            Display Name: ScalingMinZ
            Internal Name: ScalingMinZ
            Type: Bool
            Min Limit: 0.000000
            Max Limit: 100.000000
            Is Animatable: false
            Is Temporary: false
            Default Value: false
        Property 38
            Display Name: ScalingMaxX
            Internal Name: ScalingMaxX
            Type: Bool
            Min Limit: 0.000000
            Max Limit: 100.000000
            Is Animatable: false
            Is Temporary: false
            Default Value: false
        Property 39
            Display Name: ScalingMaxY
            Internal Name: ScalingMaxY
            Type: Bool
            Min Limit: 0.000000
            Max Limit: 100.000000
            Is Animatable: false
            Is Temporary: false
            Default Value: false
        Property 40
            Display Name: ScalingMaxZ
            Internal Name: ScalingMaxZ
            Type: Bool
            Min Limit: 0.000000
            Max Limit: 100.000000
            Is Animatable: false
            Is Temporary: false
            Default Value: false
        Property 41
            Display Name: GeometricTranslation
            Internal Name: GeometricTranslation
            Type: Vector
            Min Limit: 0.000000
            Max Limit: 100.000000
            Is Animatable: false
            Is Temporary: false
            Default Value: X=0.000000, Y=0.000000, Z=0.000000
        Property 42
            Display Name: GeometricRotation
            Internal Name: GeometricRotation
            Type: Vector
            Min Limit: 0.000000
            Max Limit: 100.000000
            Is Animatable: false
            Is Temporary: false
            Default Value: X=0.000000, Y=0.000000, Z=0.000000
        Property 43
            Display Name: GeometricScaling
            Internal Name: GeometricScaling
            Type: Vector
            Min Limit: 0.000000
            Max Limit: 100.000000
            Is Animatable: false
            Is Temporary: false
            Default Value: X=1.000000, Y=1.000000, Z=1.000000
        Property 44
            Display Name: MinDampRangeX
            Internal Name: MinDampRangeX
            Type: Number
            Min Limit: 0.000000
            Max Limit: 100.000000
            Is Animatable: false
            Is Temporary: false
            Default Value: 0.000000
        Property 45
            Display Name: MinDampRangeY
            Internal Name: MinDampRangeY
            Type: Number
            Min Limit: 0.000000
            Max Limit: 100.000000
            Is Animatable: false
            Is Temporary: false
            Default Value: 0.000000
        Property 46
            Display Name: MinDampRangeZ
            Internal Name: MinDampRangeZ
            Type: Number
            Min Limit: 0.000000
            Max Limit: 100.000000
            Is Animatable: false
            Is Temporary: false
            Default Value: 0.000000
        Property 47
            Display Name: MaxDampRangeX
            Internal Name: MaxDampRangeX
            Type: Number
            Min Limit: 0.000000
            Max Limit: 100.000000
            Is Animatable: false
            Is Temporary: false
            Default Value: 0.000000
        Property 48
            Display Name: MaxDampRangeY
            Internal Name: MaxDampRangeY
            Type: Number
            Min Limit: 0.000000
            Max Limit: 100.000000
            Is Animatable: false
            Is Temporary: false
            Default Value: 0.000000
        Property 49
            Display Name: MaxDampRangeZ
            Internal Name: MaxDampRangeZ
            Type: Number
            Min Limit: 0.000000
            Max Limit: 100.000000
            Is Animatable: false
            Is Temporary: false
            Default Value: 0.000000
        Property 50
            Display Name: MinDampStrengthX
            Internal Name: MinDampStrengthX
            Type: Number
            Min Limit: 0.000000
            Max Limit: 100.000000
            Is Animatable: false
            Is Temporary: false
            Default Value: 0.000000
        Property 51
            Display Name: MinDampStrengthY
            Internal Name: MinDampStrengthY
            Type: Number
            Min Limit: 0.000000
            Max Limit: 100.000000
            Is Animatable: false
            Is Temporary: false
            Default Value: 0.000000
        Property 52
            Display Name: MinDampStrengthZ
            Internal Name: MinDampStrengthZ
            Type: Number
            Min Limit: 0.000000
            Max Limit: 100.000000
            Is Animatable: false
            Is Temporary: false
            Default Value: 0.000000
        Property 53
            Display Name: MaxDampStrengthX
            Internal Name: MaxDampStrengthX
            Type: Number
            Min Limit: 0.000000
            Max Limit: 100.000000
            Is Animatable: false
            Is Temporary: false
            Default Value: 0.000000
        Property 54
            Display Name: MaxDampStrengthY
            Internal Name: MaxDampStrengthY
            Type: Number
            Min Limit: 0.000000
            Max Limit: 100.000000
            Is Animatable: false
            Is Temporary: false
            Default Value: 0.000000
        Property 55
            Display Name: MaxDampStrengthZ
            Internal Name: MaxDampStrengthZ
            Type: Number
            Min Limit: 0.000000
            Max Limit: 100.000000
            Is Animatable: false
            Is Temporary: false
            Default Value: 0.000000
        Property 56
            Display Name: PreferedAngleX
            Internal Name: PreferedAngleX
            Type: Number
            Min Limit: 0.000000
            Max Limit: 100.000000
            Is Animatable: false
            Is Temporary: false
            Default Value: 0.000000
        Property 57
            Display Name: PreferedAngleY
            Internal Name: PreferedAngleY
            Type: Number
            Min Limit: 0.000000
            Max Limit: 100.000000
            Is Animatable: false
            Is Temporary: false
            Default Value: 0.000000
        Property 58
            Display Name: PreferedAngleZ
            Internal Name: PreferedAngleZ
            Type: Number
            Min Limit: 0.000000
            Max Limit: 100.000000
            Is Animatable: false
            Is Temporary: false
            Default Value: 0.000000
        Property 59
            Display Name: LookAtProperty
            Internal Name: LookAtProperty
            Type: object
            Min Limit: 0.000000
            Max Limit: 100.000000
            Is Animatable: false
            Is Temporary: false
            Default Value: UNIDENTIFIED
        Property 60
            Display Name: UpVectorProperty
            Internal Name: UpVectorProperty
            Type: object
            Min Limit: 0.000000
            Max Limit: 100.000000
            Is Animatable: false
            Is Temporary: false
            Default Value: UNIDENTIFIED
        Property 61
            Display Name: Show
            Internal Name: Show
            Type: Bool
            Min Limit: 0.000000
            Max Limit: 100.000000
            Is Animatable: false
            Is Temporary: false
            Default Value: true
        Property 62
            Display Name: NegativePercentShapeSupport
            Internal Name: NegativePercentShapeSupport
            Type: Bool
            Min Limit: 0.000000
            Max Limit: 100.000000
            Is Animatable: false
            Is Temporary: false
            Default Value: true
        Property 63
            Display Name: DefaultAttributeIndex
            Internal Name: DefaultAttributeIndex
            Type: Integer
            Min Limit: 0.000000
            Max Limit: 100.000000
            Is Animatable: false
            Is Temporary: false
            Default Value: 0
        Property 64
            Display Name: Lcl Translation
            Internal Name: Lcl Translation
            Type: Lcl Translation
            Min Limit: 0.000000
            Max Limit: 100.000000
            Is Animatable: true
            Is Temporary: false
            Default Value: X=0.000000, Y=0.000000, Z=0.000000
        Property 65
            Display Name: Lcl Rotation
            Internal Name: Lcl Rotation
            Type: Lcl Rotation
            Min Limit: 0.000000
            Max Limit: 100.000000
            Is Animatable: true
            Is Temporary: false
            Default Value: X=0.000000, Y=0.000000, Z=0.000000
        Property 66
            Display Name: Lcl Scaling
            Internal Name: Lcl Scaling
            Type: Lcl Scaling
            Min Limit: 0.000000
            Max Limit: 100.000000
            Is Animatable: true
            Is Temporary: false
            Default Value: X=1.000000, Y=1.000000, Z=1.000000
        Property 67
            Display Name: Visibility
            Internal Name: Visibility
            Type: Visibility
            Min Limit: 0.000000
            Max Limit: 100.000000
            Is Animatable: true
            Is Temporary: false
            Default Value: 1.000000

