

Platform: dx9
Target dir: dx9\
File: back_02.fbx

FBX version number for this FBX SDK is 6.1.0
FBX version number for file back_02.fbx is 6.1.0

Take Information
    Number of takes: 1
    Current take: "Take 001"

    Take 0
         Name: "Take 001"
         Description: ""
         Import Name: "Take 001"
         Import State: true

moo
moo1
moo2


---------------------
Global Light Settings
---------------------

Ambient Color: 0.400000 (red), 0.400000 (green), 0.400000 (blue)
Fog Options
    Fog Enable: false
    Fog Mode: Linear
    Fog Start: 0.300000
    Fog End: 1000.000000
    Fog Color: 1.000000 (red), 1.000000 (green), 1.000000 (blue)



----------------------
Global Camera Settings
----------------------

Default Camera: Producer Perspective
Default Viewing Mode: Standard
Camera Name: Producer Perspective
    Camera Position and Orientation
        Position: 0.000000, 71.300003, 287.500000
        Default Camera Interest Position: 0.000000, 0.000000, 0.000000
        Up Vector: 0.000000, 1.000000, 0.000000
        Roll: 0.000000
    Projection Type: Perspective
    Viewing Area Controls
        Format: Custom
        Aspect Ratio Mode: Window Size
        Pixel Ratio: 1.000000
        Near Plane: 10.000000
        Far Plane: 4000.000000
        Mouse Lock: false
    Aperture and Film Controls
        Aperture Format: 35mm TV Projection
        Aperture Width: 0.816000 inches
        Aperture Height: 0.612000 inches
        Squeeze Ratio: 1.000000
        Focal Length: 21.354494mm
        Field of View: 40.000000 degrees
    Background Properties
        Background Display Mode: When Media
        Background Drawing Mode: Background
        Foreground Matte Threshold Enable: true
        Background Placement Options:  Center, Keep Ratio
        Background Distance: 100.000000
        Background Distance Mode: Relative to Interest
    Camera View Options
        View Camera Interest: true
        View Near Far Planes: false
        Show Grid: true
        Show Axis: true
        Show Name: true
        Show Info on Moving: true
        Show Time Code: false
        Display Safe Area: false
        Safe Area Style: Square
        Show Audio: false
        Background Color: 0.630000 (red), 0.630000 (green), 0.630000 (blue)
        Audio Color: 0.000000 (red), 1.000000 (green), 0.000000 (blue)
        Use Frame Color: false
        Frame Color: 0.300000 (red), 0.300000 (green), 0.300000 (blue)
    Render Options
        Render Options Usage Time: At Render
        Use Antialiasing: false
        Antialiasing Intensity: 0.777770
        Antialiasing Method: Oversampling Antialiasing
        Number of Samples: 7
        Sampling Type: Stochastic
        Use Accumulation Buffer: false
        Use Depth of Field: false
        Focus Distance Source: Camera Interest
        Focus Angle: 3.500000 degrees
    Default Animation Values
        Default Field of View: 40.000000
        Default Field of View X: 1.000000
        Default Field of View Y: 1.000000
        Default Optical Center X: 0.000000
        Default Optical Center Y: 0.000000
        Default Roll: 0.000000
Camera Name: Producer Top
    Camera Position and Orientation
        Position: 0.000000, 4000.000000, 0.000000
        Default Camera Interest Position: 0.000000, 0.000000, 0.000000
        Up Vector: 0.000000, 0.000000, -1.000000
        Roll: 0.000000
    Projection Type: Orthogonal
    Viewing Area Controls
        Format: Custom
        Aspect Ratio Mode: Window Size
        Pixel Ratio: 1.000000
        Near Plane: 1.000000
        Far Plane: 30000.000000
        Mouse Lock: false
    Background Properties
        Background Display Mode: When Media
        Background Drawing Mode: Background
        Foreground Matte Threshold Enable: true
        Background Placement Options:  Center, Keep Ratio
        Background Distance: 100.000000
        Background Distance Mode: Relative to Interest
    Camera View Options
        View Camera Interest: true
        View Near Far Planes: false
        Show Grid: true
        Show Axis: true
        Show Name: true
        Show Info on Moving: true
        Show Time Code: false
        Display Safe Area: false
        Safe Area Style: Square
        Show Audio: false
        Background Color: 0.630000 (red), 0.630000 (green), 0.630000 (blue)
        Audio Color: 0.000000 (red), 1.000000 (green), 0.000000 (blue)
        Use Frame Color: false
        Frame Color: 0.300000 (red), 0.300000 (green), 0.300000 (blue)
    Render Options
        Render Options Usage Time: At Render
        Use Antialiasing: false
        Antialiasing Intensity: 0.777770
        Antialiasing Method: Oversampling Antialiasing
        Number of Samples: 7
        Sampling Type: Stochastic
        Use Accumulation Buffer: false
        Use Depth of Field: false
        Focus Distance Source: Camera Interest
        Focus Angle: 3.500000 degrees
    Default Animation Values
        Default Field of View: 40.000000
        Default Field of View X: 1.000000
        Default Field of View Y: 1.000000
        Default Optical Center X: 0.000000
        Default Optical Center Y: 0.000000
        Default Roll: 0.000000
Camera Name: Producer Front
    Camera Position and Orientation
        Position: 0.000000, 0.000000, 4000.000000
        Default Camera Interest Position: 0.000000, 0.000000, 0.000000
        Up Vector: 0.000000, 1.000000, 0.000000
        Roll: 0.000000
    Projection Type: Orthogonal
    Viewing Area Controls
        Format: Custom
        Aspect Ratio Mode: Window Size
        Pixel Ratio: 1.000000
        Near Plane: 1.000000
        Far Plane: 30000.000000
        Mouse Lock: false
    Background Properties
        Background Display Mode: When Media
        Background Drawing Mode: Background
        Foreground Matte Threshold Enable: true
        Background Placement Options:  Center, Keep Ratio
        Background Distance: 100.000000
        Background Distance Mode: Relative to Interest
    Camera View Options
        View Camera Interest: true
        View Near Far Planes: false
        Show Grid: true
        Show Axis: true
        Show Name: true
        Show Info on Moving: true
        Show Time Code: false
        Display Safe Area: false
        Safe Area Style: Square
        Show Audio: false
        Background Color: 0.630000 (red), 0.630000 (green), 0.630000 (blue)
        Audio Color: 0.000000 (red), 1.000000 (green), 0.000000 (blue)
        Use Frame Color: false
        Frame Color: 0.300000 (red), 0.300000 (green), 0.300000 (blue)
    Render Options
        Render Options Usage Time: At Render
        Use Antialiasing: false
        Antialiasing Intensity: 0.777770
        Antialiasing Method: Oversampling Antialiasing
        Number of Samples: 7
        Sampling Type: Stochastic
        Use Accumulation Buffer: false
        Use Depth of Field: false
        Focus Distance Source: Camera Interest
        Focus Angle: 3.500000 degrees
    Default Animation Values
        Default Field of View: 40.000000
        Default Field of View X: 1.000000
        Default Field of View Y: 1.000000
        Default Optical Center X: 0.000000
        Default Optical Center Y: 0.000000
        Default Roll: 0.000000
Camera Name: Producer Right
    Camera Position and Orientation
        Position: 4000.000000, 0.000000, 0.000000
        Default Camera Interest Position: 0.000000, 0.000000, 0.000000
        Up Vector: 0.000000, 1.000000, 0.000000
        Roll: 0.000000
    Projection Type: Orthogonal
    Viewing Area Controls
        Format: Custom
        Aspect Ratio Mode: Window Size
        Pixel Ratio: 1.000000
        Near Plane: 1.000000
        Far Plane: 30000.000000
        Mouse Lock: false
    Background Properties
        Background Display Mode: When Media
        Background Drawing Mode: Background
        Foreground Matte Threshold Enable: true
        Background Placement Options:  Center, Keep Ratio
        Background Distance: 100.000000
        Background Distance Mode: Relative to Interest
    Camera View Options
        View Camera Interest: true
        View Near Far Planes: false
        Show Grid: true
        Show Axis: true
        Show Name: true
        Show Info on Moving: true
        Show Time Code: false
        Display Safe Area: false
        Safe Area Style: Square
        Show Audio: false
        Background Color: 0.630000 (red), 0.630000 (green), 0.630000 (blue)
        Audio Color: 0.000000 (red), 1.000000 (green), 0.000000 (blue)
        Use Frame Color: false
        Frame Color: 0.300000 (red), 0.300000 (green), 0.300000 (blue)
    Render Options
        Render Options Usage Time: At Render
        Use Antialiasing: false
        Antialiasing Intensity: 0.777770
        Antialiasing Method: Oversampling Antialiasing
        Number of Samples: 7
        Sampling Type: Stochastic
        Use Accumulation Buffer: false
        Use Depth of Field: false
        Focus Distance Source: Camera Interest
        Focus Angle: 3.500000 degrees
    Default Animation Values
        Default Field of View: 40.000000
        Default Field of View X: 1.000000
        Default Field of View Y: 1.000000
        Default Optical Center X: 0.000000
        Default Optical Center Y: 0.000000
        Default Roll: 0.000000



--------------------
Global Time Settings
--------------------

Time Mode: Frames 60
Time Protocol: Frame
Snap On Frame: false



---------
Hierarchy
---------

Camera1
back1
add_light
back2
pPlane1
pPlane2


------------
Node Content
------------

Camera Name: Camera1
    Camera Position and Orientation
        Position: 0.000000, 0.000000, 100.000000
        Default Camera Interest Position: 0.000000, 0.000000, -1.000000
        Up Vector: 0.000000, 1.000000, 0.000000
        Roll: 0.000000
    Projection Type: Perspective
    Viewing Area Controls
        Format: Custom
        Aspect Ratio Mode: Window Size
        Pixel Ratio: 1.000000
        Near Plane: 1.000000
        Far Plane: 100000.000000
        Mouse Lock: false
    Aperture and Film Controls
        Aperture Format: Custom
        Aperture Width: 1.417320 inches
        Aperture Height: 0.944880 inches
        Squeeze Ratio: 1.000000
        Focal Length: 35.000000mm
        Field of View: 0.000000 degrees
    Background Properties
        Background Display Mode: When Media
        Background Drawing Mode: Background
        Foreground Matte Threshold Enable: true
        Background Placement Options:  Center, Keep Ratio
        Background Distance: 100.000000
        Background Distance Mode: Relative to Interest
    Camera View Options
        View Camera Interest: true
        View Near Far Planes: false
        Show Grid: true
        Show Axis: true
        Show Name: true
        Show Info on Moving: true
        Show Time Code: false
        Display Safe Area: false
        Safe Area Style: Square
        Show Audio: false
        Background Color: 0.000000 (red), 0.000000 (green), 0.000000 (blue)
        Audio Color: 0.000000 (red), 1.000000 (green), 0.000000 (blue)
        Use Frame Color: false
        Frame Color: 0.300000 (red), 0.300000 (green), 0.300000 (blue)
    Render Options
        Render Options Usage Time: At Render
        Use Antialiasing: false
        Antialiasing Intensity: 0.777770
        Antialiasing Method: Oversampling Antialiasing
        Number of Samples: 7
        Sampling Type: Stochastic
        Use Accumulation Buffer: false
        Use Depth of Field: false
        Focus Distance Source: Camera Interest
        Focus Angle: 3.500000 degrees
    Default Animation Values
        Default Field of View: 0.000000
        Default Field of View X: 1.000000
        Default Field of View Y: 1.000000
        Default Optical Center X: 0.000000
        Default Optical Center Y: 0.000000
        Default Roll: 0.000000
    Property Count: 68
    Pivot Information
        Pivot State: Active
        Pre-Rotation: 0.000000 0.000000 0.000000
        Post-Rotation: -0.000000 -90.000000 0.000000
        Rotation Pivot: 0.000000 0.000000 0.000000
        Rotation Offset: 0.000000 0.000000 0.000000
        Scaling Pivot: 0.000000 0.000000 0.000000
        Scaling Offset: 0.000000 0.000000 0.000000
    Limits Information
        Translation limits: Inactive
            X
                Min Limit: Inactive
                Min Limit Value: 0.000000
                Max Limit: Inactive
                Max Limit Value: 0.000000
            Y
                Min Limit: Inactive
                Min Limit Value: 0.000000
                Max Limit: Inactive
                Max Limit Value: 0.000000
            Z
                Min Limit: Inactive
                Min Limit Value: 0.000000
                Max Limit: Inactive
                Max Limit Value: 0.000000
        Rotation limits: Active
            X
                Min Limit: Inactive
                Min Limit Value: 0.000000
                Max Limit: Inactive
                Max Limit Value: 0.000000
            Y
                Min Limit: Inactive
                Min Limit Value: 0.000000
                Max Limit: Inactive
                Max Limit Value: 0.000000
            Z
                Min Limit: Inactive
                Min Limit Value: 0.000000
                Max Limit: Inactive
                Max Limit Value: 0.000000
        Scaling limits: Inactive
            X
                Min Limit: Inactive
                Min Limit Value: 0.000000
                Max Limit: Inactive
                Max Limit Value: 0.000000
            Y
                Min Limit: Inactive
                Min Limit Value: 0.000000
                Max Limit: Inactive
                Max Limit Value: 0.000000
            Z
                Min Limit: Inactive
                Min Limit Value: 0.000000
                Max Limit: Inactive
                Max Limit Value: 0.000000
    Transformation Propagation
        Rotation Space: Euler XYZ
        Use the Rotation Space for Limit specification only: No
        Transformation Inheritance: RSrs
    Geometric Transformations
        Translation: 0.000000 0.000000 0.000000
        Rotation:    0.000000 0.000000 0.000000
        Scaling:     1.000000 1.000000 1.000000
    Default Animation
        TX
            Default Value: 0.000000
        TY
            Default Value: 0.000000
        TZ
            Default Value: 100.000000
        RX
            Default Value: 0.000000
        RY
            Default Value: 0.000000
        RZ
            Default Value: -0.000000
        SX
            Default Value: 1.000000
        SY
            Default Value: 1.000000
        SZ
            Default Value: 1.000000
        Field of View
            Default Value: 0.000000
        Field of View X
            Default Value: 1.000000
        Field of View Y
            Default Value: 1.000000
        Optical Center X
            Default Value: 0.000000
        Optical Center Y
            Default Value: 0.000000
        Roll
            Default Value: 0.000000
        Property Visibility (Label: Visibility)
            Default Value: 1.000000

Mesh Name: back1
    Control Points
        Control Point 0
            Coordinates: -41.734100, -252.160950, 28.771971
        Control Point 1
            Coordinates: 243.918777, -252.160950, 28.771971
        Control Point 2
            Coordinates: -41.734100, 33.491920, 28.771971
        Control Point 3
            Coordinates: 243.918777, 33.491920, 28.771971
        Control Point 4
            Coordinates: 101.092339, -109.334511, 28.771971
        Control Point 5
            Coordinates: 101.092339, -252.160950, 28.771971
        Control Point 6
            Coordinates: 243.918777, -109.334511, 28.771971
        Control Point 7
            Coordinates: 101.092339, 33.491920, 28.771971
        Control Point 8
            Coordinates: -41.734100, -109.334511, 28.771971
        Control Point 9
            Coordinates: 29.679119, -180.747726, 28.771971
        Control Point 10
            Coordinates: -41.734100, -180.747726, 28.771971
        Control Point 11
            Coordinates: 29.679119, -252.160950, 28.771971
        Control Point 12
            Coordinates: 101.092339, -180.747726, 28.771971
        Control Point 13
            Coordinates: 29.679119, -109.334511, 28.771971
        Control Point 14
            Coordinates: 172.505569, -180.747726, 28.771971
        Control Point 15
            Coordinates: 172.505569, -252.160950, 28.771971
        Control Point 16
            Coordinates: 243.918777, -180.747726, 28.771971
        Control Point 17
            Coordinates: 172.505569, -109.334511, 28.771971
        Control Point 18
            Coordinates: 172.505569, -37.921291, 28.771971
        Control Point 19
            Coordinates: 243.918777, -37.921291, 28.771971
        Control Point 20
            Coordinates: 172.505569, 33.491920, 28.771971
        Control Point 21
            Coordinates: 101.092339, -37.921291, 28.771971
        Control Point 22
            Coordinates: 29.679119, -37.921291, 28.771971
        Control Point 23
            Coordinates: 29.679119, 33.491920, 28.771971
        Control Point 24
            Coordinates: -41.734100, -37.921291, 28.771971
        Control Point 25
            Coordinates: -6.027487, -145.041122, 28.771971
        Control Point 26
            Coordinates: -6.027487, -109.334511, 28.771971
        Control Point 27
            Coordinates: -41.734100, -145.041122, 28.771971
        Control Point 28
            Coordinates: -6.027487, -180.747726, 28.771971
        Control Point 29
            Coordinates: 29.679119, -145.041122, 28.771971
        Control Point 30
            Coordinates: 136.798950, -216.454330, 28.771971
        Control Point 31
            Coordinates: 101.092339, -216.454330, 28.771971
        Control Point 32
            Coordinates: 136.798950, -252.160950, 28.771971
        Control Point 33
            Coordinates: 172.505569, -216.454330, 28.771971
        Control Point 34
            Coordinates: 136.798950, -180.747726, 28.771971
        Control Point 35
            Coordinates: 208.212158, -73.627899, 28.771971
        Control Point 36
            Coordinates: 208.212158, -109.334511, 28.771971
        Control Point 37
            Coordinates: 243.918777, -73.627899, 28.771971
        Control Point 38
            Coordinates: 208.212158, -37.921291, 28.771971
        Control Point 39
            Coordinates: 172.505569, -73.627899, 28.771971
        Control Point 40
            Coordinates: 65.385727, -2.214689, 28.771971
        Control Point 41
            Coordinates: 101.092339, -2.214689, 28.771971
        Control Point 42
            Coordinates: 65.385727, 33.491920, 28.771971
        Control Point 43
            Coordinates: 29.679119, -2.214689, 28.771971
        Control Point 44
            Coordinates: 65.385727, -37.921291, 28.771971
        Control Point 45
            Coordinates: -6.027487, -216.454330, 28.771971
        Control Point 46
            Coordinates: -41.734100, -216.454330, 28.771971
        Control Point 47
            Coordinates: -6.027487, -252.160950, 28.771971
        Control Point 48
            Coordinates: 29.679119, -216.454330, 28.771971
        Control Point 49
            Coordinates: 65.385727, -216.454330, 28.771971
        Control Point 50
            Coordinates: 65.385727, -252.160950, 28.771971
        Control Point 51
            Coordinates: 65.385727, -180.747726, 28.771971
        Control Point 52
            Coordinates: 65.385727, -145.041122, 28.771971
        Control Point 53
            Coordinates: 101.092339, -145.041122, 28.771971
        Control Point 54
            Coordinates: 65.385727, -109.334511, 28.771971
        Control Point 55
            Coordinates: 208.212158, -216.454330, 28.771971
        Control Point 56
            Coordinates: 208.212158, -252.160950, 28.771971
        Control Point 57
            Coordinates: 243.918777, -216.454330, 28.771971
        Control Point 58
            Coordinates: 208.212158, -180.747726, 28.771971
        Control Point 59
            Coordinates: 208.212158, -145.041122, 28.771971
        Control Point 60
            Coordinates: 243.918777, -145.041122, 28.771971
        Control Point 61
            Coordinates: 172.505569, -145.041122, 28.771971
        Control Point 62
            Coordinates: 136.798950, -145.041122, 28.771971
        Control Point 63
            Coordinates: 136.798950, -109.334511, 28.771971
        Control Point 64
            Coordinates: 208.212158, -2.214689, 28.771971
        Control Point 65
            Coordinates: 243.918777, -2.214689, 28.771971
        Control Point 66
            Coordinates: 208.212158, 33.491920, 28.771971
        Control Point 67
            Coordinates: 172.505569, -2.214689, 28.771971
        Control Point 68
            Coordinates: 136.798950, -2.214689, 28.771971
        Control Point 69
            Coordinates: 136.798950, 33.491920, 28.771971
        Control Point 70
            Coordinates: 136.798950, -37.921291, 28.771971
        Control Point 71
            Coordinates: 136.798950, -73.627899, 28.771971
        Control Point 72
            Coordinates: 101.092339, -73.627899, 28.771971
        Control Point 73
            Coordinates: -6.027487, -2.214689, 28.771971
        Control Point 74
            Coordinates: -6.027487, 33.491920, 28.771971
        Control Point 75
            Coordinates: -41.734100, -2.214689, 28.771971
        Control Point 76
            Coordinates: -6.027487, -37.921291, 28.771971
        Control Point 77
            Coordinates: -6.027487, -73.627899, 28.771971
        Control Point 78
            Coordinates: -41.734100, -73.627899, 28.771971
        Control Point 79
            Coordinates: 29.679119, -73.627899, 28.771971
        Control Point 80
            Coordinates: 65.385727, -73.627899, 28.771971

    Polygons
        Polygon 0
            Coordinates: 29.679119, -145.041122, 28.771971
            Texture UV (on layer 0): 2.000047, -1.498862
            Coordinates: 29.679119, -109.334511, 28.771971
            Texture UV (on layer 0): 1.000616, 1.499431
            Coordinates: -6.027487, -109.334511, 28.771971
            Texture UV (on layer 0): 1.000616, 0.000284
            Coordinates: -6.027487, -145.041122, 28.771971
            Texture UV (on layer 0): 1.000616, -0.499431
        Polygon 1
            Coordinates: 136.798950, -180.747726, 28.771971
            Texture UV (on layer 0): 2.999478, 0.000284
            Coordinates: 101.092339, -180.747726, 28.771971
            Texture UV (on layer 0): 0.500901, 1.499431
            Coordinates: 101.092339, -216.454330, 28.771971
            Texture UV (on layer 0): 2.499763, -0.999147
            Coordinates: 136.798950, -216.454330, 28.771971
            Texture UV (on layer 0): 2.499763, -1.498862
        Polygon 2
            Coordinates: 172.505569, -73.627899, 28.771971
            Texture UV (on layer 0): 1.500332, 0.000284
            Coordinates: 172.505569, -109.334511, 28.771971
            Texture UV (on layer 0): -0.998246, -0.499431
            Coordinates: 208.212158, -109.334511, 28.771971
            Texture UV (on layer 0): 2.000047, 0.000284
            Coordinates: 208.212158, -73.627899, 28.771971
            Texture UV (on layer 0): 2.499763, 0.000284
        Polygon 3
            Coordinates: 65.385727, -37.921291, 28.771971
            Texture UV (on layer 0): 2.000047, 1.999147
            Coordinates: 101.092339, -37.921291, 28.771971
            Texture UV (on layer 0): 0.001185, -1.498862
            Coordinates: 101.092339, -2.214689, 28.771971
            Texture UV (on layer 0): 2.999478, 1.499431
            Coordinates: 65.385727, -2.214689, 28.771971
            Texture UV (on layer 0): 2.499763, 1.499431
        Polygon 4
            Coordinates: -6.027487, -180.747726, 28.771971
            Texture UV (on layer 0): 2.000047, -0.999147
            Coordinates: -41.734100, -180.747726, 28.771971
            Texture UV (on layer 0): 2.499763, 0.500000
            Coordinates: -41.734100, -216.454330, 28.771971
            Texture UV (on layer 0): 1.500332, 2.498862
            Coordinates: -6.027487, -216.454330, 28.771971
            Texture UV (on layer 0): 2.000047, 2.498862
        Polygon 5
            Coordinates: 29.679119, -216.454330, 28.771971
            Texture UV (on layer 0): 1.500332, 1.499431
            Coordinates: 29.679119, -252.160950, 28.771971
            Texture UV (on layer 0): 2.499763, 0.999716
            Coordinates: 65.385727, -252.160950, 28.771971
            Texture UV (on layer 0): 1.000616, 0.999716
            Coordinates: 65.385727, -216.454330, 28.771971
            Texture UV (on layer 0): 1.000616, 1.499431
        Polygon 6
            Coordinates: 65.385727, -180.747726, 28.771971
            Texture UV (on layer 0): 1.500332, 0.999716
            Coordinates: 101.092339, -180.747726, 28.771971
            Texture UV (on layer 0): 0.500901, 1.499431
            Coordinates: 101.092339, -145.041122, 28.771971
            Texture UV (on layer 0): 0.001185, 2.498862
            Coordinates: 65.385727, -145.041122, 28.771971
            Texture UV (on layer 0): 0.001185, 1.999147
        Polygon 7
            Coordinates: 172.505569, -216.454330, 28.771971
            Texture UV (on layer 0): 2.999478, -0.499431
            Coordinates: 172.505569, -252.160950, 28.771971
            Texture UV (on layer 0): 0.500901, 1.999147
            Coordinates: 208.212158, -252.160950, 28.771971
            Texture UV (on layer 0): -0.498530, 1.499431
            Coordinates: 208.212158, -216.454330, 28.771971
            Texture UV (on layer 0): -0.498530, 1.999147
        Polygon 8
            Coordinates: 208.212158, -180.747726, 28.771971
            Texture UV (on layer 0): -0.998246, 0.999716
            Coordinates: 243.918777, -180.747726, 28.771971
            Texture UV (on layer 0): -0.498530, -0.499431
            Coordinates: 243.918777, -145.041122, 28.771971
            Texture UV (on layer 0): 0.001185, 0.999716
            Coordinates: 208.212158, -145.041122, 28.771971
            Texture UV (on layer 0): -0.498530, 0.999716
        Polygon 9
            Coordinates: 172.505569, -145.041122, 28.771971
            Texture UV (on layer 0): 0.001185, 0.500000
            Coordinates: 172.505569, -109.334511, 28.771971
            Texture UV (on layer 0): -0.998246, -0.499431
            Coordinates: 136.798950, -109.334511, 28.771971
            Texture UV (on layer 0): 0.500901, 0.999716
            Coordinates: 136.798950, -145.041122, 28.771971
            Texture UV (on layer 0): 0.500901, 0.500000
        Polygon 10
            Coordinates: 208.212158, -37.921291, 28.771971
            Texture UV (on layer 0): 1.500332, 0.500000
            Coordinates: 243.918777, -37.921291, 28.771971
            Texture UV (on layer 0): -0.498530, -0.999147
            Coordinates: 243.918777, -2.214689, 28.771971
            Texture UV (on layer 0): -0.998246, 0.500000
            Coordinates: 208.212158, -2.214689, 28.771971
            Texture UV (on layer 0): -0.498530, 0.500000
        Polygon 11
            Coordinates: 172.505569, -2.214689, 28.771971
            Texture UV (on layer 0): -0.498530, 0.000284
            Coordinates: 172.505569, 33.491920, 28.771971
            Texture UV (on layer 0): 0.001185, -0.999147
            Coordinates: 136.798950, 33.491920, 28.771971
            Texture UV (on layer 0): -0.998246, -0.499431
            Coordinates: 136.798950, -2.214689, 28.771971
            Texture UV (on layer 0): -0.998246, 0.000284
        Polygon 12
            Coordinates: 136.798950, -37.921291, 28.771971
            Texture UV (on layer 0): -0.498530, -0.499431
            Coordinates: 101.092339, -37.921291, 28.771971
            Texture UV (on layer 0): 0.001185, -1.498862
            Coordinates: 101.092339, -73.627899, 28.771971
            Texture UV (on layer 0): -0.498530, -0.499431
            Coordinates: 136.798950, -73.627899, 28.771971
            Texture UV (on layer 0): -0.498530, 0.000284
        Polygon 13
            Coordinates: 29.679119, -2.214689, 28.771971
            Texture UV (on layer 0): 2.499763, 1.999147
            Coordinates: 29.679119, 33.491920, 28.771971
            Texture UV (on layer 0): 0.500901, -0.999147
            Coordinates: -6.027487, 33.491920, 28.771971
            Texture UV (on layer 0): 0.001185, 0.000284
            Coordinates: -6.027487, -2.214689, 28.771971
            Texture UV (on layer 0): 0.001185, -0.499431
        Polygon 14
            Coordinates: -6.027487, -37.921291, 28.771971
            Texture UV (on layer 0): 1.000616, -0.999147
            Coordinates: -41.734100, -37.921291, 28.771971
            Texture UV (on layer 0): 0.500901, -0.499431
            Coordinates: -41.734100, -73.627899, 28.771971
            Texture UV (on layer 0): 1.500332, -1.498862
            Coordinates: -6.027487, -73.627899, 28.771971
            Texture UV (on layer 0): 1.000616, -1.498862
        Polygon 15
            Coordinates: 29.679119, -73.627899, 28.771971
            Texture UV (on layer 0): 1.500332, -0.999147
            Coordinates: 29.679119, -109.334511, 28.771971
            Texture UV (on layer 0): 1.000616, 1.499431
            Coordinates: 65.385727, -109.334511, 28.771971
            Texture UV (on layer 0): -0.498530, 2.498862
            Coordinates: 65.385727, -73.627899, 28.771971
            Texture UV (on layer 0): 1.500332, -1.498862
        Polygon 16
            Coordinates: -6.027487, -109.334511, 28.771971
            Texture UV (on layer 0): 1.000616, 0.000284
            Coordinates: -41.734100, -109.334511, 28.771971
            Texture UV (on layer 0): 2.000047, 0.999716
            Coordinates: -41.734100, -145.041122, 28.771971
            Texture UV (on layer 0): 0.500901, 0.000284
            Coordinates: -6.027487, -145.041122, 28.771971
            Texture UV (on layer 0): 1.000616, -0.499431
        Polygon 17
            Coordinates: -41.734100, -145.041122, 28.771971
            Texture UV (on layer 0): 0.500901, 0.000284
            Coordinates: -41.734100, -180.747726, 28.771971
            Texture UV (on layer 0): 2.499763, 0.500000
            Coordinates: -6.027487, -180.747726, 28.771971
            Texture UV (on layer 0): 2.000047, -0.999147
            Coordinates: -6.027487, -145.041122, 28.771971
            Texture UV (on layer 0): 1.000616, -0.499431
        Polygon 18
            Coordinates: -6.027487, -180.747726, 28.771971
            Texture UV (on layer 0): 2.000047, -0.999147
            Coordinates: 29.679119, -180.747726, 28.771971
            Texture UV (on layer 0): 2.000047, 0.500000
            Coordinates: 29.679119, -145.041122, 28.771971
            Texture UV (on layer 0): 2.000047, -1.498862
            Coordinates: -6.027487, -145.041122, 28.771971
            Texture UV (on layer 0): 1.000616, -0.499431
        Polygon 19
            Coordinates: 101.092339, -216.454330, 28.771971
            Texture UV (on layer 0): 2.499763, -0.999147
            Coordinates: 101.092339, -252.160950, 28.771971
            Texture UV (on layer 0): 1.000616, -0.499431
            Coordinates: 136.798950, -252.160950, 28.771971
            Texture UV (on layer 0): 2.499763, -0.499431
            Coordinates: 136.798950, -216.454330, 28.771971
            Texture UV (on layer 0): 2.499763, -1.498862
        Polygon 20
            Coordinates: 136.798950, -252.160950, 28.771971
            Texture UV (on layer 0): 2.499763, -0.499431
            Coordinates: 172.505569, -252.160950, 28.771971
            Texture UV (on layer 0): 0.500901, 1.999147
            Coordinates: 172.505569, -216.454330, 28.771971
            Texture UV (on layer 0): 2.999478, -0.499431
            Coordinates: 136.798950, -216.454330, 28.771971
            Texture UV (on layer 0): 2.499763, -1.498862
        Polygon 21
            Coordinates: 172.505569, -216.454330, 28.771971
            Texture UV (on layer 0): 2.999478, -0.499431
            Coordinates: 172.505569, -180.747726, 28.771971
            Texture UV (on layer 0): 1.000616, 1.999147
            Coordinates: 136.798950, -180.747726, 28.771971
            Texture UV (on layer 0): 2.999478, 0.000284
            Coordinates: 136.798950, -216.454330, 28.771971
            Texture UV (on layer 0): 2.499763, -1.498862
        Polygon 22
            Coordinates: 208.212158, -109.334511, 28.771971
            Texture UV (on layer 0): 2.000047, 0.000284
            Coordinates: 243.918777, -109.334511, 28.771971
            Texture UV (on layer 0): 1.000616, -0.999147
            Coordinates: 243.918777, -73.627899, 28.771971
            Texture UV (on layer 0): 2.000047, 0.500000
            Coordinates: 208.212158, -73.627899, 28.771971
            Texture UV (on layer 0): 2.499763, 0.000284
        Polygon 23
            Coordinates: 243.918777, -73.627899, 28.771971
            Texture UV (on layer 0): 2.000047, 0.500000
            Coordinates: 243.918777, -37.921291, 28.771971
            Texture UV (on layer 0): -0.498530, -0.999147
            Coordinates: 208.212158, -37.921291, 28.771971
            Texture UV (on layer 0): 1.500332, 0.500000
            Coordinates: 208.212158, -73.627899, 28.771971
            Texture UV (on layer 0): 2.499763, 0.000284
        Polygon 24
            Coordinates: 208.212158, -37.921291, 28.771971
            Texture UV (on layer 0): 1.500332, 0.500000
            Coordinates: 172.505569, -37.921291, 28.771971
            Texture UV (on layer 0): -0.998246, -0.999147
            Coordinates: 172.505569, -73.627899, 28.771971
            Texture UV (on layer 0): 1.500332, 0.000284
            Coordinates: 208.212158, -73.627899, 28.771971
            Texture UV (on layer 0): 2.499763, 0.000284
        Polygon 25
            Coordinates: 101.092339, -2.214689, 28.771971
            Texture UV (on layer 0): 2.999478, 1.499431
            Coordinates: 101.092339, 33.491920, 28.771971
            Texture UV (on layer 0): 1.500332, -0.999147
            Coordinates: 65.385727, 33.491920, 28.771971
            Texture UV (on layer 0): 2.999478, 1.999147
            Coordinates: 65.385727, -2.214689, 28.771971
            Texture UV (on layer 0): 2.499763, 1.499431
        Polygon 26
            Coordinates: 65.385727, 33.491920, 28.771971
            Texture UV (on layer 0): 2.999478, 1.999147
            Coordinates: 29.679119, 33.491920, 28.771971
            Texture UV (on layer 0): 0.500901, -0.999147
            Coordinates: 29.679119, -2.214689, 28.771971
            Texture UV (on layer 0): 2.499763, 1.999147
            Coordinates: 65.385727, -2.214689, 28.771971
            Texture UV (on layer 0): 2.499763, 1.499431
        Polygon 27
            Coordinates: 29.679119, -2.214689, 28.771971
            Texture UV (on layer 0): 2.499763, 1.999147
            Coordinates: 29.679119, -37.921291, 28.771971
            Texture UV (on layer 0): 0.500901, -1.498862
            Coordinates: 65.385727, -37.921291, 28.771971
            Texture UV (on layer 0): 2.000047, 1.999147
            Coordinates: 65.385727, -2.214689, 28.771971
            Texture UV (on layer 0): 2.499763, 1.499431
        Polygon 28
            Coordinates: -41.734100, -216.454330, 28.771971
            Texture UV (on layer 0): 1.500332, 2.498862
            Coordinates: -41.734100, -252.160950, 28.771971
            Texture UV (on layer 0): 0.001185, 0.000284
            Coordinates: -6.027487, -252.160950, 28.771971
            Texture UV (on layer 0): 1.500332, 1.999147
            Coordinates: -6.027487, -216.454330, 28.771971
            Texture UV (on layer 0): 2.000047, 2.498862
        Polygon 29
            Coordinates: -6.027487, -252.160950, 28.771971
            Texture UV (on layer 0): 1.500332, 1.999147
            Coordinates: 29.679119, -252.160950, 28.771971
            Texture UV (on layer 0): 2.499763, 0.999716
            Coordinates: 29.679119, -216.454330, 28.771971
            Texture UV (on layer 0): 1.500332, 1.499431
            Coordinates: -6.027487, -216.454330, 28.771971
            Texture UV (on layer 0): 2.000047, 2.498862
        Polygon 30
            Coordinates: 29.679119, -216.454330, 28.771971
            Texture UV (on layer 0): 1.500332, 1.499431
            Coordinates: 29.679119, -180.747726, 28.771971
            Texture UV (on layer 0): 2.000047, 0.500000
            Coordinates: -6.027487, -180.747726, 28.771971
            Texture UV (on layer 0): 2.000047, -0.999147
            Coordinates: -6.027487, -216.454330, 28.771971
            Texture UV (on layer 0): 2.000047, 2.498862
        Polygon 31
            Coordinates: 65.385727, -252.160950, 28.771971
            Texture UV (on layer 0): 1.000616, 0.999716
            Coordinates: 101.092339, -252.160950, 28.771971
            Texture UV (on layer 0): 1.000616, -0.499431
            Coordinates: 101.092339, -216.454330, 28.771971
            Texture UV (on layer 0): 2.499763, -0.999147
            Coordinates: 65.385727, -216.454330, 28.771971
            Texture UV (on layer 0): 1.000616, 1.499431
        Polygon 32
            Coordinates: 101.092339, -216.454330, 28.771971
            Texture UV (on layer 0): 2.499763, -0.999147
            Coordinates: 101.092339, -180.747726, 28.771971
            Texture UV (on layer 0): 0.500901, 1.499431
            Coordinates: 65.385727, -180.747726, 28.771971
            Texture UV (on layer 0): 1.500332, 0.999716
            Coordinates: 65.385727, -216.454330, 28.771971
            Texture UV (on layer 0): 1.000616, 1.499431
        Polygon 33
            Coordinates: 65.385727, -180.747726, 28.771971
            Texture UV (on layer 0): 1.500332, 0.999716
            Coordinates: 29.679119, -180.747726, 28.771971
            Texture UV (on layer 0): 2.000047, 0.500000
            Coordinates: 29.679119, -216.454330, 28.771971
            Texture UV (on layer 0): 1.500332, 1.499431
            Coordinates: 65.385727, -216.454330, 28.771971
            Texture UV (on layer 0): 1.000616, 1.499431
        Polygon 34
            Coordinates: 101.092339, -145.041122, 28.771971
            Texture UV (on layer 0): 0.001185, 2.498862
            Coordinates: 101.092339, -109.334511, 28.771971
            Texture UV (on layer 0): 1.500332, -0.499431
            Coordinates: 65.385727, -109.334511, 28.771971
            Texture UV (on layer 0): -0.498530, 2.498862
            Coordinates: 65.385727, -145.041122, 28.771971
            Texture UV (on layer 0): 0.001185, 1.999147
        Polygon 35
            Coordinates: 65.385727, -109.334511, 28.771971
            Texture UV (on layer 0): -0.498530, 2.498862
            Coordinates: 29.679119, -109.334511, 28.771971
            Texture UV (on layer 0): 1.000616, 1.499431
            Coordinates: 29.679119, -145.041122, 28.771971
            Texture UV (on layer 0): 2.000047, -1.498862
            Coordinates: 65.385727, -145.041122, 28.771971
            Texture UV (on layer 0): 0.001185, 1.999147
        Polygon 36
            Coordinates: 29.679119, -145.041122, 28.771971
            Texture UV (on layer 0): 2.000047, -1.498862
            Coordinates: 29.679119, -180.747726, 28.771971
            Texture UV (on layer 0): 2.000047, 0.500000
            Coordinates: 65.385727, -180.747726, 28.771971
            Texture UV (on layer 0): 1.500332, 0.999716
            Coordinates: 65.385727, -145.041122, 28.771971
            Texture UV (on layer 0): 0.001185, 1.999147
        Polygon 37
            Coordinates: 208.212158, -252.160950, 28.771971
            Texture UV (on layer 0): -0.498530, 1.499431
            Coordinates: 243.918777, -252.160950, 28.771971
            Texture UV (on layer 0): 0.001185, 0.500000
            Coordinates: 243.918777, -216.454330, 28.771971
            Texture UV (on layer 0): -0.998246, 1.499431
            Coordinates: 208.212158, -216.454330, 28.771971
            Texture UV (on layer 0): -0.498530, 1.999147
        Polygon 38
            Coordinates: 243.918777, -216.454330, 28.771971
            Texture UV (on layer 0): -0.998246, 1.499431
            Coordinates: 243.918777, -180.747726, 28.771971
            Texture UV (on layer 0): -0.498530, -0.499431
            Coordinates: 208.212158, -180.747726, 28.771971
            Texture UV (on layer 0): -0.998246, 0.999716
            Coordinates: 208.212158, -216.454330, 28.771971
            Texture UV (on layer 0): -0.498530, 1.999147
        Polygon 39
            Coordinates: 208.212158, -180.747726, 28.771971
            Texture UV (on layer 0): -0.998246, 0.999716
            Coordinates: 172.505569, -180.747726, 28.771971
            Texture UV (on layer 0): 1.000616, 1.999147
            Coordinates: 172.505569, -216.454330, 28.771971
            Texture UV (on layer 0): 2.999478, -0.499431
            Coordinates: 208.212158, -216.454330, 28.771971
            Texture UV (on layer 0): -0.498530, 1.999147
        Polygon 40
            Coordinates: 243.918777, -145.041122, 28.771971
            Texture UV (on layer 0): 0.001185, 0.999716
            Coordinates: 243.918777, -109.334511, 28.771971
            Texture UV (on layer 0): 1.000616, -0.999147
            Coordinates: 208.212158, -109.334511, 28.771971
            Texture UV (on layer 0): 2.000047, 0.000284
            Coordinates: 208.212158, -145.041122, 28.771971
            Texture UV (on layer 0): -0.498530, 0.999716
        Polygon 41
            Coordinates: 208.212158, -109.334511, 28.771971
            Texture UV (on layer 0): 2.000047, 0.000284
            Coordinates: 172.505569, -109.334511, 28.771971
            Texture UV (on layer 0): -0.998246, -0.499431
            Coordinates: 172.505569, -145.041122, 28.771971
            Texture UV (on layer 0): 0.001185, 0.500000
            Coordinates: 208.212158, -145.041122, 28.771971
            Texture UV (on layer 0): -0.498530, 0.999716
        Polygon 42
            Coordinates: 172.505569, -145.041122, 28.771971
            Texture UV (on layer 0): 0.001185, 0.500000
            Coordinates: 172.505569, -180.747726, 28.771971
            Texture UV (on layer 0): 1.000616, 1.999147
            Coordinates: 208.212158, -180.747726, 28.771971
            Texture UV (on layer 0): -0.998246, 0.999716
            Coordinates: 208.212158, -145.041122, 28.771971
            Texture UV (on layer 0): -0.498530, 0.999716
        Polygon 43
            Coordinates: 136.798950, -109.334511, 28.771971
            Texture UV (on layer 0): 0.500901, 0.999716
            Coordinates: 101.092339, -109.334511, 28.771971
            Texture UV (on layer 0): 1.500332, -0.499431
            Coordinates: 101.092339, -145.041122, 28.771971
            Texture UV (on layer 0): 0.001185, 2.498862
            Coordinates: 136.798950, -145.041122, 28.771971
            Texture UV (on layer 0): 0.500901, 0.500000
        Polygon 44
            Coordinates: 101.092339, -145.041122, 28.771971
            Texture UV (on layer 0): 0.001185, 2.498862
            Coordinates: 101.092339, -180.747726, 28.771971
            Texture UV (on layer 0): 0.500901, 1.499431
            Coordinates: 136.798950, -180.747726, 28.771971
            Texture UV (on layer 0): 2.999478, 0.000284
            Coordinates: 136.798950, -145.041122, 28.771971
            Texture UV (on layer 0): 0.500901, 0.500000
        Polygon 45
            Coordinates: 136.798950, -180.747726, 28.771971
            Texture UV (on layer 0): 2.999478, 0.000284
            Coordinates: 172.505569, -180.747726, 28.771971
            Texture UV (on layer 0): 1.000616, 1.999147
            Coordinates: 172.505569, -145.041122, 28.771971
            Texture UV (on layer 0): 0.001185, 0.500000
            Coordinates: 136.798950, -145.041122, 28.771971
            Texture UV (on layer 0): 0.500901, 0.500000
        Polygon 46
            Coordinates: 243.918777, -2.214689, 28.771971
            Texture UV (on layer 0): -0.998246, 0.500000
            Coordinates: 243.918777, 33.491920, 28.771971
            Texture UV (on layer 0): -0.498530, 0.000284
            Coordinates: 208.212158, 33.491920, 28.771971
            Texture UV (on layer 0): -0.998246, 0.000284
            Coordinates: 208.212158, -2.214689, 28.771971
            Texture UV (on layer 0): -0.498530, 0.500000
        Polygon 47
            Coordinates: 208.212158, 33.491920, 28.771971
            Texture UV (on layer 0): -0.998246, 0.000284
            Coordinates: 172.505569, 33.491920, 28.771971
            Texture UV (on layer 0): 0.001185, -0.999147
            Coordinates: 172.505569, -2.214689, 28.771971
            Texture UV (on layer 0): -0.498530, 0.000284
            Coordinates: 208.212158, -2.214689, 28.771971
            Texture UV (on layer 0): -0.498530, 0.500000
        Polygon 48
            Coordinates: 172.505569, -2.214689, 28.771971
            Texture UV (on layer 0): -0.498530, 0.000284
            Coordinates: 172.505569, -37.921291, 28.771971
            Texture UV (on layer 0): -0.998246, -0.999147
            Coordinates: 208.212158, -37.921291, 28.771971
            Texture UV (on layer 0): 1.500332, 0.500000
            Coordinates: 208.212158, -2.214689, 28.771971
            Texture UV (on layer 0): -0.498530, 0.500000
        Polygon 49
            Coordinates: 136.798950, 33.491920, 28.771971
            Texture UV (on layer 0): -0.998246, -0.499431
            Coordinates: 101.092339, 33.491920, 28.771971
            Texture UV (on layer 0): 1.500332, -0.999147
            Coordinates: 101.092339, -2.214689, 28.771971
            Texture UV (on layer 0): 2.999478, 1.499431
            Coordinates: 136.798950, -2.214689, 28.771971
            Texture UV (on layer 0): -0.998246, 0.000284
        Polygon 50
            Coordinates: 101.092339, -2.214689, 28.771971
            Texture UV (on layer 0): 2.999478, 1.499431
            Coordinates: 101.092339, -37.921291, 28.771971
            Texture UV (on layer 0): 0.001185, -1.498862
            Coordinates: 136.798950, -37.921291, 28.771971
            Texture UV (on layer 0): -0.498530, -0.499431
            Coordinates: 136.798950, -2.214689, 28.771971
            Texture UV (on layer 0): -0.998246, 0.000284
        Polygon 51
            Coordinates: 136.798950, -37.921291, 28.771971
            Texture UV (on layer 0): -0.498530, -0.499431
            Coordinates: 172.505569, -37.921291, 28.771971
            Texture UV (on layer 0): -0.998246, -0.999147
            Coordinates: 172.505569, -2.214689, 28.771971
            Texture UV (on layer 0): -0.498530, 0.000284
            Coordinates: 136.798950, -2.214689, 28.771971
            Texture UV (on layer 0): -0.998246, 0.000284
        Polygon 52
            Coordinates: 101.092339, -73.627899, 28.771971
            Texture UV (on layer 0): -0.498530, -0.499431
            Coordinates: 101.092339, -109.334511, 28.771971
            Texture UV (on layer 0): 1.500332, -0.499431
            Coordinates: 136.798950, -109.334511, 28.771971
            Texture UV (on layer 0): 0.500901, 0.999716
            Coordinates: 136.798950, -73.627899, 28.771971
            Texture UV (on layer 0): -0.498530, 0.000284
        Polygon 53
            Coordinates: 136.798950, -109.334511, 28.771971
            Texture UV (on layer 0): 0.500901, 0.999716
            Coordinates: 172.505569, -109.334511, 28.771971
            Texture UV (on layer 0): -0.998246, -0.499431
            Coordinates: 172.505569, -73.627899, 28.771971
            Texture UV (on layer 0): 1.500332, 0.000284
            Coordinates: 136.798950, -73.627899, 28.771971
            Texture UV (on layer 0): -0.498530, 0.000284
        Polygon 54
            Coordinates: 172.505569, -73.627899, 28.771971
            Texture UV (on layer 0): 1.500332, 0.000284
            Coordinates: 172.505569, -37.921291, 28.771971
            Texture UV (on layer 0): -0.998246, -0.999147
            Coordinates: 136.798950, -37.921291, 28.771971
            Texture UV (on layer 0): -0.498530, -0.499431
            Coordinates: 136.798950, -73.627899, 28.771971
            Texture UV (on layer 0): -0.498530, 0.000284
        Polygon 55
            Coordinates: -6.027487, 33.491920, 28.771971
            Texture UV (on layer 0): 0.001185, 0.000284
            Coordinates: -41.734100, 33.491920, 28.771971
            Texture UV (on layer 0): -0.498530, 0.500000
            Coordinates: -41.734100, -2.214689, 28.771971
            Texture UV (on layer 0): -0.498530, 0.000284
            Coordinates: -6.027487, -2.214689, 28.771971
            Texture UV (on layer 0): 0.001185, -0.499431
        Polygon 56
            Coordinates: -41.734100, -2.214689, 28.771971
            Texture UV (on layer 0): -0.498530, 0.000284
            Coordinates: -41.734100, -37.921291, 28.771971
            Texture UV (on layer 0): 0.500901, -0.499431
            Coordinates: -6.027487, -37.921291, 28.771971
            Texture UV (on layer 0): 1.000616, -0.999147
            Coordinates: -6.027487, -2.214689, 28.771971
            Texture UV (on layer 0): 0.001185, -0.499431
        Polygon 57
            Coordinates: -6.027487, -37.921291, 28.771971
            Texture UV (on layer 0): 1.000616, -0.999147
            Coordinates: 29.679119, -37.921291, 28.771971
            Texture UV (on layer 0): 0.500901, -1.498862
            Coordinates: 29.679119, -2.214689, 28.771971
            Texture UV (on layer 0): 2.499763, 1.999147
            Coordinates: -6.027487, -2.214689, 28.771971
            Texture UV (on layer 0): 0.001185, -0.499431
        Polygon 58
            Coordinates: -41.734100, -73.627899, 28.771971
            Texture UV (on layer 0): 1.500332, -1.498862
            Coordinates: -41.734100, -109.334511, 28.771971
            Texture UV (on layer 0): 2.000047, 0.999716
            Coordinates: -6.027487, -109.334511, 28.771971
            Texture UV (on layer 0): 1.000616, 0.000284
            Coordinates: -6.027487, -73.627899, 28.771971
            Texture UV (on layer 0): 1.000616, -1.498862
        Polygon 59
            Coordinates: -6.027487, -109.334511, 28.771971
            Texture UV (on layer 0): 1.000616, 0.000284
            Coordinates: 29.679119, -109.334511, 28.771971
            Texture UV (on layer 0): 1.000616, 1.499431
            Coordinates: 29.679119, -73.627899, 28.771971
            Texture UV (on layer 0): 1.500332, -0.999147
            Coordinates: -6.027487, -73.627899, 28.771971
            Texture UV (on layer 0): 1.000616, -1.498862
        Polygon 60
            Coordinates: 29.679119, -73.627899, 28.771971
            Texture UV (on layer 0): 1.500332, -0.999147
            Coordinates: 29.679119, -37.921291, 28.771971
            Texture UV (on layer 0): 0.500901, -1.498862
            Coordinates: -6.027487, -37.921291, 28.771971
            Texture UV (on layer 0): 1.000616, -0.999147
            Coordinates: -6.027487, -73.627899, 28.771971
            Texture UV (on layer 0): 1.000616, -1.498862
        Polygon 61
            Coordinates: 65.385727, -109.334511, 28.771971
            Texture UV (on layer 0): -0.498530, 2.498862
            Coordinates: 101.092339, -109.334511, 28.771971
            Texture UV (on layer 0): 1.500332, -0.499431
            Coordinates: 101.092339, -73.627899, 28.771971
            Texture UV (on layer 0): -0.498530, -0.499431
            Coordinates: 65.385727, -73.627899, 28.771971
            Texture UV (on layer 0): 1.500332, -1.498862
        Polygon 62
            Coordinates: 101.092339, -73.627899, 28.771971
            Texture UV (on layer 0): -0.498530, -0.499431
            Coordinates: 101.092339, -37.921291, 28.771971
            Texture UV (on layer 0): 0.001185, -1.498862
            Coordinates: 65.385727, -37.921291, 28.771971
            Texture UV (on layer 0): 2.000047, 1.999147
            Coordinates: 65.385727, -73.627899, 28.771971
            Texture UV (on layer 0): 1.500332, -1.498862
        Polygon 63
            Coordinates: 65.385727, -37.921291, 28.771971
            Texture UV (on layer 0): 2.000047, 1.999147
            Coordinates: 29.679119, -37.921291, 28.771971
            Texture UV (on layer 0): 0.500901, -1.498862
            Coordinates: 29.679119, -73.627899, 28.771971
            Texture UV (on layer 0): 1.500332, -0.999147
            Coordinates: 65.385727, -73.627899, 28.771971
            Texture UV (on layer 0): 1.500332, -1.498862

    Material layer 0: 
           Mapping: All Same
           Indices: 0

    Materials on layer 0: 
        Material 0
            Name: "back"
            Ambient: 0.000000 (red), 0.000000 (green), 0.000000 (blue)
            Diffuse: 1.000000 (red), 1.000000 (green), 1.000000 (blue)
            Diffuse: 1.000000 (red), 1.000000 (green), 1.000000 (blue)
            Opacity: 0.000000
            Shading Model: Lambert

    Texture layer 0: 
           Mapping: By Polygon
           Indices: 0, 0, 0, 0, 0, 0, 0, 0, 0, 0, 0, 0, 0, 0, 0, 0, 0, 0, 0, 0, 0, 0, 0, 0, 0, 0, 0, 0, 0, 0, 0, 0, 0, 0, 0, 0, 0, 0, 0, 0, 0, 0, 0, 0, 0, 0, 0, 0, 0, 0, 0, 0, 0, 0, 0, 0, 0, 0, 0, 0, 0, 0, 0, 0
        Blend Mode: Translucent
             Alpha: 1.000000


    Textures on layer 0: 
        Texture 0
            Name: "file1"
            File Name: "C:/psp/ReJ/Data/DemoTest/back_02/backt2.tga"
            Scale U: 1.000000
            Scale V: 1.000000
            Translation U: 0.000000
            Translation V: 0.000000
            Swap UV: false
            Rotation U: 0.000000
            Rotation V: 0.000000
            Rotation W: 0.000000
            Alpha Source: None
            Cropping Left: 0.000000
            Cropping Top: 0.000000
            Cropping Right: 0.000000
            Cropping Bottom: 0.000000
            Mapping Type: UV
            Material Use: Model Material
            Texture Use: Standard

    Property Count: 68
    Pivot Information
        Pivot State: Active
        Pre-Rotation: 0.000000 0.000000 0.000000
        Post-Rotation: 0.000000 -0.000000 0.000000
        Rotation Pivot: 101.092348 -109.334512 28.771988
        Rotation Offset: 0.000000 0.000000 0.000000
        Scaling Pivot: 101.092348 -109.334512 28.771988
        Scaling Offset: 0.000000 0.000000 0.000000
    Limits Information
        Translation limits: Inactive
            X
                Min Limit: Inactive
                Min Limit Value: 0.000000
                Max Limit: Inactive
                Max Limit Value: 0.000000
            Y
                Min Limit: Inactive
                Min Limit Value: 0.000000
                Max Limit: Inactive
                Max Limit Value: 0.000000
            Z
                Min Limit: Inactive
                Min Limit Value: 0.000000
                Max Limit: Inactive
                Max Limit Value: 0.000000
        Rotation limits: Active
            X
                Min Limit: Inactive
                Min Limit Value: 0.000000
                Max Limit: Inactive
                Max Limit Value: 0.000000
            Y
                Min Limit: Inactive
                Min Limit Value: 0.000000
                Max Limit: Inactive
                Max Limit Value: 0.000000
            Z
                Min Limit: Inactive
                Min Limit Value: 0.000000
                Max Limit: Inactive
                Max Limit Value: 0.000000
        Scaling limits: Inactive
            X
                Min Limit: Inactive
                Min Limit Value: 0.000000
                Max Limit: Inactive
                Max Limit Value: 0.000000
            Y
                Min Limit: Inactive
                Min Limit Value: 0.000000
                Max Limit: Inactive
                Max Limit Value: 0.000000
            Z
                Min Limit: Inactive
                Min Limit Value: 0.000000
                Max Limit: Inactive
                Max Limit Value: 0.000000
    Transformation Propagation
        Rotation Space: Euler XYZ
        Use the Rotation Space for Limit specification only: No
        Transformation Inheritance: RSrs
    Geometric Transformations
        Translation: 0.000000 0.000000 0.000000
        Rotation:    0.000000 0.000000 0.000000
        Scaling:     1.000000 1.000000 1.000000
    Default Animation
        TX
            Default Value: -25.712679
        TY
            Default Value: 9.606935
        TZ
            Default Value: 0.000000
        RX
            Default Value: 0.000000
        RY
            Default Value: 0.000000
        RZ
            Default Value: 0.000000
        SX
            Default Value: 1.000000
        SY
            Default Value: 1.000000
        SZ
            Default Value: 1.000000
        Property Visibility (Label: Visibility)
            Default Value: 1.000000

Mesh Name: add_light
    Control Points
        Control Point 0
            Coordinates: -5.113308, -2.912673, 90.603310
        Control Point 1
            Coordinates: 5.113308, -2.912673, 90.603310
        Control Point 2
            Coordinates: -5.113308, 2.912673, 90.603310
        Control Point 3
            Coordinates: 5.113308, 2.912673, 90.603310
        Control Point 4
            Coordinates: 0.000000, 0.000000, 90.603310
        Control Point 5
            Coordinates: 0.000000, -2.912673, 90.603310
        Control Point 6
            Coordinates: 5.113308, 0.000000, 90.603310
        Control Point 7
            Coordinates: 0.000000, 2.912673, 90.603310
        Control Point 8
            Coordinates: -5.113308, 0.000000, 90.603310
        Control Point 9
            Coordinates: -2.556654, -1.456337, 90.603310
        Control Point 10
            Coordinates: -5.113308, -1.456337, 90.603310
        Control Point 11
            Coordinates: -2.556654, -2.912673, 90.603310
        Control Point 12
            Coordinates: 0.000000, -1.456337, 90.603310
        Control Point 13
            Coordinates: -2.556654, 0.000000, 90.603310
        Control Point 14
            Coordinates: 2.556654, -1.456337, 90.603310
        Control Point 15
            Coordinates: 2.556654, -2.912673, 90.603310
        Control Point 16
            Coordinates: 5.113308, -1.456337, 90.603310
        Control Point 17
            Coordinates: 2.556654, 0.000000, 90.603310
        Control Point 18
            Coordinates: 2.556654, 1.456337, 90.603310
        Control Point 19
            Coordinates: 5.113308, 1.456337, 90.603310
        Control Point 20
            Coordinates: 2.556654, 2.912673, 90.603310
        Control Point 21
            Coordinates: 0.000000, 1.456337, 90.603310
        Control Point 22
            Coordinates: -2.556654, 1.456337, 90.603310
        Control Point 23
            Coordinates: -2.556654, 2.912673, 90.603310
        Control Point 24
            Coordinates: -5.113308, 1.456337, 90.603310

    Polygons
        Polygon 0
            Coordinates: -2.556654, 0.000000, 90.603310
            Texture UV (on layer 0): 0.500000, 1.000000
            Coordinates: -5.113308, 0.000000, 90.603310
            Texture UV (on layer 0): 0.750000, 0.500000
            Coordinates: -5.113308, -1.456337, 90.603310
            Texture UV (on layer 0): 1.000000, 0.750000
            Coordinates: -2.556654, -1.456337, 90.603310
            Texture UV (on layer 0): 1.000000, 0.500000
        Polygon 1
            Coordinates: 0.000000, -1.456337, 90.603310
            Texture UV (on layer 0): 0.500000, 0.750000
            Coordinates: 0.000000, -2.912673, 90.603310
            Texture UV (on layer 0): 0.500000, 0.000000
            Coordinates: 2.556654, -2.912673, 90.603310
            Texture UV (on layer 0): 0.250000, 0.750000
            Coordinates: 2.556654, -1.456337, 90.603310
            Texture UV (on layer 0): 0.250000, 1.000000
        Polygon 2
            Coordinates: 2.556654, 0.000000, 90.603310
            Texture UV (on layer 0): 0.000000, 0.000000
            Coordinates: 5.113308, 0.000000, 90.603310
            Texture UV (on layer 0): 0.750000, 0.000000
            Coordinates: 5.113308, 1.456337, 90.603310
            Texture UV (on layer 0): 0.250000, 0.250000
            Coordinates: 2.556654, 1.456337, 90.603310
            Texture UV (on layer 0): 0.250000, 0.000000
        Polygon 3
            Coordinates: 0.000000, 1.456337, 90.603310
            Texture UV (on layer 0): 0.500000, 0.000000
            Coordinates: 0.000000, 2.912673, 90.603310
            Texture UV (on layer 0): 0.750000, 0.250000
            Coordinates: -2.556654, 2.912673, 90.603310
            Texture UV (on layer 0): 0.250000, 0.250000
            Coordinates: -2.556654, 1.456337, 90.603310
            Texture UV (on layer 0): 0.500000, 0.250000
        Polygon 4
            Coordinates: -5.113308, -1.456337, 90.603310
            Texture UV (on layer 0): 1.000000, 0.750000
            Coordinates: -5.113308, -2.912673, 90.603310
            Texture UV (on layer 0): 0.250000, 0.500000
            Coordinates: -2.556654, -2.912673, 90.603310
            Texture UV (on layer 0): 0.750000, 0.750000
            Coordinates: -2.556654, -1.456337, 90.603310
            Texture UV (on layer 0): 1.000000, 0.500000
        Polygon 5
            Coordinates: -2.556654, -2.912673, 90.603310
            Texture UV (on layer 0): 0.750000, 0.750000
            Coordinates: 0.000000, -2.912673, 90.603310
            Texture UV (on layer 0): 0.500000, 0.000000
            Coordinates: 0.000000, -1.456337, 90.603310
            Texture UV (on layer 0): 0.500000, 0.750000
            Coordinates: -2.556654, -1.456337, 90.603310
            Texture UV (on layer 0): 1.000000, 0.500000
        Polygon 6
            Coordinates: 0.000000, -1.456337, 90.603310
            Texture UV (on layer 0): 0.500000, 0.750000
            Coordinates: 0.000000, 0.000000, 90.603310
            Texture UV (on layer 0): 0.500000, 0.250000
            Coordinates: -2.556654, 0.000000, 90.603310
            Texture UV (on layer 0): 0.500000, 1.000000
            Coordinates: -2.556654, -1.456337, 90.603310
            Texture UV (on layer 0): 1.000000, 0.500000
        Polygon 7
            Coordinates: 2.556654, -2.912673, 90.603310
            Texture UV (on layer 0): 0.250000, 0.750000
            Coordinates: 5.113308, -2.912673, 90.603310
            Texture UV (on layer 0): 0.000000, 0.500000
            Coordinates: 5.113308, -1.456337, 90.603310
            Texture UV (on layer 0): 0.000000, 0.250000
            Coordinates: 2.556654, -1.456337, 90.603310
            Texture UV (on layer 0): 0.250000, 1.000000
        Polygon 8
            Coordinates: 5.113308, -1.456337, 90.603310
            Texture UV (on layer 0): 0.000000, 0.250000
            Coordinates: 5.113308, 0.000000, 90.603310
            Texture UV (on layer 0): 0.750000, 0.000000
            Coordinates: 2.556654, 0.000000, 90.603310
            Texture UV (on layer 0): 0.000000, 0.000000
            Coordinates: 2.556654, -1.456337, 90.603310
            Texture UV (on layer 0): 0.250000, 1.000000
        Polygon 9
            Coordinates: 2.556654, 0.000000, 90.603310
            Texture UV (on layer 0): 0.000000, 0.000000
            Coordinates: 0.000000, 0.000000, 90.603310
            Texture UV (on layer 0): 0.500000, 0.250000
            Coordinates: 0.000000, -1.456337, 90.603310
            Texture UV (on layer 0): 0.500000, 0.750000
            Coordinates: 2.556654, -1.456337, 90.603310
            Texture UV (on layer 0): 0.250000, 1.000000
        Polygon 10
            Coordinates: 5.113308, 1.456337, 90.603310
            Texture UV (on layer 0): 0.250000, 0.250000
            Coordinates: 5.113308, 2.912673, 90.603310
            Texture UV (on layer 0): 0.250000, 0.250000
            Coordinates: 2.556654, 2.912673, 90.603310
            Texture UV (on layer 0): 0.250000, 0.000000
            Coordinates: 2.556654, 1.456337, 90.603310
            Texture UV (on layer 0): 0.250000, 0.000000
        Polygon 11
            Coordinates: 2.556654, 2.912673, 90.603310
            Texture UV (on layer 0): 0.250000, 0.000000
            Coordinates: 0.000000, 2.912673, 90.603310
            Texture UV (on layer 0): 0.750000, 0.250000
            Coordinates: 0.000000, 1.456337, 90.603310
            Texture UV (on layer 0): 0.500000, 0.000000
            Coordinates: 2.556654, 1.456337, 90.603310
            Texture UV (on layer 0): 0.250000, 0.000000
        Polygon 12
            Coordinates: 0.000000, 1.456337, 90.603310
            Texture UV (on layer 0): 0.500000, 0.000000
            Coordinates: 0.000000, 0.000000, 90.603310
            Texture UV (on layer 0): 0.500000, 0.250000
            Coordinates: 2.556654, 0.000000, 90.603310
            Texture UV (on layer 0): 0.000000, 0.000000
            Coordinates: 2.556654, 1.456337, 90.603310
            Texture UV (on layer 0): 0.250000, 0.000000
        Polygon 13
            Coordinates: -2.556654, 2.912673, 90.603310
            Texture UV (on layer 0): 0.250000, 0.250000
            Coordinates: -5.113308, 2.912673, 90.603310
            Texture UV (on layer 0): 0.000000, 0.250000
            Coordinates: -5.113308, 1.456337, 90.603310
            Texture UV (on layer 0): 0.500000, 0.250000
            Coordinates: -2.556654, 1.456337, 90.603310
            Texture UV (on layer 0): 0.500000, 0.250000
        Polygon 14
            Coordinates: -5.113308, 1.456337, 90.603310
            Texture UV (on layer 0): 0.500000, 0.250000
            Coordinates: -5.113308, 0.000000, 90.603310
            Texture UV (on layer 0): 0.750000, 0.500000
            Coordinates: -2.556654, 0.000000, 90.603310
            Texture UV (on layer 0): 0.500000, 1.000000
            Coordinates: -2.556654, 1.456337, 90.603310
            Texture UV (on layer 0): 0.500000, 0.250000
        Polygon 15
            Coordinates: -2.556654, 0.000000, 90.603310
            Texture UV (on layer 0): 0.500000, 1.000000
            Coordinates: 0.000000, 0.000000, 90.603310
            Texture UV (on layer 0): 0.500000, 0.250000
            Coordinates: 0.000000, 1.456337, 90.603310
            Texture UV (on layer 0): 0.500000, 0.000000
            Coordinates: -2.556654, 1.456337, 90.603310
            Texture UV (on layer 0): 0.500000, 0.250000

    Material layer 0: 
           Mapping: All Same
           Indices: 0

    Materials on layer 0: 
        Material 0
            Name: "light"
            Ambient: 0.454540 (red), 0.454540 (green), 0.454540 (blue)
            Diffuse: 1.000000 (red), 1.000000 (green), 1.000000 (blue)
            Diffuse: 1.000000 (red), 1.000000 (green), 1.000000 (blue)
            Opacity: 0.000000
            Shading Model: Lambert

    Texture layer 0: 
           Mapping: By Polygon
           Indices: 0, 0, 0, 0, 0, 0, 0, 0, 0, 0, 0, 0, 0, 0, 0, 0
        Blend Mode: Translucent
             Alpha: 1.000000


    Textures on layer 0: 
        Texture 0
            Name: "file3"
            File Name: "C:/psp/ReJ/Data/DemoTest/back_01/light.tga"
            Scale U: 1.000000
            Scale V: 1.000000
            Translation U: 0.000000
            Translation V: 0.000000
            Swap UV: false
            Rotation U: 0.000000
            Rotation V: 0.000000
            Rotation W: 0.000000
            Alpha Source: None
            Cropping Left: 0.000000
            Cropping Top: 0.000000
            Cropping Right: 0.000000
            Cropping Bottom: 0.000000
            Mapping Type: UV
            Material Use: Model Material
            Texture Use: Standard

    Property Count: 68
    Pivot Information
        Pivot State: Active
        Pre-Rotation: 0.000000 0.000000 0.000000
        Post-Rotation: -0.000000 -0.000000 -0.000000
        Rotation Pivot: 0.000000 0.000000 90.603308
        Rotation Offset: 0.000000 0.000000 0.000000
        Scaling Pivot: 0.000000 0.000000 90.603308
        Scaling Offset: 0.000000 0.000000 0.000000
    Limits Information
        Translation limits: Inactive
            X
                Min Limit: Inactive
                Min Limit Value: 0.000000
                Max Limit: Inactive
                Max Limit Value: 0.000000
            Y
                Min Limit: Inactive
                Min Limit Value: 0.000000
                Max Limit: Inactive
                Max Limit Value: 0.000000
            Z
                Min Limit: Inactive
                Min Limit Value: 0.000000
                Max Limit: Inactive
                Max Limit Value: 0.000000
        Rotation limits: Active
            X
                Min Limit: Inactive
                Min Limit Value: 0.000000
                Max Limit: Inactive
                Max Limit Value: 0.000000
            Y
                Min Limit: Inactive
                Min Limit Value: 0.000000
                Max Limit: Inactive
                Max Limit Value: 0.000000
            Z
                Min Limit: Inactive
                Min Limit Value: 0.000000
                Max Limit: Inactive
                Max Limit Value: 0.000000
        Scaling limits: Inactive
            X
                Min Limit: Inactive
                Min Limit Value: 0.000000
                Max Limit: Inactive
                Max Limit Value: 0.000000
            Y
                Min Limit: Inactive
                Min Limit Value: 0.000000
                Max Limit: Inactive
                Max Limit Value: 0.000000
            Z
                Min Limit: Inactive
                Min Limit Value: 0.000000
                Max Limit: Inactive
                Max Limit Value: 0.000000
    Transformation Propagation
        Rotation Space: Euler XYZ
        Use the Rotation Space for Limit specification only: No
        Transformation Inheritance: RSrs
    Geometric Transformations
        Translation: 0.000000 0.000000 0.000000
        Rotation:    0.000000 0.000000 0.000000
        Scaling:     1.000000 1.000000 1.000000
    Default Animation
        TX
            Default Value: 0.000000
        TY
            Default Value: 0.000000
        TZ
            Default Value: 0.000000
        RX
            Default Value: 0.000000
        RY
            Default Value: 0.000000
        RZ
            Default Value: 0.000000
        SX
            Default Value: 1.000000
        SY
            Default Value: 1.000000
        SZ
            Default Value: 1.000000
        Property Visibility (Label: Visibility)
            Default Value: 0.000000

Mesh Name: back2
    Control Points
        Control Point 0
            Coordinates: -26.073547, 18.409925, 58.422283
            Normal Vector (on layer 0): -0.000000, 0.000000, 1.000000
        Control Point 1
            Coordinates: 55.108948, -35.711742, 58.422283
            Normal Vector (on layer 0): -0.000000, 0.000000, 1.000000
        Control Point 2
            Coordinates: -26.073547, -8.650910, 58.422283
            Normal Vector (on layer 0): 0.000000, 0.000000, 1.000000
        Control Point 3
            Coordinates: 68.639374, -35.711742, 58.422283
            Normal Vector (on layer 0): -0.000000, 0.000000, 1.000000
        Control Point 4
            Coordinates: 68.639374, -8.650910, 58.422283
            Normal Vector (on layer 0): -0.000001, 0.000001, 1.000000
        Control Point 5
            Coordinates: 14.517703, -8.650910, 58.422283
            Normal Vector (on layer 0): 0.000000, 0.000000, 1.000000
        Control Point 6
            Coordinates: 41.578533, -22.181326, 58.422283
            Normal Vector (on layer 0): 0.000000, 0.000000, 1.000000
        Control Point 7
            Coordinates: 41.578537, -35.711742, 58.422283
            Normal Vector (on layer 0): -0.000000, 0.000000, 1.000000
        Control Point 8
            Coordinates: 95.700211, -22.181326, 58.422283
            Normal Vector (on layer 0): 0.000000, 0.000000, 1.000000
        Control Point 9
            Coordinates: -12.543130, 18.409925, 58.422283
            Normal Vector (on layer 0): 0.000000, 0.000000, 1.000000
        Control Point 10
            Coordinates: -26.073547, 4.879507, 58.422283
            Normal Vector (on layer 0): 0.000000, 0.000000, 1.000000
        Control Point 11
            Coordinates: -12.543131, -22.181326, 58.422283
            Normal Vector (on layer 0): 0.000000, 0.000000, 1.000000
        Control Point 12
            Coordinates: 68.639374, -28.946533, 58.422283
            Normal Vector (on layer 0): 0.000000, 0.000000, 1.000000
        Control Point 13
            Coordinates: 14.528913, 4.865687, 58.422283
            Normal Vector (on layer 0): -0.000000, 0.000000, 1.000000
        Control Point 14
            Coordinates: 28.048119, -1.885701, 58.422283
            Normal Vector (on layer 0): 0.000000, 0.000000, 1.000000
        Control Point 15
            Coordinates: 48.343742, 18.409925, 58.422283
            Normal Vector (on layer 0): -0.000001, 0.000001, 1.000000
        Control Point 16
            Coordinates: 41.578537, -15.416118, 58.422283
            Normal Vector (on layer 0): 0.000000, 0.000000, 1.000000
        Control Point 17
            Coordinates: 95.700203, -15.416118, 58.422283
            Normal Vector (on layer 0): -0.000001, 0.000001, 1.000000
        Control Point 18
            Coordinates: 0.987287, 11.644718, 58.422283
            Normal Vector (on layer 0): -0.000000, 0.000000, 1.000000
        Control Point 19
            Coordinates: -5.777922, 18.409925, 58.422283
            Normal Vector (on layer 0): 0.000000, 0.000000, 1.000000
        Control Point 20
            Coordinates: -12.543130, -15.416118, 58.422283
            Normal Vector (on layer 0): 0.000001, -0.000001, 1.000000
        Control Point 21
            Coordinates: 14.517703, -28.946533, 58.422283
            Normal Vector (on layer 0): 0.000000, 0.000000, 1.000000
        Control Point 22
            Coordinates: 55.108948, -42.476948, 58.422283
            Normal Vector (on layer 0): -0.000000, 0.000000, 1.000000
        Control Point 23
            Coordinates: 75.404579, -28.946533, 58.422283
            Normal Vector (on layer 0): 0.000000, 0.000000, 1.000000
        Control Point 24
            Coordinates: 82.169785, -28.946533, 58.422283
            Normal Vector (on layer 0): -0.000000, 0.000000, 1.000000
        Control Point 25
            Coordinates: 28.048119, 11.644718, 58.422283
            Normal Vector (on layer 0): -0.000000, 0.000000, 1.000000
        Control Point 26
            Coordinates: 21.282911, 18.409925, 58.422283
            Normal Vector (on layer 0): 0.000000, 0.000000, 1.000000
        Control Point 27
            Coordinates: 7.752495, 18.409925, 58.422283
            Normal Vector (on layer 0): -0.000000, 0.000000, 1.000000
        Control Point 28
            Coordinates: 34.813328, 18.409925, 58.422283
            Normal Vector (on layer 0): -0.000000, 0.000000, 1.000000
        Control Point 29
            Coordinates: 41.578537, -1.885700, 58.422283
            Normal Vector (on layer 0): -0.000000, 0.000000, 1.000000
        Control Point 30
            Coordinates: 48.343742, -1.885701, 58.422283
            Normal Vector (on layer 0): -0.000000, 0.000000, 1.000000
        Control Point 31
            Coordinates: 41.578537, -28.946533, 58.422283
            Normal Vector (on layer 0): 0.000000, 0.000000, 1.000000
        Control Point 32
            Coordinates: 48.343742, -28.946533, 58.422283
            Normal Vector (on layer 0): 0.000000, 0.000000, 1.000000
        Control Point 33
            Coordinates: 95.700203, -28.946533, 58.422283
            Normal Vector (on layer 0): 0.000000, 0.000000, 1.000000
        Control Point 34
            Coordinates: 102.465416, -28.946535, 58.422283
            Normal Vector (on layer 0): 0.000000, 0.000000, 1.000000
        Control Point 35
            Coordinates: -19.308338, 11.644714, 58.422283
            Normal Vector (on layer 0): -0.000000, 0.000000, 1.000000
        Control Point 36
            Coordinates: -19.308338, 18.409925, 58.422283
            Normal Vector (on layer 0): -0.000000, 0.000000, 1.000000
        Control Point 37
            Coordinates: -12.543130, -1.885700, 58.422283
            Normal Vector (on layer 0): -0.000000, 0.000000, 1.000000
        Control Point 38
            Coordinates: -5.777922, -1.885700, 58.422283
            Normal Vector (on layer 0): -0.000000, 0.000000, 1.000000
        Control Point 39
            Coordinates: -12.543130, -28.946533, 58.422283
            Normal Vector (on layer 0): 0.000000, 0.000000, 1.000000
        Control Point 40
            Coordinates: -5.777922, -28.946533, 58.422283
            Normal Vector (on layer 0): 0.000000, 0.000000, 1.000000
        Control Point 41
            Coordinates: 0.987287, -15.416118, 58.422283
            Normal Vector (on layer 0): 0.000000, 0.000000, 1.000000
        Control Point 42
            Coordinates: 21.282909, -28.946533, 58.422283
            Normal Vector (on layer 0): 0.000000, 0.000000, 1.000000
        Control Point 43
            Coordinates: 28.048119, -42.476948, 58.422283
            Normal Vector (on layer 0): -0.000000, 0.000000, 1.000000
        Control Point 44
            Coordinates: 82.169785, -35.711742, 58.422283
            Normal Vector (on layer 0): -0.000000, 0.000000, 1.000000
        Control Point 45
            Coordinates: 28.048119, -35.711742, 58.422283
            Normal Vector (on layer 0): -0.000000, 0.000000, 1.000000
        Control Point 46
            Coordinates: 28.048119, 18.409925, 58.422283
            Normal Vector (on layer 0): -0.000000, 0.000000, 1.000000
        Control Point 47
            Coordinates: 55.108948, -8.650910, 58.422283
            Normal Vector (on layer 0): 0.000000, 0.000000, 1.000000
        Control Point 48
            Coordinates: 82.169785, -8.650910, 58.422283
            Normal Vector (on layer 0): 0.000000, 0.000000, 1.000000
        Control Point 49
            Coordinates: 21.294121, 4.865687, 58.422283
            Normal Vector (on layer 0): -0.000000, 0.000000, 1.000000
        Control Point 50
            Coordinates: 28.048119, -8.650910, 58.422283
            Normal Vector (on layer 0): 0.000000, 0.000000, 1.000000
        Control Point 51
            Coordinates: 0.987287, -8.650910, 58.422283
            Normal Vector (on layer 0): 0.000000, 0.000000, 1.000000
        Control Point 52
            Coordinates: 0.987287, 18.409925, 58.422283
            Normal Vector (on layer 0): -0.000000, 0.000000, 1.000000
        Control Point 53
            Coordinates: 68.639374, -22.181326, 58.422283
            Normal Vector (on layer 0): 0.000000, 0.000000, 1.000000
        Control Point 54
            Coordinates: 82.169785, -22.181326, 58.422283
            Normal Vector (on layer 0): -0.000000, 0.000000, 1.000000
        Control Point 55
            Coordinates: 55.108948, -22.181326, 58.422283
            Normal Vector (on layer 0): -0.000001, 0.000001, 1.000000
        Control Point 56
            Coordinates: 95.700195, -35.711742, 58.422283
            Normal Vector (on layer 0): -0.000000, 0.000000, 1.000000
        Control Point 57
            Coordinates: 28.048119, 4.879507, 58.422283
            Normal Vector (on layer 0): 0.000000, 0.000000, 1.000000
        Control Point 58
            Coordinates: 14.517703, 18.409925, 58.422283
            Normal Vector (on layer 0): 0.000000, 0.000000, 1.000000
        Control Point 59
            Coordinates: 0.987287, 4.879507, 58.422283
            Normal Vector (on layer 0): -0.000000, 0.000000, 1.000000
        Control Point 60
            Coordinates: 55.108948, 4.879507, 58.422283
            Normal Vector (on layer 0): -0.000000, 0.000000, 1.000000
        Control Point 61
            Coordinates: 41.578537, 4.879509, 58.422283
            Normal Vector (on layer 0): -0.000000, 0.000000, 1.000000
        Control Point 62
            Coordinates: 41.578537, 18.409925, 58.422283
            Normal Vector (on layer 0): -0.000001, 0.000001, 1.000000
        Control Point 63
            Coordinates: 41.578537, -8.650910, 58.422283
            Normal Vector (on layer 0): 0.000000, 0.000000, 1.000000
        Control Point 64
            Coordinates: 28.048119, -22.181326, 58.422283
            Normal Vector (on layer 0): 0.000000, 0.000000, 1.000000
        Control Point 65
            Coordinates: 95.700195, -8.650910, 58.422283
            Normal Vector (on layer 0): -0.000001, 0.000001, 1.000000
        Control Point 66
            Coordinates: -12.543130, 4.879509, 58.422283
            Normal Vector (on layer 0): -0.000000, 0.000000, 1.000000
        Control Point 67
            Coordinates: -12.543130, -8.650910, 58.422283
            Normal Vector (on layer 0): 0.000001, -0.000001, 1.000000
        Control Point 68
            Coordinates: 0.987287, -22.181326, 58.422283
            Normal Vector (on layer 0): 0.000000, 0.000000, 1.000000
        Control Point 69
            Coordinates: 14.517703, -22.181326, 58.422283
            Normal Vector (on layer 0): 0.000000, 0.000000, 1.000000
        Control Point 70
            Coordinates: 61.874161, -28.946533, 58.422295
            Normal Vector (on layer 0): -0.000001, 0.000001, 1.000000
        Control Point 71
            Coordinates: 55.108948, -28.946533, 58.422283
            Normal Vector (on layer 0): -0.000001, 0.000001, 1.000000
        Control Point 72
            Coordinates: 61.874161, -35.711742, 58.422283
            Normal Vector (on layer 0): -0.000000, 0.000000, 1.000000
        Control Point 73
            Coordinates: 61.874161, -22.181326, 58.422283
            Normal Vector (on layer 0): -0.000001, 0.000001, 1.000000
        Control Point 74
            Coordinates: 102.465408, -42.476948, 58.422283
            Normal Vector (on layer 0): -0.000000, 0.000000, 1.000000
        Control Point 75
            Coordinates: 102.465416, -35.711742, 58.422283
            Normal Vector (on layer 0): -0.000000, 0.000000, 1.000000
        Control Point 76
            Coordinates: 95.700195, -42.476952, 58.422283
            Normal Vector (on layer 0): -0.000000, 0.000000, 1.000000
        Control Point 77
            Coordinates: 21.282911, -8.650910, 58.422283
            Normal Vector (on layer 0): 0.000000, 0.000000, 1.000000
        Control Point 78
            Coordinates: 75.404579, -8.650910, 58.422283
            Normal Vector (on layer 0): -0.000001, 0.000001, 1.000000
        Control Point 79
            Coordinates: 48.343742, 11.644718, 58.422295
            Normal Vector (on layer 0): -0.000001, 0.000001, 1.000000
        Control Point 80
            Coordinates: 41.578537, 11.644718, 58.422283
            Normal Vector (on layer 0): -0.000001, 0.000001, 1.000000
        Control Point 81
            Coordinates: 48.343742, 4.879507, 58.422283
            Normal Vector (on layer 0): -0.000000, 0.000000, 1.000000
        Control Point 82
            Coordinates: 34.813324, -15.416118, 58.422283
            Normal Vector (on layer 0): 0.000000, 0.000000, 1.000000
        Control Point 83
            Coordinates: 34.813328, -8.650910, 58.422283
            Normal Vector (on layer 0): 0.000000, 0.000000, 1.000000
        Control Point 84
            Coordinates: 21.294121, -1.899520, 58.422283
            Normal Vector (on layer 0): -0.000000, 0.000000, 1.000000
        Control Point 85
            Coordinates: 28.048119, -15.416118, 58.422283
            Normal Vector (on layer 0): 0.000000, 0.000000, 1.000000
        Control Point 86
            Coordinates: 34.813324, -22.181326, 58.422283
            Normal Vector (on layer 0): 0.000000, 0.000000, 1.000000
        Control Point 87
            Coordinates: 88.934990, -15.416120, 58.422283
            Normal Vector (on layer 0): 0.000000, 0.000000, 1.000000
        Control Point 88
            Coordinates: 88.934990, -8.650910, 58.422283
            Normal Vector (on layer 0): 0.000000, 0.000000, 1.000000
        Control Point 89
            Coordinates: 82.169785, -15.416118, 58.422283
            Normal Vector (on layer 0): 0.000000, 0.000000, 1.000000
        Control Point 90
            Coordinates: 88.934998, -22.181326, 58.422283
            Normal Vector (on layer 0): -0.000000, 0.000000, 1.000000
        Control Point 91
            Coordinates: -5.777922, 11.644718, 58.422283
            Normal Vector (on layer 0): 0.000000, 0.000000, 1.000000
        Control Point 92
            Coordinates: -12.543130, 11.644718, 58.422283
            Normal Vector (on layer 0): 0.000000, 0.000000, 1.000000
        Control Point 93
            Coordinates: -5.777922, 4.879507, 58.422283
            Normal Vector (on layer 0): -0.000000, 0.000000, 1.000000
        Control Point 94
            Coordinates: -19.308338, -15.416118, 58.422283
            Normal Vector (on layer 0): 0.000000, 0.000000, 1.000000
        Control Point 95
            Coordinates: -19.308338, -8.650910, 58.422283
            Normal Vector (on layer 0): 0.000000, 0.000000, 1.000000
        Control Point 96
            Coordinates: -26.073547, -15.416118, 58.422283
            Normal Vector (on layer 0): 0.000000, 0.000000, 1.000000
        Control Point 97
            Coordinates: 7.752494, -28.946533, 58.422283
            Normal Vector (on layer 0): 0.000000, 0.000000, 1.000000
        Control Point 98
            Coordinates: 0.987287, -28.946533, 58.422283
            Normal Vector (on layer 0): 0.000000, 0.000000, 1.000000
        Control Point 99
            Coordinates: 7.752495, -22.181326, 58.422283
            Normal Vector (on layer 0): 0.000000, 0.000000, 1.000000
        Control Point 100
            Coordinates: 48.343739, -42.476952, 58.422283
            Normal Vector (on layer 0): -0.000000, 0.000000, 1.000000
        Control Point 101
            Coordinates: 48.343742, -35.711742, 58.422283
            Normal Vector (on layer 0): -0.000000, 0.000000, 1.000000
        Control Point 102
            Coordinates: 41.578537, -42.476948, 58.422283
            Normal Vector (on layer 0): -0.000000, 0.000000, 1.000000
        Control Point 103
            Coordinates: 75.404579, -35.711742, 58.422283
            Normal Vector (on layer 0): -0.000000, 0.000000, 1.000000
        Control Point 104
            Coordinates: 75.404579, -22.181326, 58.422283
            Normal Vector (on layer 0): 0.000000, 0.000000, 1.000000
        Control Point 105
            Coordinates: 75.404587, -15.416118, 58.422295
            Normal Vector (on layer 0): -0.000001, 0.000001, 1.000000
        Control Point 106
            Coordinates: 68.639374, -15.416118, 58.422283
            Normal Vector (on layer 0): -0.000001, 0.000001, 1.000000
        Control Point 107
            Coordinates: 61.874161, -15.416118, 58.422283
            Normal Vector (on layer 0): 0.000000, 0.000000, 1.000000
        Control Point 108
            Coordinates: 61.874161, -8.650910, 58.422283
            Normal Vector (on layer 0): 0.000000, 0.000000, 1.000000
        Control Point 109
            Coordinates: 55.108948, -15.416118, 58.422283
            Normal Vector (on layer 0): 0.000000, 0.000000, 1.000000
        Control Point 110
            Coordinates: 88.934982, -42.476948, 58.422283
            Normal Vector (on layer 0): -0.000000, 0.000000, 1.000000
        Control Point 111
            Coordinates: 88.934990, -35.711742, 58.422283
            Normal Vector (on layer 0): -0.000000, 0.000000, 1.000000
        Control Point 112
            Coordinates: 82.169785, -42.476948, 58.422283
            Normal Vector (on layer 0): -0.000000, 0.000000, 1.000000
        Control Point 113
            Coordinates: 21.282911, 11.644718, 58.422283
            Normal Vector (on layer 0): 0.000000, 0.000000, 1.000000
        Control Point 114
            Coordinates: 14.517703, 11.644714, 58.422283
            Normal Vector (on layer 0): 0.000000, 0.000000, 1.000000
        Control Point 115
            Coordinates: 7.752495, 11.644714, 58.422283
            Normal Vector (on layer 0): -0.000000, 0.000000, 1.000000
        Control Point 116
            Coordinates: 7.752495, 4.879507, 58.422283
            Normal Vector (on layer 0): -0.000000, 0.000000, 1.000000
        Control Point 117
            Coordinates: 7.752494, -1.885701, 58.422283
            Normal Vector (on layer 0): -0.000000, 0.000000, 1.000000
        Control Point 118
            Coordinates: 0.987287, -1.885701, 58.422283
            Normal Vector (on layer 0): -0.000000, 0.000000, 1.000000
        Control Point 119
            Coordinates: 7.752495, -8.650910, 58.422283
            Normal Vector (on layer 0): 0.000000, 0.000000, 1.000000
        Control Point 120
            Coordinates: 61.874157, 4.879507, 58.422283
            Normal Vector (on layer 0): -0.000000, 0.000000, 1.000000
        Control Point 121
            Coordinates: 61.874161, -1.885701, 58.422283
            Normal Vector (on layer 0): -0.000000, 0.000000, 1.000000
        Control Point 122
            Coordinates: 55.108948, -1.885701, 58.422283
            Normal Vector (on layer 0): -0.000000, 0.000000, 1.000000
        Control Point 123
            Coordinates: 34.813328, 11.644714, 58.422283
            Normal Vector (on layer 0): -0.000000, 0.000000, 1.000000
        Control Point 124
            Coordinates: 34.813328, 4.879507, 58.422283
            Normal Vector (on layer 0): 0.000000, 0.000000, 1.000000
        Control Point 125
            Coordinates: 34.813324, -1.885703, 58.422283
            Normal Vector (on layer 0): 0.000000, 0.000000, 1.000000
        Control Point 126
            Coordinates: 48.343742, -8.650910, 58.422283
            Normal Vector (on layer 0): 0.000000, 0.000000, 1.000000
        Control Point 127
            Coordinates: 34.813324, -28.946533, 58.422283
            Normal Vector (on layer 0): 0.000000, 0.000000, 1.000000
        Control Point 128
            Coordinates: 28.048119, -28.946533, 58.422283
            Normal Vector (on layer 0): 0.000000, 0.000000, 1.000000
        Control Point 129
            Coordinates: 34.813328, -35.711742, 58.422283
            Normal Vector (on layer 0): -0.000000, 0.000000, 1.000000
        Control Point 130
            Coordinates: 48.343742, -22.181326, 58.422283
            Normal Vector (on layer 0): 0.000000, 0.000000, 1.000000
        Control Point 131
            Coordinates: 48.343739, -15.416119, 58.422283
            Normal Vector (on layer 0): 0.000000, 0.000000, 1.000000
        Control Point 132
            Coordinates: 102.465416, -8.650910, 58.422283
            Normal Vector (on layer 0): -0.000001, 0.000001, 1.000000
        Control Point 133
            Coordinates: 88.935005, -28.946531, 58.422283
            Normal Vector (on layer 0): -0.000000, 0.000000, 1.000000
        Control Point 134
            Coordinates: 102.465416, -22.181326, 58.422283
            Normal Vector (on layer 0): 0.000000, 0.000000, 1.000000
        Control Point 135
            Coordinates: 102.465416, -15.416116, 58.422295
            Normal Vector (on layer 0): -0.000001, 0.000001, 1.000000
        Control Point 136
            Coordinates: -26.073547, 11.644718, 58.422283
            Normal Vector (on layer 0): -0.000000, 0.000000, 1.000000
        Control Point 137
            Coordinates: -19.308338, 4.879507, 58.422283
            Normal Vector (on layer 0): 0.000000, 0.000000, 1.000000
        Control Point 138
            Coordinates: -19.308338, -1.885703, 58.422283
            Normal Vector (on layer 0): 0.000000, 0.000000, 1.000000
        Control Point 139
            Coordinates: -26.073547, -1.885701, 58.422283
            Normal Vector (on layer 0): 0.000000, 0.000000, 1.000000
        Control Point 140
            Coordinates: -5.777922, -8.650910, 58.422283
            Normal Vector (on layer 0): 0.000001, -0.000001, 1.000000
        Control Point 141
            Coordinates: -5.777922, -22.181326, 58.422283
            Normal Vector (on layer 0): 0.000000, 0.000000, 1.000000
        Control Point 142
            Coordinates: -5.777922, -15.416119, 58.422268
            Normal Vector (on layer 0): 0.000001, -0.000001, 1.000000
        Control Point 143
            Coordinates: 21.282911, -22.181326, 58.422283
            Normal Vector (on layer 0): 0.000000, 0.000000, 1.000000
        Control Point 144
            Coordinates: 14.528911, -1.899520, 58.422283
            Normal Vector (on layer 0): -0.000000, 0.000000, 1.000000
        Control Point 145
            Coordinates: 21.282909, -15.416118, 58.422283
            Normal Vector (on layer 0): 0.000000, 0.000000, 1.000000
        Control Point 146
            Coordinates: 14.517703, -15.416118, 58.422283
            Normal Vector (on layer 0): 0.000000, 0.000000, 1.000000
        Control Point 147
            Coordinates: 7.752494, -15.416118, 58.422283
            Normal Vector (on layer 0): 0.000000, 0.000000, 1.000000
        Control Point 148
            Coordinates: 75.404579, -42.476952, 58.422283
            Normal Vector (on layer 0): -0.000000, 0.000000, 1.000000
        Control Point 149
            Coordinates: 68.639374, -42.476952, 58.422283
            Normal Vector (on layer 0): -0.000000, 0.000000, 1.000000
        Control Point 150
            Coordinates: 61.874161, -42.476952, 58.422283
            Normal Vector (on layer 0): -0.000000, 0.000000, 1.000000
        Control Point 151
            Coordinates: 34.813324, -42.476952, 58.422283
            Normal Vector (on layer 0): -0.000000, 0.000000, 1.000000

    Polygons
        Polygon 0
            Coordinates: 61.874161, -22.181326, 58.422283
            Texture UV (on layer 0): 0.052204, 0.300196
            Coordinates: 55.108948, -22.181326, 58.422283
            Texture UV (on layer 0): 0.210595, 0.141805
            Coordinates: 55.108948, -28.946533, 58.422283
            Texture UV (on layer 0): 0.210595, 0.141805
            Coordinates: 61.874161, -28.946533, 58.422295
            Texture UV (on layer 0): 0.052204, 0.141805
        Polygon 1
            Coordinates: 7.752495, -22.181326, 58.422283
            Texture UV (on layer 0): 0.210595, 0.141805
            Coordinates: 0.987287, -22.181326, 58.422283
            Texture UV (on layer 0): 0.210595, 0.300196
            Coordinates: 0.987287, -28.946533, 58.422283
            Texture UV (on layer 0): 0.052204, 0.141805
            Coordinates: 7.752494, -28.946533, 58.422283
            Texture UV (on layer 0): 0.052204, 0.300196
        Polygon 2
            Coordinates: 7.752495, 4.879507, 58.422283
            Texture UV (on layer 0): 0.210595, 0.300196
            Coordinates: 0.987287, 4.879507, 58.422283
            Texture UV (on layer 0): 0.210595, 0.141805
            Coordinates: 0.987287, -1.885701, 58.422283
            Texture UV (on layer 0): 0.052204, 0.141805
            Coordinates: 7.752494, -1.885701, 58.422283
            Texture UV (on layer 0): 0.052204, 0.300196
        Polygon 3
            Coordinates: 61.874157, 4.879507, 58.422283
            Texture UV (on layer 0): 0.210595, 0.300196
            Coordinates: 55.108948, 4.879507, 58.422283
            Texture UV (on layer 0): 0.509065, 0.296733
            Coordinates: 55.108948, -1.885701, 58.422283
            Texture UV (on layer 0): 0.052204, 0.141805
            Coordinates: 61.874161, -1.885701, 58.422283
            Texture UV (on layer 0): 0.052204, 0.300196
        Polygon 4
            Coordinates: 34.813328, 4.879507, 58.422283
            Texture UV (on layer 0): 0.210595, 0.300196
            Coordinates: 28.048119, 4.879507, 58.422283
            Texture UV (on layer 0): 0.052204, 0.300196
            Coordinates: 28.048119, -1.885701, 58.422283
            Texture UV (on layer 0): 0.210595, 0.300196
            Coordinates: 34.813324, -1.885703, 58.422283
            Texture UV (on layer 0): 0.052204, 0.300196
        Polygon 5
            Coordinates: 34.813324, -22.181326, 58.422283
            Texture UV (on layer 0): 0.052204, 0.141805
            Coordinates: 28.048119, -22.181326, 58.422283
            Texture UV (on layer 0): 0.210595, 0.300196
            Coordinates: 28.048119, -28.946533, 58.422283
            Texture UV (on layer 0): 0.210595, 0.141805
            Coordinates: 34.813324, -28.946533, 58.422283
            Texture UV (on layer 0): 0.210595, 0.141805
        Polygon 6
            Coordinates: 88.934998, -22.181326, 58.422283
            Texture UV (on layer 0): 0.350675, 0.138342
            Coordinates: 82.169785, -22.181326, 58.422283
            Texture UV (on layer 0): 0.052204, 0.141805
            Coordinates: 82.169785, -28.946533, 58.422283
            Texture UV (on layer 0): 0.350675, 0.296733
            Coordinates: 88.935005, -28.946531, 58.422283
            Texture UV (on layer 0): 0.350675, 0.296733
        Polygon 7
            Coordinates: -19.308338, 4.879507, 58.422283
            Texture UV (on layer 0): 0.052204, 0.300196
            Coordinates: -26.073547, 4.879507, 58.422283
            Texture UV (on layer 0): 0.052204, 0.300196
            Coordinates: -26.073547, -1.885701, 58.422283
            Texture UV (on layer 0): 0.210595, 0.141805
            Coordinates: -19.308338, -1.885703, 58.422283
            Texture UV (on layer 0): 0.052204, 0.141805
        Polygon 8
            Coordinates: 102.465416, -35.711742, 58.422283
            Texture UV (on layer 0): 0.210595, 0.141805
            Coordinates: 95.700195, -35.711742, 58.422283
            Texture UV (on layer 0): 0.210595, 0.300196
            Coordinates: 95.700195, -42.476952, 58.422283
            Texture UV (on layer 0): 0.509065, 0.296733
            Coordinates: 102.465408, -42.476948, 58.422283
            Texture UV (on layer 0): 0.052204, 0.141805
        Polygon 9
            Coordinates: 48.343742, 18.409925, 58.422283
            Texture UV (on layer 0): 0.052204, 0.300196
            Coordinates: 41.578537, 18.409925, 58.422283
            Texture UV (on layer 0): 0.350675, 0.138342
            Coordinates: 41.578537, 11.644718, 58.422283
            Texture UV (on layer 0): 0.210595, 0.300196
            Coordinates: 48.343742, 11.644718, 58.422295
            Texture UV (on layer 0): 0.509066, 0.138342
        Polygon 10
            Coordinates: 34.813328, -8.650910, 58.422283
            Texture UV (on layer 0): 0.210595, 0.141805
            Coordinates: 28.048119, -8.650910, 58.422283
            Texture UV (on layer 0): 0.052204, 0.141805
            Coordinates: 28.048119, -15.416118, 58.422283
            Texture UV (on layer 0): 0.210595, 0.300196
            Coordinates: 34.813324, -15.416118, 58.422283
            Texture UV (on layer 0): 0.052204, 0.141805
        Polygon 11
            Coordinates: 88.934990, -8.650910, 58.422283
            Texture UV (on layer 0): 0.509065, 0.296733
            Coordinates: 82.169785, -8.650910, 58.422283
            Texture UV (on layer 0): 0.210595, 0.300196
            Coordinates: 82.169785, -15.416118, 58.422283
            Texture UV (on layer 0): 0.350675, 0.296733
            Coordinates: 88.934990, -15.416120, 58.422283
            Texture UV (on layer 0): 0.210595, 0.141805
        Polygon 12
            Coordinates: -5.777922, 18.409925, 58.422283
            Texture UV (on layer 0): 0.210595, 0.300196
            Coordinates: -12.543130, 18.409925, 58.422283
            Texture UV (on layer 0): 0.210595, 0.300196
            Coordinates: -12.543130, 11.644718, 58.422283
            Texture UV (on layer 0): 0.509065, 0.296733
            Coordinates: -5.777922, 11.644718, 58.422283
            Texture UV (on layer 0): 0.509066, 0.138342
        Polygon 13
            Coordinates: -19.308338, -8.650910, 58.422283
            Texture UV (on layer 0): 0.509066, 0.138342
            Coordinates: -26.073547, -8.650910, 58.422283
            Texture UV (on layer 0): 0.052204, 0.300196
            Coordinates: -26.073547, -15.416118, 58.422283
            Texture UV (on layer 0): 0.210595, 0.300196
            Coordinates: -19.308338, -15.416118, 58.422283
            Texture UV (on layer 0): 0.350675, 0.138342
        Polygon 14
            Coordinates: 48.343742, -35.711742, 58.422283
            Texture UV (on layer 0): 0.052204, 0.300196
            Coordinates: 41.578537, -35.711742, 58.422283
            Texture UV (on layer 0): 0.052204, 0.141805
            Coordinates: 41.578537, -42.476948, 58.422283
            Texture UV (on layer 0): 0.052204, 0.141805
            Coordinates: 48.343739, -42.476952, 58.422283
            Texture UV (on layer 0): 0.210595, 0.300196
        Polygon 15
            Coordinates: 75.404579, -22.181326, 58.422283
            Texture UV (on layer 0): 0.210595, 0.300196
            Coordinates: 68.639374, -22.181326, 58.422283
            Texture UV (on layer 0): 0.052204, 0.300196
            Coordinates: 68.639374, -28.946533, 58.422283
            Texture UV (on layer 0): 0.052204, 0.141805
            Coordinates: 75.404579, -28.946533, 58.422283
            Texture UV (on layer 0): 0.509065, 0.296733
        Polygon 16
            Coordinates: 75.404579, -8.650910, 58.422283
            Texture UV (on layer 0): 0.350675, 0.138342
            Coordinates: 68.639374, -8.650910, 58.422283
            Texture UV (on layer 0): 0.210595, 0.141805
            Coordinates: 68.639374, -15.416118, 58.422283
            Texture UV (on layer 0): 0.052204, 0.141805
            Coordinates: 75.404587, -15.416118, 58.422295
            Texture UV (on layer 0): 0.052204, 0.300196
        Polygon 17
            Coordinates: 61.874161, -8.650910, 58.422283
            Texture UV (on layer 0): 0.210597, 0.300196
            Coordinates: 55.108948, -8.650910, 58.422283
            Texture UV (on layer 0): 0.210595, 0.141805
            Coordinates: 55.108948, -15.416118, 58.422283
            Texture UV (on layer 0): 0.052206, 0.300196
            Coordinates: 61.874161, -15.416118, 58.422283
            Texture UV (on layer 0): 0.210595, 0.141805
        Polygon 18
            Coordinates: 88.934990, -35.711742, 58.422283
            Texture UV (on layer 0): 0.210595, 0.141805
            Coordinates: 82.169785, -35.711742, 58.422283
            Texture UV (on layer 0): 0.210595, 0.300196
            Coordinates: 82.169785, -42.476948, 58.422283
            Texture UV (on layer 0): 0.509065, 0.296733
            Coordinates: 88.934982, -42.476948, 58.422283
            Texture UV (on layer 0): 0.052208, 0.141805
        Polygon 19
            Coordinates: 21.282911, 18.409925, 58.422283
            Texture UV (on layer 0): 0.509066, 0.138342
            Coordinates: 14.517703, 18.409925, 58.422283
            Texture UV (on layer 0): 0.052204, 0.141805
            Coordinates: 14.517703, 11.644714, 58.422283
            Texture UV (on layer 0): 0.350675, 0.138342
            Coordinates: 21.282911, 11.644718, 58.422283
            Texture UV (on layer 0): 0.350675, 0.296733
        Polygon 20
            Coordinates: 7.752495, 18.409925, 58.422283
            Texture UV (on layer 0): 0.210595, 0.300196
            Coordinates: 0.987287, 18.409925, 58.422283
            Texture UV (on layer 0): 0.210595, 0.300196
            Coordinates: 0.987287, 11.644718, 58.422283
            Texture UV (on layer 0): 0.210595, 0.300196
            Coordinates: 7.752495, 11.644714, 58.422283
            Texture UV (on layer 0): 0.509066, 0.138342
        Polygon 21
            Coordinates: 34.813328, 18.409925, 58.422283
            Texture UV (on layer 0): 0.052204, 0.300196
            Coordinates: 28.048119, 18.409925, 58.422283
            Texture UV (on layer 0): 0.052204, 0.141805
            Coordinates: 28.048119, 11.644718, 58.422283
            Texture UV (on layer 0): 0.350675, 0.138342
            Coordinates: 34.813328, 11.644714, 58.422283
            Texture UV (on layer 0): 0.210595, 0.141805
        Polygon 22
            Coordinates: 48.343742, 4.879507, 58.422283
            Texture UV (on layer 0): 0.052204, 0.300196
            Coordinates: 41.578537, 4.879509, 58.422283
            Texture UV (on layer 0): 0.350675, 0.296733
            Coordinates: 41.578537, -1.885700, 58.422283
            Texture UV (on layer 0): 0.052204, 0.141805
            Coordinates: 48.343742, -1.885701, 58.422283
            Texture UV (on layer 0): 0.210595, 0.141805
        Polygon 23
            Coordinates: 48.343742, -22.181326, 58.422283
            Texture UV (on layer 0): 0.052204, 0.300196
            Coordinates: 41.578533, -22.181326, 58.422283
            Texture UV (on layer 0): 0.052204, 0.300196
            Coordinates: 41.578537, -28.946533, 58.422283
            Texture UV (on layer 0): 0.210595, 0.300196
            Coordinates: 48.343742, -28.946533, 58.422283
            Texture UV (on layer 0): 0.052204, 0.300196
        Polygon 24
            Coordinates: 48.343742, -8.650910, 58.422283
            Texture UV (on layer 0): 0.052204, 0.141805
            Coordinates: 41.578537, -8.650910, 58.422283
            Texture UV (on layer 0): 0.509066, 0.138342
            Coordinates: 41.578537, -15.416118, 58.422283
            Texture UV (on layer 0): 0.052204, 0.141805
            Coordinates: 48.343739, -15.416119, 58.422283
            Texture UV (on layer 0): 0.052204, 0.141805
        Polygon 25
            Coordinates: 102.465416, -22.181326, 58.422283
            Texture UV (on layer 0): 0.350675, 0.138342
            Coordinates: 95.700211, -22.181326, 58.422283
            Texture UV (on layer 0): 0.210595, 0.141805
            Coordinates: 95.700203, -28.946533, 58.422283
            Texture UV (on layer 0): 0.052204, 0.141805
            Coordinates: 102.465416, -28.946535, 58.422283
            Texture UV (on layer 0): 0.210595, 0.141805
        Polygon 26
            Coordinates: 102.465416, -8.650910, 58.422283
            Texture UV (on layer 0): 0.509065, 0.296733
            Coordinates: 95.700195, -8.650910, 58.422283
            Texture UV (on layer 0): 0.052204, 0.300196
            Coordinates: 95.700203, -15.416118, 58.422283
            Texture UV (on layer 0): 0.210595, 0.141805
            Coordinates: 102.465416, -15.416116, 58.422295
            Texture UV (on layer 0): 0.509066, 0.138342
        Polygon 27
            Coordinates: -19.308338, 18.409925, 58.422283
            Texture UV (on layer 0): 0.052204, 0.300196
            Coordinates: -26.073547, 18.409925, 58.422283
            Texture UV (on layer 0): 0.052204, 0.141805
            Coordinates: -26.073547, 11.644718, 58.422283
            Texture UV (on layer 0): 0.210595, 0.300196
            Coordinates: -19.308338, 11.644714, 58.422283
            Texture UV (on layer 0): 0.210595, 0.141805
        Polygon 28
            Coordinates: -5.777922, 4.879507, 58.422283
            Texture UV (on layer 0): 0.350675, 0.296733
            Coordinates: -12.543130, 4.879509, 58.422283
            Texture UV (on layer 0): 0.052204, 0.141805
            Coordinates: -12.543130, -1.885700, 58.422283
            Texture UV (on layer 0): 0.052204, 0.141805
            Coordinates: -5.777922, -1.885700, 58.422283
            Texture UV (on layer 0): 0.210595, 0.141805
        Polygon 29
            Coordinates: -5.777922, -22.181326, 58.422283
            Texture UV (on layer 0): 0.350675, 0.296733
            Coordinates: -12.543131, -22.181326, 58.422283
            Texture UV (on layer 0): 0.052204, 0.300196
            Coordinates: -12.543130, -28.946533, 58.422283
            Texture UV (on layer 0): 0.210595, 0.300196
            Coordinates: -5.777922, -28.946533, 58.422283
            Texture UV (on layer 0): 0.052204, 0.300196
        Polygon 30
            Coordinates: -5.777922, -8.650910, 58.422283
            Texture UV (on layer 0): 0.509065, 0.296733
            Coordinates: -12.543130, -8.650910, 58.422283
            Texture UV (on layer 0): 0.210595, 0.141805
            Coordinates: -12.543130, -15.416118, 58.422283
            Texture UV (on layer 0): 0.052204, 0.300196
            Coordinates: -5.777922, -15.416119, 58.422268
            Texture UV (on layer 0): 0.350675, 0.138342
        Polygon 31
            Coordinates: 21.282911, -22.181326, 58.422283
            Texture UV (on layer 0): 0.509066, 0.138342
            Coordinates: 14.517703, -22.181326, 58.422283
            Texture UV (on layer 0): 0.052204, 0.300196
            Coordinates: 14.517703, -28.946533, 58.422283
            Texture UV (on layer 0): 0.052204, 0.141805
            Coordinates: 21.282909, -28.946533, 58.422283
            Texture UV (on layer 0): 0.210595, 0.141805
        Polygon 32
            Coordinates: 21.294121, -1.899520, 58.422283
            Texture UV (on layer 0): 0.052204, 0.300196
            Coordinates: 21.294121, 4.865687, 58.422283
            Texture UV (on layer 0): 0.052204, 0.300196
            Coordinates: 14.528913, 4.865687, 58.422283
            Texture UV (on layer 0): 0.210595, 0.141805
            Coordinates: 14.528911, -1.899520, 58.422283
            Texture UV (on layer 0): 0.210595, 0.300196
        Polygon 33
            Coordinates: 21.282911, -8.650910, 58.422283
            Texture UV (on layer 0): 0.350675, 0.296733
            Coordinates: 14.517703, -8.650910, 58.422283
            Texture UV (on layer 0): 0.210595, 0.300196
            Coordinates: 14.517703, -15.416118, 58.422283
            Texture UV (on layer 0): 0.052204, 0.141805
            Coordinates: 21.282909, -15.416118, 58.422283
            Texture UV (on layer 0): 0.052204, 0.300196
        Polygon 34
            Coordinates: 7.752495, -8.650910, 58.422283
            Texture UV (on layer 0): 0.210595, 0.141805
            Coordinates: 0.987287, -8.650910, 58.422283
            Texture UV (on layer 0): 0.210595, 0.141805
            Coordinates: 0.987287, -15.416118, 58.422283
            Texture UV (on layer 0): 0.052204, 0.141805
            Coordinates: 7.752494, -15.416118, 58.422283
            Texture UV (on layer 0): 0.210595, 0.141805
        Polygon 35
            Coordinates: 75.404579, -35.711742, 58.422283
            Texture UV (on layer 0): 0.210595, 0.141805
            Coordinates: 68.639374, -35.711742, 58.422283
            Texture UV (on layer 0): 0.052204, 0.141805
            Coordinates: 68.639374, -42.476952, 58.422283
            Texture UV (on layer 0): 0.052204, 0.300196
            Coordinates: 75.404579, -42.476952, 58.422283
            Texture UV (on layer 0): 0.210595, 0.300196
        Polygon 36
            Coordinates: 61.874161, -35.711742, 58.422283
            Texture UV (on layer 0): 0.210595, 0.300196
            Coordinates: 55.108948, -35.711742, 58.422283
            Texture UV (on layer 0): 0.210595, 0.300196
            Coordinates: 55.108948, -42.476948, 58.422283
            Texture UV (on layer 0): 0.210595, 0.141805
            Coordinates: 61.874161, -42.476952, 58.422283
            Texture UV (on layer 0): 0.052204, 0.141805
        Polygon 37
            Coordinates: 34.813328, -35.711742, 58.422283
            Texture UV (on layer 0): 0.210595, 0.300196
            Coordinates: 28.048119, -35.711742, 58.422283
            Texture UV (on layer 0): 0.052204, 0.300196
            Coordinates: 28.048119, -42.476948, 58.422283
            Texture UV (on layer 0): 0.210595, 0.300196
            Coordinates: 34.813324, -42.476952, 58.422283
            Texture UV (on layer 0): 0.210595, 0.141805

    Material layer 0: 
           Mapping: All Same
           Indices: 0

    Materials on layer 0: 
        Material 0
            Name: "smal"
            Ambient: 0.000000 (red), 0.000000 (green), 0.000000 (blue)
            Diffuse: 1.000000 (red), 1.000000 (green), 1.000000 (blue)
            Diffuse: 1.000000 (red), 1.000000 (green), 1.000000 (blue)
            Opacity: 0.000000
            Shading Model: Lambert

    Texture layer 0: 
           Mapping: By Polygon
           Indices: 0, 0, 0, 0, 0, 0, 0, 0, 0, 0, 0, 0, 0, 0, 0, 0, 0, 0, 0, 0, 0, 0, 0, 0, 0, 0, 0, 0, 0, 0, 0, 0, 0, 0, 0, 0, 0, 0
        Blend Mode: Translucent
             Alpha: 1.000000

    Texture layer 0: 
           Mapping: By Polygon
           Indices: 0, 0, 0, 0, 0, 0, 0, 0, 0, 0, 0, 0, 0, 0, 0, 0, 0, 0, 0, 0, 0, 0, 0, 0, 0, 0, 0, 0, 0, 0, 0, 0, 0, 0, 0, 0, 0, 0
        Blend Mode: Translucent
             Alpha: 1.000000


    Textures on layer 0: 
        Texture 0
            Name: "file4"
            File Name: "C:/psp/ReJ/Data/DemoTest/back_02/text.tga"
            Scale U: 1.000000
            Scale V: 1.000000
            Translation U: 0.000000
            Translation V: 0.000000
            Swap UV: false
            Rotation U: 0.000000
            Rotation V: 0.000000
            Rotation W: 0.000000
            Alpha Source: None
            Cropping Left: 0.000000
            Cropping Top: 0.000000
            Cropping Right: 0.000000
            Cropping Bottom: 0.000000
            Mapping Type: UV
            Material Use: Model Material
            Texture Use: Standard

    Textures on layer 0: 
        Texture 0
            Name: "file4"
            File Name: "C:/psp/ReJ/Data/DemoTest/back_02/text.tga"
            Scale U: 1.000000
            Scale V: 1.000000
            Translation U: 0.000000
            Translation V: 0.000000
            Swap UV: false
            Rotation U: 0.000000
            Rotation V: 0.000000
            Rotation W: 0.000000
            Alpha Source: None
            Cropping Left: 0.000000
            Cropping Top: 0.000000
            Cropping Right: 0.000000
            Cropping Bottom: 0.000000
            Mapping Type: UV
            Material Use: Model Material
            Texture Use: Standard

    Property Count: 68
    Pivot Information
        Pivot State: Active
        Pre-Rotation: 0.000000 0.000000 0.000000
        Post-Rotation: 0.000000 -0.000000 0.000000
        Rotation Pivot: 82.169786 -89.833404 58.422284
        Rotation Offset: 0.000000 0.000000 0.000000
        Scaling Pivot: 82.169786 -89.833404 58.422284
        Scaling Offset: 0.000000 0.000000 0.000000
    Limits Information
        Translation limits: Inactive
            X
                Min Limit: Inactive
                Min Limit Value: 0.000000
                Max Limit: Inactive
                Max Limit Value: 0.000000
            Y
                Min Limit: Inactive
                Min Limit Value: 0.000000
                Max Limit: Inactive
                Max Limit Value: 0.000000
            Z
                Min Limit: Inactive
                Min Limit Value: 0.000000
                Max Limit: Inactive
                Max Limit Value: 0.000000
        Rotation limits: Active
            X
                Min Limit: Inactive
                Min Limit Value: 0.000000
                Max Limit: Inactive
                Max Limit Value: 0.000000
            Y
                Min Limit: Inactive
                Min Limit Value: 0.000000
                Max Limit: Inactive
                Max Limit Value: 0.000000
            Z
                Min Limit: Inactive
                Min Limit Value: 0.000000
                Max Limit: Inactive
                Max Limit Value: 0.000000
        Scaling limits: Inactive
            X
                Min Limit: Inactive
                Min Limit Value: 0.000000
                Max Limit: Inactive
                Max Limit Value: 0.000000
            Y
                Min Limit: Inactive
                Min Limit Value: 0.000000
                Max Limit: Inactive
                Max Limit Value: 0.000000
            Z
                Min Limit: Inactive
                Min Limit Value: 0.000000
                Max Limit: Inactive
                Max Limit Value: 0.000000
    Transformation Propagation
        Rotation Space: Euler XYZ
        Use the Rotation Space for Limit specification only: No
        Transformation Inheritance: RSrs
    Geometric Transformations
        Translation: 0.000000 0.000000 0.000000
        Rotation:    0.000000 0.000000 0.000000
        Scaling:     1.000000 1.000000 1.000000
    Default Animation
        TX
            Default Value: -27.592951
        TY
            Default Value: 9.657511
        TZ
            Default Value: 0.000000
        RX
            Default Value: 0.000000
        RY
            Default Value: 0.000000
        RZ
            Default Value: 0.000000
        SX
            Default Value: 1.000000
        SY
            Default Value: 1.000000
        SZ
            Default Value: 1.000000
        Property Visibility (Label: Visibility)
            Default Value: 1.000000

Mesh Name: pPlane1
    Control Points
        Control Point 0
            Coordinates: 63.473663, -36.144405, 74.830559
            Normal Vector (on layer 0): -0.000000, 0.000000, 1.000000
        Control Point 1
            Coordinates: -20.790291, -8.056421, 74.830559
            Normal Vector (on layer 0): -0.000000, 0.000000, 1.000000
        Control Point 2
            Coordinates: 77.517654, -36.144405, 74.830559
            Normal Vector (on layer 0): -0.000000, 0.000000, 1.000000
        Control Point 3
            Coordinates: 21.341686, -8.056421, 74.830559
            Normal Vector (on layer 0): -0.000000, 0.000000, 1.000000
        Control Point 4
            Coordinates: 49.429668, -22.100414, 74.830559
            Normal Vector (on layer 0): -0.000000, 0.000000, 1.000000
        Control Point 5
            Coordinates: 49.429668, -36.144405, 74.830559
            Normal Vector (on layer 0): -0.000000, 0.000000, 1.000000
        Control Point 6
            Coordinates: 105.605637, -22.100414, 74.830559
            Normal Vector (on layer 0): -0.000000, 0.000000, 1.000000
        Control Point 7
            Coordinates: -20.790291, 5.987571, 74.830559
            Normal Vector (on layer 0): 0.000000, 0.000000, 1.000000
        Control Point 8
            Coordinates: -6.746299, -22.100414, 74.830559
            Normal Vector (on layer 0): -0.000000, 0.000000, 1.000000
        Control Point 9
            Coordinates: -20.790291, -22.100414, 74.830559
            Normal Vector (on layer 0): -0.000000, 0.000000, 1.000000
        Control Point 10
            Coordinates: 77.517654, -29.122410, 74.830559
            Normal Vector (on layer 0): -0.000000, 0.000000, 1.000000
        Control Point 11
            Coordinates: 119.649628, -43.166401, 74.830559
            Normal Vector (on layer 0): -0.000000, 0.000000, 1.000000
        Control Point 12
            Coordinates: 28.363682, -1.034425, 74.830559
            Normal Vector (on layer 0): 0.000000, 0.000000, 1.000000
        Control Point 13
            Coordinates: 49.429668, -15.078417, 74.830559
            Normal Vector (on layer 0): -0.000000, 0.000000, 1.000000
        Control Point 14
            Coordinates: 154.759613, -22.100414, 74.830559
            Normal Vector (on layer 0): -0.000001, 0.000000, 1.000000
        Control Point 15
            Coordinates: 133.693619, -29.122410, 74.830559
            Normal Vector (on layer 0): -0.000000, 0.000000, 1.000000
        Control Point 16
            Coordinates: -6.746299, -15.078417, 74.830559
            Normal Vector (on layer 0): -0.000000, 0.000000, 1.000000
        Control Point 17
            Coordinates: 21.341686, -29.122410, 74.830559
            Normal Vector (on layer 0): -0.000000, 0.000000, 1.000000
        Control Point 18
            Coordinates: 63.473663, -43.166401, 74.830559
            Normal Vector (on layer 0): -0.000000, 0.000000, 1.000000
        Control Point 19
            Coordinates: 84.539650, -29.122410, 74.830559
            Normal Vector (on layer 0): -0.000000, 0.000000, 1.000000
        Control Point 20
            Coordinates: 91.561646, -29.122410, 74.830559
            Normal Vector (on layer 0): -0.000000, 0.000000, 1.000000
        Control Point 21
            Coordinates: 49.429668, -29.122410, 74.830559
            Normal Vector (on layer 0): -0.000000, 0.000000, 1.000000
        Control Point 22
            Coordinates: 56.451664, -29.122410, 74.830559
            Normal Vector (on layer 0): -0.000000, 0.000000, 1.000000
        Control Point 23
            Coordinates: 154.759613, -29.122412, 74.830559
            Normal Vector (on layer 0): -0.000001, 0.000000, 1.000000
        Control Point 24
            Coordinates: 105.605637, -29.122410, 74.830559
            Normal Vector (on layer 0): -0.000000, 0.000000, 1.000000
        Control Point 25
            Coordinates: 112.627632, -29.122410, 74.830559
            Normal Vector (on layer 0): -0.000000, 0.000000, 1.000000
        Control Point 26
            Coordinates: 140.715622, -29.122410, 74.830559
            Normal Vector (on layer 0): -0.000000, 0.000000, 1.000000
        Control Point 27
            Coordinates: -6.746299, -1.034425, 74.830559
            Normal Vector (on layer 0): 0.000000, 0.000000, 1.000000
        Control Point 28
            Coordinates: 0.275697, -1.034425, 74.830559
            Normal Vector (on layer 0): 0.000000, 0.000000, 1.000000
        Control Point 29
            Coordinates: -6.746299, -29.122410, 74.830559
            Normal Vector (on layer 0): -0.000000, 0.000000, 1.000000
        Control Point 30
            Coordinates: 0.275697, -29.122410, 74.830559
            Normal Vector (on layer 0): -0.000000, 0.000000, 1.000000
        Control Point 31
            Coordinates: 7.297693, -15.078417, 74.830559
            Normal Vector (on layer 0): -0.000000, 0.000000, 1.000000
        Control Point 32
            Coordinates: 28.363682, -29.122410, 74.830559
            Normal Vector (on layer 0): -0.000000, 0.000000, 1.000000
        Control Point 33
            Coordinates: 91.561646, -36.144405, 74.830559
            Normal Vector (on layer 0): -0.000000, 0.000000, 1.000000
        Control Point 34
            Coordinates: 63.473663, -8.056421, 74.830559
            Normal Vector (on layer 0): -0.000000, 0.000000, 1.000000
        Control Point 35
            Coordinates: 35.385677, -8.056421, 74.830559
            Normal Vector (on layer 0): -0.000000, 0.000000, 1.000000
        Control Point 36
            Coordinates: 119.649628, -36.144405, 74.830559
            Normal Vector (on layer 0): -0.000000, 0.000000, 1.000000
        Control Point 37
            Coordinates: 7.297693, -8.056421, 74.830559
            Normal Vector (on layer 0): -0.000000, 0.000000, 1.000000
        Control Point 38
            Coordinates: 77.517654, -22.100414, 74.830559
            Normal Vector (on layer 0): -0.000000, 0.000000, 1.000000
        Control Point 39
            Coordinates: 91.561646, -22.100414, 74.830559
            Normal Vector (on layer 0): -0.000000, 0.000000, 1.000000
        Control Point 40
            Coordinates: 63.473663, -22.100414, 74.830559
            Normal Vector (on layer 0): -0.000000, 0.000000, 1.000000
        Control Point 41
            Coordinates: 105.605637, -36.144405, 74.830559
            Normal Vector (on layer 0): -0.000000, 0.000000, 1.000000
        Control Point 42
            Coordinates: 21.341686, 5.987571, 74.830559
            Normal Vector (on layer 0): 0.000000, 0.000000, 1.000000
        Control Point 43
            Coordinates: 7.297693, 5.987571, 74.830559
            Normal Vector (on layer 0): 0.000000, 0.000000, 1.000000
        Control Point 44
            Coordinates: 49.429668, -8.056421, 74.830559
            Normal Vector (on layer 0): -0.000000, 0.000000, 1.000000
        Control Point 45
            Coordinates: 35.385677, -22.100414, 74.830559
            Normal Vector (on layer 0): -0.000000, 0.000000, 1.000000
        Control Point 46
            Coordinates: 147.737610, -22.100414, 74.830559
            Normal Vector (on layer 0): -0.000001, 0.000000, 1.000000
        Control Point 47
            Coordinates: 119.649628, -22.100414, 74.830559
            Normal Vector (on layer 0): -0.000000, 0.000000, 1.000000
        Control Point 48
            Coordinates: 133.693619, -22.100414, 74.830559
            Normal Vector (on layer 0): -0.000000, 0.000000, 1.000000
        Control Point 49
            Coordinates: 133.693619, -36.144405, 74.830559
            Normal Vector (on layer 0): -0.000000, 0.000000, 1.000000
        Control Point 50
            Coordinates: -6.746299, 5.987571, 74.830559
            Normal Vector (on layer 0): 0.000000, 0.000000, 1.000000
        Control Point 51
            Coordinates: -6.746299, -8.056421, 74.830559
            Normal Vector (on layer 0): -0.000000, 0.000000, 1.000000
        Control Point 52
            Coordinates: 7.297693, -22.100414, 74.830559
            Normal Vector (on layer 0): -0.000000, 0.000000, 1.000000
        Control Point 53
            Coordinates: 21.341686, -22.100414, 74.830559
            Normal Vector (on layer 0): -0.000000, 0.000000, 1.000000
        Control Point 54
            Coordinates: 70.495659, -29.122410, 74.830559
            Normal Vector (on layer 0): -0.000000, 0.000000, 1.000000
        Control Point 55
            Coordinates: 63.473663, -29.122410, 74.830559
            Normal Vector (on layer 0): -0.000000, 0.000000, 1.000000
        Control Point 56
            Coordinates: 70.495659, -36.144405, 74.830559
            Normal Vector (on layer 0): -0.000000, 0.000000, 1.000000
        Control Point 57
            Coordinates: 70.495659, -22.100414, 74.830559
            Normal Vector (on layer 0): -0.000000, 0.000000, 1.000000
        Control Point 58
            Coordinates: 112.627632, -43.166401, 74.830559
            Normal Vector (on layer 0): -0.000000, 0.000000, 1.000000
        Control Point 59
            Coordinates: 112.627632, -36.144405, 74.830559
            Normal Vector (on layer 0): -0.000000, 0.000000, 1.000000
        Control Point 60
            Coordinates: 105.605637, -43.166401, 74.830559
            Normal Vector (on layer 0): -0.000000, 0.000000, 1.000000
        Control Point 61
            Coordinates: 28.363682, -8.056421, 74.830559
            Normal Vector (on layer 0): -0.000000, 0.000000, 1.000000
        Control Point 62
            Coordinates: 28.363682, 5.987571, 74.830559
            Normal Vector (on layer 0): 0.000000, 0.000000, 1.000000
        Control Point 63
            Coordinates: 21.341686, -1.034425, 74.830559
            Normal Vector (on layer 0): 0.000000, 0.000000, 1.000000
        Control Point 64
            Coordinates: 42.407673, -15.078417, 74.830559
            Normal Vector (on layer 0): -0.000000, 0.000000, 1.000000
        Control Point 65
            Coordinates: 42.407673, -8.056421, 74.830559
            Normal Vector (on layer 0): -0.000000, 0.000000, 1.000000
        Control Point 66
            Coordinates: 35.385677, -15.078417, 74.830559
            Normal Vector (on layer 0): -0.000000, 0.000000, 1.000000
        Control Point 67
            Coordinates: 42.407673, -22.100414, 74.830559
            Normal Vector (on layer 0): -0.000000, 0.000000, 1.000000
        Control Point 68
            Coordinates: 98.583641, -22.100414, 74.830559
            Normal Vector (on layer 0): -0.000000, 0.000000, 1.000000
        Control Point 69
            Coordinates: 126.671623, -29.122410, 74.830559
            Normal Vector (on layer 0): -0.000000, 0.000000, 1.000000
        Control Point 70
            Coordinates: 119.649628, -29.122410, 74.830559
            Normal Vector (on layer 0): -0.000000, 0.000000, 1.000000
        Control Point 71
            Coordinates: 126.671623, -36.144405, 74.830559
            Normal Vector (on layer 0): -0.000000, 0.000000, 1.000000
        Control Point 72
            Coordinates: 126.671623, -22.100414, 74.830559
            Normal Vector (on layer 0): -0.000000, 0.000000, 1.000000
        Control Point 73
            Coordinates: 0.275697, 5.987571, 74.830559
            Normal Vector (on layer 0): 0.000000, 0.000000, 1.000000
        Control Point 74
            Coordinates: -13.768295, -15.078417, 74.830559
            Normal Vector (on layer 0): -0.000000, 0.000000, 1.000000
        Control Point 75
            Coordinates: -13.768295, -8.056421, 74.830559
            Normal Vector (on layer 0): -0.000000, 0.000000, 1.000000
        Control Point 76
            Coordinates: -20.790291, -15.078417, 74.830559
            Normal Vector (on layer 0): -0.000000, 0.000000, 1.000000
        Control Point 77
            Coordinates: -13.768295, -22.100414, 74.830559
            Normal Vector (on layer 0): -0.000000, 0.000000, 1.000000
        Control Point 78
            Coordinates: 14.319689, -29.122410, 74.830559
            Normal Vector (on layer 0): -0.000000, 0.000000, 1.000000
        Control Point 79
            Coordinates: 7.297693, -29.122410, 74.830559
            Normal Vector (on layer 0): -0.000000, 0.000000, 1.000000
        Control Point 80
            Coordinates: 14.319689, -22.100414, 74.830559
            Normal Vector (on layer 0): -0.000000, 0.000000, 1.000000
        Control Point 81
            Coordinates: 56.451664, -43.166401, 74.830559
            Normal Vector (on layer 0): -0.000000, 0.000000, 1.000000
        Control Point 82
            Coordinates: 56.451664, -36.144405, 74.830559
            Normal Vector (on layer 0): -0.000000, 0.000000, 1.000000
        Control Point 83
            Coordinates: 49.429668, -43.166401, 74.830559
            Normal Vector (on layer 0): -0.000000, 0.000000, 1.000000
        Control Point 84
            Coordinates: 84.539650, -36.144405, 74.830559
            Normal Vector (on layer 0): -0.000000, 0.000000, 1.000000
        Control Point 85
            Coordinates: 84.539650, -22.100414, 74.830559
            Normal Vector (on layer 0): -0.000000, 0.000000, 1.000000
        Control Point 86
            Coordinates: 70.495659, -15.078417, 74.830559
            Normal Vector (on layer 0): -0.000000, 0.000000, 1.000000
        Control Point 87
            Coordinates: 70.495659, -8.056421, 74.830559
            Normal Vector (on layer 0): -0.000000, 0.000000, 1.000000
        Control Point 88
            Coordinates: 63.473663, -15.078417, 74.830559
            Normal Vector (on layer 0): -0.000000, 0.000000, 1.000000
        Control Point 89
            Coordinates: 98.583641, -43.166401, 74.830559
            Normal Vector (on layer 0): -0.000000, 0.000000, 1.000000
        Control Point 90
            Coordinates: 98.583641, -36.144405, 74.830559
            Normal Vector (on layer 0): -0.000000, 0.000000, 1.000000
        Control Point 91
            Coordinates: 91.561646, -43.166401, 74.830559
            Normal Vector (on layer 0): -0.000000, 0.000000, 1.000000
        Control Point 92
            Coordinates: 14.319689, 5.987571, 74.830559
            Normal Vector (on layer 0): 0.000000, 0.000000, 1.000000
        Control Point 93
            Coordinates: 14.319689, -1.034425, 74.830559
            Normal Vector (on layer 0): 0.000000, 0.000000, 1.000000
        Control Point 94
            Coordinates: 7.297693, -1.034425, 74.830559
            Normal Vector (on layer 0): 0.000000, 0.000000, 1.000000
        Control Point 95
            Coordinates: 14.319689, -8.056421, 74.830559
            Normal Vector (on layer 0): -0.000000, 0.000000, 1.000000
        Control Point 96
            Coordinates: 56.451664, -8.056421, 74.830559
            Normal Vector (on layer 0): -0.000000, 0.000000, 1.000000
        Control Point 97
            Coordinates: 42.407673, -29.122410, 74.830559
            Normal Vector (on layer 0): -0.000000, 0.000000, 1.000000
        Control Point 98
            Coordinates: 35.385677, -29.122410, 74.830559
            Normal Vector (on layer 0): -0.000000, 0.000000, 1.000000
        Control Point 99
            Coordinates: 56.451664, -22.100414, 74.830559
            Normal Vector (on layer 0): -0.000000, 0.000000, 1.000000
        Control Point 100
            Coordinates: 56.451664, -15.078417, 74.830559
            Normal Vector (on layer 0): -0.000000, 0.000000, 1.000000
        Control Point 101
            Coordinates: 147.737610, -29.122410, 74.830559
            Normal Vector (on layer 0): -0.000001, 0.000000, 1.000000
        Control Point 102
            Coordinates: 98.583641, -29.122410, 74.830559
            Normal Vector (on layer 0): -0.000000, 0.000000, 1.000000
        Control Point 103
            Coordinates: 112.627632, -22.100414, 74.830559
            Normal Vector (on layer 0): -0.000000, 0.000000, 1.000000
        Control Point 104
            Coordinates: 140.715622, -36.144405, 74.830559
            Normal Vector (on layer 0): -0.000000, 0.000000, 1.000000
        Control Point 105
            Coordinates: 140.715622, -22.100414, 74.830559
            Normal Vector (on layer 0): -0.000000, 0.000000, 1.000000
        Control Point 106
            Coordinates: 140.715622, -43.166401, 74.830559
            Normal Vector (on layer 0): -0.000000, 0.000000, 1.000000
        Control Point 107
            Coordinates: 133.693619, -43.166401, 74.830559
            Normal Vector (on layer 0): -0.000000, 0.000000, 1.000000
        Control Point 108
            Coordinates: 126.671623, -43.166401, 74.830559
            Normal Vector (on layer 0): -0.000000, 0.000000, 1.000000
        Control Point 109
            Coordinates: -13.768295, 5.987571, 74.830559
            Normal Vector (on layer 0): 0.000000, 0.000000, 1.000000
        Control Point 110
            Coordinates: -13.768295, -1.034425, 74.830559
            Normal Vector (on layer 0): 0.000000, 0.000000, 1.000000
        Control Point 111
            Coordinates: -20.790291, -1.034425, 74.830559
            Normal Vector (on layer 0): 0.000000, 0.000000, 1.000000
        Control Point 112
            Coordinates: 0.275697, -8.056421, 74.830559
            Normal Vector (on layer 0): -0.000000, 0.000000, 1.000000
        Control Point 113
            Coordinates: -13.768295, -29.122410, 74.830559
            Normal Vector (on layer 0): -0.000000, 0.000000, 1.000000
        Control Point 114
            Coordinates: -20.790291, -29.122410, 74.830559
            Normal Vector (on layer 0): -0.000000, 0.000000, 1.000000
        Control Point 115
            Coordinates: 0.275697, -22.100414, 74.830559
            Normal Vector (on layer 0): -0.000000, 0.000000, 1.000000
        Control Point 116
            Coordinates: 0.275697, -15.078417, 74.830559
            Normal Vector (on layer 0): -0.000000, 0.000000, 1.000000
        Control Point 117
            Coordinates: 28.363682, -22.100414, 74.830559
            Normal Vector (on layer 0): -0.000000, 0.000000, 1.000000
        Control Point 118
            Coordinates: 28.363682, -15.078417, 74.830559
            Normal Vector (on layer 0): -0.000000, 0.000000, 1.000000
        Control Point 119
            Coordinates: 21.341686, -15.078417, 74.830559
            Normal Vector (on layer 0): -0.000000, 0.000000, 1.000000
        Control Point 120
            Coordinates: 14.319689, -15.078417, 74.830559
            Normal Vector (on layer 0): -0.000000, 0.000000, 1.000000
        Control Point 121
            Coordinates: 84.539650, -43.166401, 74.830559
            Normal Vector (on layer 0): -0.000000, 0.000000, 1.000000
        Control Point 122
            Coordinates: 77.517654, -43.166401, 74.830559
            Normal Vector (on layer 0): -0.000000, 0.000000, 1.000000
        Control Point 123
            Coordinates: 70.495659, -43.166401, 74.830559
            Normal Vector (on layer 0): -0.000000, 0.000000, 1.000000

    Polygons
        Polygon 0
            Coordinates: 70.495659, -22.100414, 74.830559
            Texture UV (on layer 0): 0.955841, 0.490946
            Coordinates: 63.473663, -22.100414, 74.830559
            Texture UV (on layer 0): 0.663261, 0.490946
            Coordinates: 63.473663, -29.122410, 74.830559
            Texture UV (on layer 0): 0.663261, 0.783525
            Coordinates: 70.495659, -29.122410, 74.830559
            Texture UV (on layer 0): 0.955841, 0.783525
        Polygon 1
            Coordinates: 126.671623, -22.100414, 74.830559
            Texture UV (on layer 0): 0.955841, 0.490946
            Coordinates: 119.649628, -22.100414, 74.830559
            Texture UV (on layer 0): 0.663261, 0.783525
            Coordinates: 119.649628, -29.122410, 74.830559
            Texture UV (on layer 0): 0.663261, 0.783525
            Coordinates: 126.671623, -29.122410, 74.830559
            Texture UV (on layer 0): 0.955841, 0.783525
        Polygon 2
            Coordinates: 14.319689, -22.100414, 74.830559
            Texture UV (on layer 0): 0.955841, 0.490946
            Coordinates: 7.297693, -22.100414, 74.830559
            Texture UV (on layer 0): 0.663261, 0.490946
            Coordinates: 7.297693, -29.122410, 74.830559
            Texture UV (on layer 0): 0.663261, 0.490946
            Coordinates: 14.319689, -29.122410, 74.830559
            Texture UV (on layer 0): 0.663261, 0.783525
        Polygon 3
            Coordinates: 14.319689, 5.987571, 74.830559
            Texture UV (on layer 0): 0.955841, 0.490946
            Coordinates: 7.297693, 5.987571, 74.830559
            Texture UV (on layer 0): 0.663261, 0.783525
            Coordinates: 7.297693, -1.034425, 74.830559
            Texture UV (on layer 0): 0.663261, 0.783525
            Coordinates: 14.319689, -1.034425, 74.830559
            Texture UV (on layer 0): 0.955841, 0.783525
        Polygon 4
            Coordinates: 42.407673, -22.100414, 74.830559
            Texture UV (on layer 0): 0.663261, 0.783525
            Coordinates: 35.385677, -22.100414, 74.830559
            Texture UV (on layer 0): 0.955841, 0.490946
            Coordinates: 35.385677, -29.122410, 74.830559
            Texture UV (on layer 0): 0.663261, 0.783525
            Coordinates: 42.407673, -29.122410, 74.830559
            Texture UV (on layer 0): 0.955841, 0.783525
        Polygon 5
            Coordinates: 154.759613, -22.100414, 74.830559
            Texture UV (on layer 0): 0.663261, 0.490946
            Coordinates: 147.737610, -22.100414, 74.830559
            Texture UV (on layer 0): 0.955841, 0.783525
            Coordinates: 147.737610, -29.122410, 74.830559
            Texture UV (on layer 0): 0.595387, 0.384417
            Coordinates: 154.759613, -29.122412, 74.830559
            Texture UV (on layer 0): 0.887934, 0.384417
        Polygon 6
            Coordinates: 98.583641, -22.100414, 74.830559
            Texture UV (on layer 0): 0.955841, 0.490946
            Coordinates: 91.561646, -22.100414, 74.830559
            Texture UV (on layer 0): 0.663261, 0.783525
            Coordinates: 91.561646, -29.122410, 74.830559
            Texture UV (on layer 0): 0.595387, 0.091870
            Coordinates: 98.583641, -29.122410, 74.830559
            Texture UV (on layer 0): 0.595387, 0.091870
        Polygon 7
            Coordinates: -13.768295, 5.987571, 74.830559
            Texture UV (on layer 0): 0.663261, 0.783525
            Coordinates: -20.790291, 5.987571, 74.830559
            Texture UV (on layer 0): 0.955841, 0.783525
            Coordinates: -20.790291, -1.034425, 74.830559
            Texture UV (on layer 0): 0.955841, 0.490946
            Coordinates: -13.768295, -1.034425, 74.830559
            Texture UV (on layer 0): 0.663261, 0.490946
        Polygon 8
            Coordinates: -13.768295, -22.100414, 74.830559
            Texture UV (on layer 0): 0.955841, 0.783525
            Coordinates: -20.790291, -22.100414, 74.830559
            Texture UV (on layer 0): 0.955841, 0.783525
            Coordinates: -20.790291, -29.122410, 74.830559
            Texture UV (on layer 0): 0.663261, 0.490946
            Coordinates: -13.768295, -29.122410, 74.830559
            Texture UV (on layer 0): 0.663261, 0.783525
        Polygon 9
            Coordinates: 112.627632, -36.144405, 74.830559
            Texture UV (on layer 0): 0.663261, 0.783525
            Coordinates: 105.605637, -36.144405, 74.830559
            Texture UV (on layer 0): 0.955841, 0.490946
            Coordinates: 105.605637, -43.166401, 74.830559
            Texture UV (on layer 0): 0.663261, 0.490946
            Coordinates: 112.627632, -43.166401, 74.830559
            Texture UV (on layer 0): 0.955841, 0.783525
        Polygon 10
            Coordinates: 28.363682, 5.987571, 74.830559
            Texture UV (on layer 0): 0.955841, 0.783525
            Coordinates: 21.341686, 5.987571, 74.830559
            Texture UV (on layer 0): 0.955841, 0.783525
            Coordinates: 21.341686, -1.034425, 74.830559
            Texture UV (on layer 0): 0.663261, 0.783525
            Coordinates: 28.363682, -1.034425, 74.830559
            Texture UV (on layer 0): 0.955841, 0.490946
        Polygon 11
            Coordinates: 42.407673, -8.056421, 74.830559
            Texture UV (on layer 0): 0.955841, 0.490946
            Coordinates: 35.385677, -8.056421, 74.830559
            Texture UV (on layer 0): 0.663261, 0.783525
            Coordinates: 35.385677, -15.078417, 74.830559
            Texture UV (on layer 0): 0.955841, 0.783525
            Coordinates: 42.407673, -15.078417, 74.830559
            Texture UV (on layer 0): 0.663261, 0.490946
        Polygon 12
            Coordinates: -13.768295, -8.056421, 74.830559
            Texture UV (on layer 0): 0.663261, 0.490946
            Coordinates: -20.790291, -8.056421, 74.830559
            Texture UV (on layer 0): 0.663261, 0.783525
            Coordinates: -20.790291, -15.078417, 74.830559
            Texture UV (on layer 0): 0.955841, 0.490946
            Coordinates: -13.768295, -15.078417, 74.830559
            Texture UV (on layer 0): 0.663261, 0.783525
        Polygon 13
            Coordinates: 56.451664, -36.144405, 74.830559
            Texture UV (on layer 0): 0.663261, 0.783525
            Coordinates: 49.429668, -36.144405, 74.830559
            Texture UV (on layer 0): 0.663261, 0.783525
            Coordinates: 49.429668, -43.166401, 74.830559
            Texture UV (on layer 0): 0.663261, 0.490946
            Coordinates: 56.451664, -43.166401, 74.830559
            Texture UV (on layer 0): 0.955841, 0.783525
        Polygon 14
            Coordinates: 84.539650, -22.100414, 74.830559
            Texture UV (on layer 0): 0.955841, 0.783525
            Coordinates: 77.517654, -22.100414, 74.830559
            Texture UV (on layer 0): 0.955841, 0.783525
            Coordinates: 77.517654, -29.122410, 74.830559
            Texture UV (on layer 0): 0.663261, 0.783525
            Coordinates: 84.539650, -29.122410, 74.830559
            Texture UV (on layer 0): 0.595387, 0.384417
        Polygon 15
            Coordinates: 70.495659, -8.056421, 74.830559
            Texture UV (on layer 0): 0.663261, 0.490946
            Coordinates: 63.473663, -8.056421, 74.830559
            Texture UV (on layer 0): 0.955841, 0.783525
            Coordinates: 63.473663, -15.078417, 74.830559
            Texture UV (on layer 0): 0.955841, 0.490946
            Coordinates: 70.495659, -15.078417, 74.830559
            Texture UV (on layer 0): 0.663261, 0.783525
        Polygon 16
            Coordinates: 98.583641, -36.144405, 74.830559
            Texture UV (on layer 0): 0.663261, 0.783525
            Coordinates: 91.561646, -36.144405, 74.830559
            Texture UV (on layer 0): 0.955841, 0.490946
            Coordinates: 91.561646, -43.166401, 74.830559
            Texture UV (on layer 0): 0.663261, 0.490946
            Coordinates: 98.583641, -43.166401, 74.830559
            Texture UV (on layer 0): 0.955841, 0.783525
        Polygon 17
            Coordinates: 56.451664, -22.100414, 74.830559
            Texture UV (on layer 0): 0.663261, 0.490946
            Coordinates: 49.429668, -22.100414, 74.830559
            Texture UV (on layer 0): 0.955841, 0.783525
            Coordinates: 49.429668, -29.122410, 74.830559
            Texture UV (on layer 0): 0.887934, 0.091870
            Coordinates: 56.451664, -29.122410, 74.830559
            Texture UV (on layer 0): 0.955841, 0.783525
        Polygon 18
            Coordinates: 56.451664, -8.056421, 74.830559
            Texture UV (on layer 0): 0.955841, 0.490946
            Coordinates: 49.429668, -8.056421, 74.830559
            Texture UV (on layer 0): 0.663261, 0.490946
            Coordinates: 49.429668, -15.078417, 74.830559
            Texture UV (on layer 0): 0.887934, 0.384417
            Coordinates: 56.451664, -15.078417, 74.830559
            Texture UV (on layer 0): 0.955841, 0.490946
        Polygon 19
            Coordinates: 112.627632, -22.100414, 74.830559
            Texture UV (on layer 0): 0.887934, 0.091870
            Coordinates: 105.605637, -22.100414, 74.830559
            Texture UV (on layer 0): 0.663261, 0.490946
            Coordinates: 105.605637, -29.122410, 74.830559
            Texture UV (on layer 0): 0.663261, 0.783525
            Coordinates: 112.627632, -29.122410, 74.830559
            Texture UV (on layer 0): 0.663261, 0.490946
        Polygon 20
            Coordinates: 140.715622, -22.100414, 74.830559
            Texture UV (on layer 0): 0.663261, 0.783525
            Coordinates: 133.693619, -22.100414, 74.830559
            Texture UV (on layer 0): 0.663261, 0.490946
            Coordinates: 133.693619, -29.122410, 74.830559
            Texture UV (on layer 0): 0.595387, 0.384417
            Coordinates: 140.715622, -29.122410, 74.830559
            Texture UV (on layer 0): 0.955841, 0.490946
        Polygon 21
            Coordinates: 140.715622, -36.144405, 74.830559
            Texture UV (on layer 0): 0.955841, 0.783525
            Coordinates: 133.693619, -36.144405, 74.830559
            Texture UV (on layer 0): 0.955841, 0.490946
            Coordinates: 133.693619, -43.166401, 74.830559
            Texture UV (on layer 0): 0.955841, 0.490946
            Coordinates: 140.715622, -43.166401, 74.830559
            Texture UV (on layer 0): 0.663261, 0.490946
        Polygon 22
            Coordinates: 126.671623, -36.144405, 74.830559
            Texture UV (on layer 0): 0.663261, 0.490946
            Coordinates: 119.649628, -36.144405, 74.830559
            Texture UV (on layer 0): 0.663261, 0.490946
            Coordinates: 119.649628, -43.166401, 74.830559
            Texture UV (on layer 0): 0.663261, 0.490946
            Coordinates: 126.671623, -43.166401, 74.830559
            Texture UV (on layer 0): 0.955841, 0.783525
        Polygon 23
            Coordinates: 0.275697, 5.987571, 74.830559
            Texture UV (on layer 0): 0.955841, 0.783525
            Coordinates: -6.746299, 5.987571, 74.830559
            Texture UV (on layer 0): 0.955841, 0.783525
            Coordinates: -6.746299, -1.034425, 74.830559
            Texture UV (on layer 0): 0.663261, 0.783525
            Coordinates: 0.275697, -1.034425, 74.830559
            Texture UV (on layer 0): 0.663261, 0.490946
        Polygon 24
            Coordinates: 0.275697, -22.100414, 74.830559
            Texture UV (on layer 0): 0.955841, 0.490946
            Coordinates: -6.746299, -22.100414, 74.830559
            Texture UV (on layer 0): 0.955841, 0.490946
            Coordinates: -6.746299, -29.122410, 74.830559
            Texture UV (on layer 0): 0.955841, 0.783525
            Coordinates: 0.275697, -29.122410, 74.830559
            Texture UV (on layer 0): 0.663261, 0.783525
        Polygon 25
            Coordinates: 0.275697, -8.056421, 74.830559
            Texture UV (on layer 0): 0.955841, 0.783525
            Coordinates: -6.746299, -8.056421, 74.830559
            Texture UV (on layer 0): 0.663261, 0.783525
            Coordinates: -6.746299, -15.078417, 74.830559
            Texture UV (on layer 0): 0.595387, 0.091870
            Coordinates: 0.275697, -15.078417, 74.830559
            Texture UV (on layer 0): 0.955841, 0.783525
        Polygon 26
            Coordinates: 28.363682, -22.100414, 74.830559
            Texture UV (on layer 0): 0.663261, 0.783525
            Coordinates: 21.341686, -22.100414, 74.830559
            Texture UV (on layer 0): 0.955841, 0.490946
            Coordinates: 21.341686, -29.122410, 74.830559
            Texture UV (on layer 0): 0.887934, 0.091870
            Coordinates: 28.363682, -29.122410, 74.830559
            Texture UV (on layer 0): 0.955841, 0.490946
        Polygon 27
            Coordinates: 28.363682, -8.056421, 74.830559
            Texture UV (on layer 0): 0.955841, 0.490946
            Coordinates: 21.341686, -8.056421, 74.830559
            Texture UV (on layer 0): 0.955841, 0.490946
            Coordinates: 21.341686, -15.078417, 74.830559
            Texture UV (on layer 0): 0.955841, 0.490946
            Coordinates: 28.363682, -15.078417, 74.830559
            Texture UV (on layer 0): 0.663261, 0.490946
        Polygon 28
            Coordinates: 14.319689, -8.056421, 74.830559
            Texture UV (on layer 0): 0.663261, 0.490946
            Coordinates: 7.297693, -8.056421, 74.830559
            Texture UV (on layer 0): 0.955841, 0.490946
            Coordinates: 7.297693, -15.078417, 74.830559
            Texture UV (on layer 0): 0.663261, 0.490946
            Coordinates: 14.319689, -15.078417, 74.830559
            Texture UV (on layer 0): 0.955841, 0.783525
        Polygon 29
            Coordinates: 84.539650, -36.144405, 74.830559
            Texture UV (on layer 0): 0.955841, 0.490946
            Coordinates: 77.517654, -36.144405, 74.830559
            Texture UV (on layer 0): 0.663261, 0.490946
            Coordinates: 77.517654, -43.166401, 74.830559
            Texture UV (on layer 0): 0.663261, 0.490946
            Coordinates: 84.539650, -43.166401, 74.830559
            Texture UV (on layer 0): 0.663261, 0.783525
        Polygon 30
            Coordinates: 70.495659, -36.144405, 74.830559
            Texture UV (on layer 0): 0.663261, 0.490946
            Coordinates: 63.473663, -36.144405, 74.830559
            Texture UV (on layer 0): 0.955841, 0.783525
            Coordinates: 63.473663, -43.166401, 74.830559
            Texture UV (on layer 0): 0.887934, 0.384417
            Coordinates: 70.495659, -43.166401, 74.830559
            Texture UV (on layer 0): 0.955841, 0.490946

    Material layer 0: 
           Mapping: All Same
           Indices: 0

    Materials on layer 0: 
        Material 0
            Name: "smal"
            Ambient: 0.000000 (red), 0.000000 (green), 0.000000 (blue)
            Diffuse: 1.000000 (red), 1.000000 (green), 1.000000 (blue)
            Diffuse: 1.000000 (red), 1.000000 (green), 1.000000 (blue)
            Opacity: 0.000000
            Shading Model: Lambert

    Texture layer 0: 
           Mapping: By Polygon
           Indices: 0, 0, 0, 0, 0, 0, 0, 0, 0, 0, 0, 0, 0, 0, 0, 0, 0, 0, 0, 0, 0, 0, 0, 0, 0, 0, 0, 0, 0, 0, 0
        Blend Mode: Translucent
             Alpha: 1.000000

    Texture layer 0: 
           Mapping: By Polygon
           Indices: 0, 0, 0, 0, 0, 0, 0, 0, 0, 0, 0, 0, 0, 0, 0, 0, 0, 0, 0, 0, 0, 0, 0, 0, 0, 0, 0, 0, 0, 0, 0
        Blend Mode: Translucent
             Alpha: 1.000000


    Textures on layer 0: 
        Texture 0
            Name: "file4"
            File Name: "C:/psp/ReJ/Data/DemoTest/back_02/text.tga"
            Scale U: 1.000000
            Scale V: 1.000000
            Translation U: 0.000000
            Translation V: 0.000000
            Swap UV: false
            Rotation U: 0.000000
            Rotation V: 0.000000
            Rotation W: 0.000000
            Alpha Source: None
            Cropping Left: 0.000000
            Cropping Top: 0.000000
            Cropping Right: 0.000000
            Cropping Bottom: 0.000000
            Mapping Type: UV
            Material Use: Model Material
            Texture Use: Standard

    Textures on layer 0: 
        Texture 0
            Name: "file4"
            File Name: "C:/psp/ReJ/Data/DemoTest/back_02/text.tga"
            Scale U: 1.000000
            Scale V: 1.000000
            Translation U: 0.000000
            Translation V: 0.000000
            Swap UV: false
            Rotation U: 0.000000
            Rotation V: 0.000000
            Rotation W: 0.000000
            Alpha Source: None
            Cropping Left: 0.000000
            Cropping Top: 0.000000
            Cropping Right: 0.000000
            Cropping Bottom: 0.000000
            Mapping Type: UV
            Material Use: Model Material
            Texture Use: Standard

    Property Count: 68
    Pivot Information
        Pivot State: Active
        Pre-Rotation: 0.000000 0.000000 0.000000
        Post-Rotation: 0.000000 -0.000000 0.000000
        Rotation Pivot: 91.561643 -92.320377 75.450445
        Rotation Offset: 0.000000 0.000000 0.000000
        Scaling Pivot: 91.561643 -92.320377 75.450445
        Scaling Offset: 0.000000 0.000000 0.000000
    Limits Information
        Translation limits: Inactive
            X
                Min Limit: Inactive
                Min Limit Value: 0.000000
                Max Limit: Inactive
                Max Limit Value: 0.000000
            Y
                Min Limit: Inactive
                Min Limit Value: 0.000000
                Max Limit: Inactive
                Max Limit Value: 0.000000
            Z
                Min Limit: Inactive
                Min Limit Value: 0.000000
                Max Limit: Inactive
                Max Limit Value: 0.000000
        Rotation limits: Active
            X
                Min Limit: Inactive
                Min Limit Value: 0.000000
                Max Limit: Inactive
                Max Limit Value: 0.000000
            Y
                Min Limit: Inactive
                Min Limit Value: 0.000000
                Max Limit: Inactive
                Max Limit Value: 0.000000
            Z
                Min Limit: Inactive
                Min Limit Value: 0.000000
                Max Limit: Inactive
                Max Limit Value: 0.000000
        Scaling limits: Inactive
            X
                Min Limit: Inactive
                Min Limit Value: 0.000000
                Max Limit: Inactive
                Max Limit Value: 0.000000
            Y
                Min Limit: Inactive
                Min Limit Value: 0.000000
                Max Limit: Inactive
                Max Limit Value: 0.000000
            Z
                Min Limit: Inactive
                Min Limit Value: 0.000000
                Max Limit: Inactive
                Max Limit Value: 0.000000
    Transformation Propagation
        Rotation Space: Euler XYZ
        Use the Rotation Space for Limit specification only: No
        Transformation Inheritance: RSrs
    Geometric Transformations
        Translation: 0.000000 0.000000 0.000000
        Rotation:    0.000000 0.000000 0.000000
        Scaling:     1.000000 1.000000 1.000000
    Default Animation
        TX
            Default Value: -27.592951
        TY
            Default Value: 9.657511
        TZ
            Default Value: 0.000000
        RX
            Default Value: 0.000000
        RY
            Default Value: 0.000000
        RZ
            Default Value: 0.000000
        SX
            Default Value: 1.000000
        SY
            Default Value: 1.000000
        SZ
            Default Value: 1.000000
        Property Visibility (Label: Visibility)
            Default Value: 1.000000

Mesh Name: pPlane2
    Control Points
        Control Point 0
            Coordinates: 10.625735, -11.941492, 83.952179
            Normal Vector (on layer 0): -0.000000, 0.000000, 1.000000
        Control Point 1
            Coordinates: 21.617577, -11.941492, 83.952179
            Normal Vector (on layer 0): -0.000000, 0.000000, 1.000000
        Control Point 2
            Coordinates: 10.625735, -0.949651, 83.952179
            Normal Vector (on layer 0): -0.000000, 0.000000, 1.000000
        Control Point 3
            Coordinates: 21.617577, -0.949651, 83.952179
            Normal Vector (on layer 0): -0.000000, 0.000000, 1.000000

    Polygons
        Polygon 0
            Coordinates: 10.625735, -11.941492, 83.952179
            Texture UV (on layer 0): 0.026970, 0.426668
            Coordinates: 21.617577, -11.941492, 83.952179
            Texture UV (on layer 0): 0.581765, 0.426668
            Coordinates: 21.617577, -0.949651, 83.952179
            Texture UV (on layer 0): 0.026970, 0.981463
            Coordinates: 10.625735, -0.949651, 83.952179
            Texture UV (on layer 0): 0.581765, 0.981463

    Material layer 0: 
           Mapping: All Same
           Indices: 0

    Materials on layer 0: 
        Material 0
            Name: "smal"
            Ambient: 0.000000 (red), 0.000000 (green), 0.000000 (blue)
            Diffuse: 1.000000 (red), 1.000000 (green), 1.000000 (blue)
            Diffuse: 1.000000 (red), 1.000000 (green), 1.000000 (blue)
            Opacity: 0.000000
            Shading Model: Lambert

    Texture layer 0: 
           Mapping: By Polygon
           Indices: 0
        Blend Mode: Translucent
             Alpha: 1.000000

    Texture layer 0: 
           Mapping: By Polygon
           Indices: 0
        Blend Mode: Translucent
             Alpha: 1.000000


    Textures on layer 0: 
        Texture 0
            Name: "file4"
            File Name: "C:/psp/ReJ/Data/DemoTest/back_02/text.tga"
            Scale U: 1.000000
            Scale V: 1.000000
            Translation U: 0.000000
            Translation V: 0.000000
            Swap UV: false
            Rotation U: 0.000000
            Rotation V: 0.000000
            Rotation W: 0.000000
            Alpha Source: None
            Cropping Left: 0.000000
            Cropping Top: 0.000000
            Cropping Right: 0.000000
            Cropping Bottom: 0.000000
            Mapping Type: UV
            Material Use: Model Material
            Texture Use: Standard

    Textures on layer 0: 
        Texture 0
            Name: "file4"
            File Name: "C:/psp/ReJ/Data/DemoTest/back_02/text.tga"
            Scale U: 1.000000
            Scale V: 1.000000
            Translation U: 0.000000
            Translation V: 0.000000
            Swap UV: false
            Rotation U: 0.000000
            Rotation V: 0.000000
            Rotation W: 0.000000
            Alpha Source: None
            Cropping Left: 0.000000
            Cropping Top: 0.000000
            Cropping Right: 0.000000
            Cropping Bottom: 0.000000
            Mapping Type: UV
            Material Use: Model Material
            Texture Use: Standard

    Property Count: 68
    Pivot Information
        Pivot State: Active
        Pre-Rotation: 0.000000 0.000000 0.000000
        Post-Rotation: 0.000000 -0.000000 0.000000
        Rotation Pivot: 16.121656 -6.445572 83.952178
        Rotation Offset: 0.000000 0.000000 0.000000
        Scaling Pivot: 16.121656 -6.445572 83.952178
        Scaling Offset: 0.000000 0.000000 0.000000
    Limits Information
        Translation limits: Inactive
            X
                Min Limit: Inactive
                Min Limit Value: 0.000000
                Max Limit: Inactive
                Max Limit Value: 0.000000
            Y
                Min Limit: Inactive
                Min Limit Value: 0.000000
                Max Limit: Inactive
                Max Limit Value: 0.000000
            Z
                Min Limit: Inactive
                Min Limit Value: 0.000000
                Max Limit: Inactive
                Max Limit Value: 0.000000
        Rotation limits: Active
            X
                Min Limit: Inactive
                Min Limit Value: 0.000000
                Max Limit: Inactive
                Max Limit Value: 0.000000
            Y
                Min Limit: Inactive
                Min Limit Value: 0.000000
                Max Limit: Inactive
                Max Limit Value: 0.000000
            Z
                Min Limit: Inactive
                Min Limit Value: 0.000000
                Max Limit: Inactive
                Max Limit Value: 0.000000
        Scaling limits: Inactive
            X
                Min Limit: Inactive
                Min Limit Value: 0.000000
                Max Limit: Inactive
                Max Limit Value: 0.000000
            Y
                Min Limit: Inactive
                Min Limit Value: 0.000000
                Max Limit: Inactive
                Max Limit Value: 0.000000
            Z
                Min Limit: Inactive
                Min Limit Value: 0.000000
                Max Limit: Inactive
                Max Limit Value: 0.000000
    Transformation Propagation
        Rotation Space: Euler XYZ
        Use the Rotation Space for Limit specification only: No
        Transformation Inheritance: RSrs
    Geometric Transformations
        Translation: 0.000000 0.000000 0.000000
        Rotation:    0.000000 0.000000 0.000000
        Scaling:     1.000000 1.000000 1.000000
    Default Animation
        TX
            Default Value: -26.248627
        TY
            Default Value: 10.160759
        TZ
            Default Value: 0.000000
        RX
            Default Value: 0.000000
        RY
            Default Value: 0.000000
        RZ
            Default Value: 0.000000
        SX
            Default Value: 1.000000
        SY
            Default Value: 1.000000
        SZ
            Default Value: 1.000000
        Property Visibility (Label: Visibility)
            Default Value: 1.000000



----
Pose
----



---------
Animation
---------

Take Name: Take 001

     Node Name: Camera1

        TX
            Key Time: 0.... Key Value: 0.000000 [ cubic | User | None | None ]
        TY
            Key Time: 0.... Key Value: 0.000000 [ cubic | User | None | None ]
        TZ
            Key Time: 0.... Key Value: 100.000000 [ cubic | User | None | None ]
        RX
        RY
        RZ
        SX
        SY
        SZ
        Field of View
        Field of View X
        Field of View Y
        Optical Center X
        Optical Center Y
        Roll
        Property Visibility (Label: Visibility)

     Node Name: back1

        TX
            Key Time: 0.... Key Value: 0.000000 [ cubic | User | None | None ]
            Key Time: 900.... Key Value: -43.995079 [ cubic | User | None | None ]
        TY
            Key Time: 0.... Key Value: 0.000000 [ cubic | User | None | None ]
            Key Time: 900.... Key Value: 16.437721 [ cubic | User | None | None ]
        TZ
            Key Time: 0.... Key Value: 0.000000 [ cubic | User | None | None ]
        RX
        RY
        RZ
        SX
        SY
        SZ
        Property Visibility (Label: Visibility)

     Node Name: back2

        TX
            Key Time: 0.... Key Value: 0.000000 [ cubic | User | None | None ]
            Key Time: 902.... Key Value: -47.317188 [ cubic | User | None | None ]
        TY
            Key Time: 0.... Key Value: 0.000000 [ cubic | User | None | None ]
            Key Time: 902.... Key Value: 16.560980 [ cubic | User | None | None ]
        TZ
            Key Time: 0.... Key Value: 0.000000 [ cubic | User | None | None ]
            Key Time: 902.... Key Value: 0.000000 [ cubic | User | None | None ]
        RX
        RY
        RZ
        SX
        SY
        SZ
        Property Visibility (Label: Visibility)

     Node Name: pPlane1

        TX
            Key Time: 0.... Key Value: 0.000000 [ cubic | User | None | None ]
            Key Time: 902.... Key Value: -47.317188 [ cubic | User | None | None ]
        TY
            Key Time: 0.... Key Value: 0.000000 [ cubic | User | None | None ]
            Key Time: 902.... Key Value: 16.560980 [ cubic | User | None | None ]
        TZ
            Key Time: 0.... Key Value: 0.000000 [ cubic | User | None | None ]
            Key Time: 902.... Key Value: 0.000000 [ cubic | User | None | None ]
        RX
        RY
        RZ
        SX
        SY
        SZ
        Property Visibility (Label: Visibility)

     Node Name: pPlane2

        TX
            Key Time: 0.... Key Value: 0.000000 [ cubic | User | None | None ]
            Key Time: 901.... Key Value: -44.962002 [ cubic | User | None | None ]
        TY
            Key Time: 0.... Key Value: 0.000000 [ cubic | User | None | None ]
            Key Time: 901.... Key Value: 17.404646 [ cubic | User | None | None ]
        TZ
        RX
        RY
        RZ
        SX
        SY
        SZ
        Property Visibility (Label: Visibility)



---------
Generic Information
---------

Camera1

Name: Camera1
    Property Count: 68
        Property 0
            Display Name: QuaternionInterpolate
            Internal Name: QuaternionInterpolate
            Type: Bool
            Min Limit: 0.000000
            Max Limit: 100.000000
            Is Animatable: false
            Is Temporary: false
            Default Value: false
        Property 1
            Display Name: RotationOffset
            Internal Name: RotationOffset
            Type: Vector
            Min Limit: 0.000000
            Max Limit: 100.000000
            Is Animatable: false
            Is Temporary: false
            Default Value: X=0.000000, Y=0.000000, Z=0.000000
        Property 2
            Display Name: RotationPivot
            Internal Name: RotationPivot
            Type: Vector
            Min Limit: 0.000000
            Max Limit: 100.000000
            Is Animatable: false
            Is Temporary: false
            Default Value: X=0.000000, Y=0.000000, Z=0.000000
        Property 3
            Display Name: ScalingOffset
            Internal Name: ScalingOffset
            Type: Vector
            Min Limit: 0.000000
            Max Limit: 100.000000
            Is Animatable: false
            Is Temporary: false
            Default Value: X=0.000000, Y=0.000000, Z=0.000000
        Property 4
            Display Name: ScalingPivot
            Internal Name: ScalingPivot
            Type: Vector
            Min Limit: 0.000000
            Max Limit: 100.000000
            Is Animatable: false
            Is Temporary: false
            Default Value: X=0.000000, Y=0.000000, Z=0.000000
        Property 5
            Display Name: TranslationActive
            Internal Name: TranslationActive
            Type: Bool
            Min Limit: 0.000000
            Max Limit: 100.000000
            Is Animatable: false
            Is Temporary: false
            Default Value: false
        Property 6
            Display Name: TranslationMin
            Internal Name: TranslationMin
            Type: Vector
            Min Limit: 0.000000
            Max Limit: 100.000000
            Is Animatable: false
            Is Temporary: false
            Default Value: X=0.000000, Y=0.000000, Z=0.000000
        Property 7
            Display Name: TranslationMax
            Internal Name: TranslationMax
            Type: Vector
            Min Limit: 0.000000
            Max Limit: 100.000000
            Is Animatable: false
            Is Temporary: false
            Default Value: X=0.000000, Y=0.000000, Z=0.000000
        Property 8
            Display Name: TranslationMinX
            Internal Name: TranslationMinX
            Type: Bool
            Min Limit: 0.000000
            Max Limit: 100.000000
            Is Animatable: false
            Is Temporary: false
            Default Value: false
        Property 9
            Display Name: TranslationMinY
            Internal Name: TranslationMinY
            Type: Bool
            Min Limit: 0.000000
            Max Limit: 100.000000
            Is Animatable: false
            Is Temporary: false
            Default Value: false
        Property 10
            Display Name: TranslationMinZ
            Internal Name: TranslationMinZ
            Type: Bool
            Min Limit: 0.000000
            Max Limit: 100.000000
            Is Animatable: false
            Is Temporary: false
            Default Value: false
        Property 11
            Display Name: TranslationMaxX
            Internal Name: TranslationMaxX
            Type: Bool
            Min Limit: 0.000000
            Max Limit: 100.000000
            Is Animatable: false
            Is Temporary: false
            Default Value: false
        Property 12
            Display Name: TranslationMaxY
            Internal Name: TranslationMaxY
            Type: Bool
            Min Limit: 0.000000
            Max Limit: 100.000000
            Is Animatable: false
            Is Temporary: false
            Default Value: false
        Property 13
            Display Name: TranslationMaxZ
            Internal Name: TranslationMaxZ
            Type: Bool
            Min Limit: 0.000000
            Max Limit: 100.000000
            Is Animatable: false
            Is Temporary: false
            Default Value: false
        Property 14
            Display Name: RotationOrder
            Internal Name: RotationOrder
            Type: Enum
            Min Limit: 0.000000
            Max Limit: 100.000000
            Is Animatable: false
            Is Temporary: false
            Default Value: UNIDENTIFIED
        Property 15
            Display Name: RotationSpaceForLimitOnly
            Internal Name: RotationSpaceForLimitOnly
            Type: Bool
            Min Limit: 0.000000
            Max Limit: 100.000000
            Is Animatable: false
            Is Temporary: false
            Default Value: false
        Property 16
            Display Name: RotationStiffnessX
            Internal Name: RotationStiffnessX
            Type: Number
            Min Limit: 0.000000
            Max Limit: 100.000000
            Is Animatable: false
            Is Temporary: false
            Default Value: 0.000000
        Property 17
            Display Name: RotationStiffnessY
            Internal Name: RotationStiffnessY
            Type: Number
            Min Limit: 0.000000
            Max Limit: 100.000000
            Is Animatable: false
            Is Temporary: false
            Default Value: 0.000000
        Property 18
            Display Name: RotationStiffnessZ
            Internal Name: RotationStiffnessZ
            Type: Number
            Min Limit: 0.000000
            Max Limit: 100.000000
            Is Animatable: false
            Is Temporary: false
            Default Value: 0.000000
        Property 19
            Display Name: AxisLen
            Internal Name: AxisLen
            Type: Number
            Min Limit: 0.000000
            Max Limit: 100.000000
            Is Animatable: false
            Is Temporary: false
            Default Value: 10.000000
        Property 20
            Display Name: PreRotation
            Internal Name: PreRotation
            Type: Vector
            Min Limit: 0.000000
            Max Limit: 100.000000
            Is Animatable: false
            Is Temporary: false
            Default Value: X=0.000000, Y=0.000000, Z=0.000000
        Property 21
            Display Name: PostRotation
            Internal Name: PostRotation
            Type: Vector
            Min Limit: 0.000000
            Max Limit: 100.000000
            Is Animatable: false
            Is Temporary: false
            Default Value: X=-0.000000, Y=-90.000000, Z=0.000000
        Property 22
            Display Name: RotationActive
            Internal Name: RotationActive
            Type: Bool
            Min Limit: 0.000000
            Max Limit: 100.000000
            Is Animatable: false
            Is Temporary: false
            Default Value: true
        Property 23
            Display Name: RotationMin
            Internal Name: RotationMin
            Type: Vector
            Min Limit: 0.000000
            Max Limit: 100.000000
            Is Animatable: false
            Is Temporary: false
            Default Value: X=0.000000, Y=0.000000, Z=0.000000
        Property 24
            Display Name: RotationMax
            Internal Name: RotationMax
            Type: Vector
            Min Limit: 0.000000
            Max Limit: 100.000000
            Is Animatable: false
            Is Temporary: false
            Default Value: X=0.000000, Y=0.000000, Z=0.000000
        Property 25
            Display Name: RotationMinX
            Internal Name: RotationMinX
            Type: Bool
            Min Limit: 0.000000
            Max Limit: 100.000000
            Is Animatable: false
            Is Temporary: false
            Default Value: false
        Property 26
            Display Name: RotationMinY
            Internal Name: RotationMinY
            Type: Bool
            Min Limit: 0.000000
            Max Limit: 100.000000
            Is Animatable: false
            Is Temporary: false
            Default Value: false
        Property 27
            Display Name: RotationMinZ
            Internal Name: RotationMinZ
            Type: Bool
            Min Limit: 0.000000
            Max Limit: 100.000000
            Is Animatable: false
            Is Temporary: false
            Default Value: false
        Property 28
            Display Name: RotationMaxX
            Internal Name: RotationMaxX
            Type: Bool
            Min Limit: 0.000000
            Max Limit: 100.000000
            Is Animatable: false
            Is Temporary: false
            Default Value: false
        Property 29
            Display Name: RotationMaxY
            Internal Name: RotationMaxY
            Type: Bool
            Min Limit: 0.000000
            Max Limit: 100.000000
            Is Animatable: false
            Is Temporary: false
            Default Value: false
        Property 30
            Display Name: RotationMaxZ
            Internal Name: RotationMaxZ
            Type: Bool
            Min Limit: 0.000000
            Max Limit: 100.000000
            Is Animatable: false
            Is Temporary: false
            Default Value: false
        Property 31
            Display Name: InheritType
            Internal Name: InheritType
            Type: Enum
            Min Limit: 0.000000
            Max Limit: 100.000000
            Is Animatable: false
            Is Temporary: false
            Default Value: UNIDENTIFIED
        Property 32
            Display Name: ScalingActive
            Internal Name: ScalingActive
            Type: Bool
            Min Limit: 0.000000
            Max Limit: 100.000000
            Is Animatable: false
            Is Temporary: false
            Default Value: false
        Property 33
            Display Name: ScalingMin
            Internal Name: ScalingMin
            Type: Vector
            Min Limit: 0.000000
            Max Limit: 100.000000
            Is Animatable: false
            Is Temporary: false
            Default Value: X=0.000000, Y=0.000000, Z=0.000000
        Property 34
            Display Name: ScalingMax
            Internal Name: ScalingMax
            Type: Vector
            Min Limit: 0.000000
            Max Limit: 100.000000
            Is Animatable: false
            Is Temporary: false
            Default Value: X=0.000000, Y=0.000000, Z=0.000000
        Property 35
            Display Name: ScalingMinX
            Internal Name: ScalingMinX
            Type: Bool
            Min Limit: 0.000000
            Max Limit: 100.000000
            Is Animatable: false
            Is Temporary: false
            Default Value: false
        Property 36
            Display Name: ScalingMinY
            Internal Name: ScalingMinY
            Type: Bool
            Min Limit: 0.000000
            Max Limit: 100.000000
            Is Animatable: false
            Is Temporary: false
            Default Value: false
        Property 37
            Display Name: ScalingMinZ
            Internal Name: ScalingMinZ
            Type: Bool
            Min Limit: 0.000000
            Max Limit: 100.000000
            Is Animatable: false
            Is Temporary: false
            Default Value: false
        Property 38
            Display Name: ScalingMaxX
            Internal Name: ScalingMaxX
            Type: Bool
            Min Limit: 0.000000
            Max Limit: 100.000000
            Is Animatable: false
            Is Temporary: false
            Default Value: false
        Property 39
            Display Name: ScalingMaxY
            Internal Name: ScalingMaxY
            Type: Bool
            Min Limit: 0.000000
            Max Limit: 100.000000
            Is Animatable: false
            Is Temporary: false
            Default Value: false
        Property 40
            Display Name: ScalingMaxZ
            Internal Name: ScalingMaxZ
            Type: Bool
            Min Limit: 0.000000
            Max Limit: 100.000000
            Is Animatable: false
            Is Temporary: false
            Default Value: false
        Property 41
            Display Name: GeometricTranslation
            Internal Name: GeometricTranslation
            Type: Vector
            Min Limit: 0.000000
            Max Limit: 100.000000
            Is Animatable: false
            Is Temporary: false
            Default Value: X=0.000000, Y=0.000000, Z=0.000000
        Property 42
            Display Name: GeometricRotation
            Internal Name: GeometricRotation
            Type: Vector
            Min Limit: 0.000000
            Max Limit: 100.000000
            Is Animatable: false
            Is Temporary: false
            Default Value: X=0.000000, Y=0.000000, Z=0.000000
        Property 43
            Display Name: GeometricScaling
            Internal Name: GeometricScaling
            Type: Vector
            Min Limit: 0.000000
            Max Limit: 100.000000
            Is Animatable: false
            Is Temporary: false
            Default Value: X=1.000000, Y=1.000000, Z=1.000000
        Property 44
            Display Name: MinDampRangeX
            Internal Name: MinDampRangeX
            Type: Number
            Min Limit: 0.000000
            Max Limit: 100.000000
            Is Animatable: false
            Is Temporary: false
            Default Value: 0.000000
        Property 45
            Display Name: MinDampRangeY
            Internal Name: MinDampRangeY
            Type: Number
            Min Limit: 0.000000
            Max Limit: 100.000000
            Is Animatable: false
            Is Temporary: false
            Default Value: 0.000000
        Property 46
            Display Name: MinDampRangeZ
            Internal Name: MinDampRangeZ
            Type: Number
            Min Limit: 0.000000
            Max Limit: 100.000000
            Is Animatable: false
            Is Temporary: false
            Default Value: 0.000000
        Property 47
            Display Name: MaxDampRangeX
            Internal Name: MaxDampRangeX
            Type: Number
            Min Limit: 0.000000
            Max Limit: 100.000000
            Is Animatable: false
            Is Temporary: false
            Default Value: 0.000000
        Property 48
            Display Name: MaxDampRangeY
            Internal Name: MaxDampRangeY
            Type: Number
            Min Limit: 0.000000
            Max Limit: 100.000000
            Is Animatable: false
            Is Temporary: false
            Default Value: 0.000000
        Property 49
            Display Name: MaxDampRangeZ
            Internal Name: MaxDampRangeZ
            Type: Number
            Min Limit: 0.000000
            Max Limit: 100.000000
            Is Animatable: false
            Is Temporary: false
            Default Value: 0.000000
        Property 50
            Display Name: MinDampStrengthX
            Internal Name: MinDampStrengthX
            Type: Number
            Min Limit: 0.000000
            Max Limit: 100.000000
            Is Animatable: false
            Is Temporary: false
            Default Value: 0.000000
        Property 51
            Display Name: MinDampStrengthY
            Internal Name: MinDampStrengthY
            Type: Number
            Min Limit: 0.000000
            Max Limit: 100.000000
            Is Animatable: false
            Is Temporary: false
            Default Value: 0.000000
        Property 52
            Display Name: MinDampStrengthZ
            Internal Name: MinDampStrengthZ
            Type: Number
            Min Limit: 0.000000
            Max Limit: 100.000000
            Is Animatable: false
            Is Temporary: false
            Default Value: 0.000000
        Property 53
            Display Name: MaxDampStrengthX
            Internal Name: MaxDampStrengthX
            Type: Number
            Min Limit: 0.000000
            Max Limit: 100.000000
            Is Animatable: false
            Is Temporary: false
            Default Value: 0.000000
        Property 54
            Display Name: MaxDampStrengthY
            Internal Name: MaxDampStrengthY
            Type: Number
            Min Limit: 0.000000
            Max Limit: 100.000000
            Is Animatable: false
            Is Temporary: false
            Default Value: 0.000000
        Property 55
            Display Name: MaxDampStrengthZ
            Internal Name: MaxDampStrengthZ
            Type: Number
            Min Limit: 0.000000
            Max Limit: 100.000000
            Is Animatable: false
            Is Temporary: false
            Default Value: 0.000000
        Property 56
            Display Name: PreferedAngleX
            Internal Name: PreferedAngleX
            Type: Number
            Min Limit: 0.000000
            Max Limit: 100.000000
            Is Animatable: false
            Is Temporary: false
            Default Value: 0.000000
        Property 57
            Display Name: PreferedAngleY
            Internal Name: PreferedAngleY
            Type: Number
            Min Limit: 0.000000
            Max Limit: 100.000000
            Is Animatable: false
            Is Temporary: false
            Default Value: 0.000000
        Property 58
            Display Name: PreferedAngleZ
            Internal Name: PreferedAngleZ
            Type: Number
            Min Limit: 0.000000
            Max Limit: 100.000000
            Is Animatable: false
            Is Temporary: false
            Default Value: 0.000000
        Property 59
            Display Name: LookAtProperty
            Internal Name: LookAtProperty
            Type: object
            Min Limit: 0.000000
            Max Limit: 100.000000
            Is Animatable: false
            Is Temporary: false
            Default Value: UNIDENTIFIED
        Property 60
            Display Name: UpVectorProperty
            Internal Name: UpVectorProperty
            Type: object
            Min Limit: 0.000000
            Max Limit: 100.000000
            Is Animatable: false
            Is Temporary: false
            Default Value: UNIDENTIFIED
        Property 61
            Display Name: Show
            Internal Name: Show
            Type: Bool
            Min Limit: 0.000000
            Max Limit: 100.000000
            Is Animatable: false
            Is Temporary: false
            Default Value: true
        Property 62
            Display Name: NegativePercentShapeSupport
            Internal Name: NegativePercentShapeSupport
            Type: Bool
            Min Limit: 0.000000
            Max Limit: 100.000000
            Is Animatable: false
            Is Temporary: false
            Default Value: true
        Property 63
            Display Name: DefaultAttributeIndex
            Internal Name: DefaultAttributeIndex
            Type: Integer
            Min Limit: 0.000000
            Max Limit: 100.000000
            Is Animatable: false
            Is Temporary: false
            Default Value: 0
        Property 64
            Display Name: Lcl Translation
            Internal Name: Lcl Translation
            Type: Lcl Translation
            Min Limit: 0.000000
            Max Limit: 100.000000
            Is Animatable: true
            Is Temporary: false
            Default Value: X=0.000000, Y=0.000000, Z=100.000000
        Property 65
            Display Name: Lcl Rotation
            Internal Name: Lcl Rotation
            Type: Lcl Rotation
            Min Limit: 0.000000
            Max Limit: 100.000000
            Is Animatable: true
            Is Temporary: false
            Default Value: X=0.000000, Y=0.000000, Z=-0.000000
        Property 66
            Display Name: Lcl Scaling
            Internal Name: Lcl Scaling
            Type: Lcl Scaling
            Min Limit: 0.000000
            Max Limit: 100.000000
            Is Animatable: true
            Is Temporary: false
            Default Value: X=1.000000, Y=1.000000, Z=1.000000
        Property 67
            Display Name: Visibility
            Internal Name: Visibility
            Type: Visibility
            Min Limit: 0.000000
            Max Limit: 100.000000
            Is Animatable: true
            Is Temporary: false
            Default Value: 1.000000

back1

Name: back1
    Property Count: 68
        Property 0
            Display Name: QuaternionInterpolate
            Internal Name: QuaternionInterpolate
            Type: Bool
            Min Limit: 0.000000
            Max Limit: 100.000000
            Is Animatable: false
            Is Temporary: false
            Default Value: false
        Property 1
            Display Name: RotationOffset
            Internal Name: RotationOffset
            Type: Vector
            Min Limit: 0.000000
            Max Limit: 100.000000
            Is Animatable: false
            Is Temporary: false
            Default Value: X=0.000000, Y=0.000000, Z=0.000000
        Property 2
            Display Name: RotationPivot
            Internal Name: RotationPivot
            Type: Vector
            Min Limit: 0.000000
            Max Limit: 100.000000
            Is Animatable: false
            Is Temporary: false
            Default Value: X=101.092348, Y=-109.334512, Z=28.771988
        Property 3
            Display Name: ScalingOffset
            Internal Name: ScalingOffset
            Type: Vector
            Min Limit: 0.000000
            Max Limit: 100.000000
            Is Animatable: false
            Is Temporary: false
            Default Value: X=0.000000, Y=0.000000, Z=0.000000
        Property 4
            Display Name: ScalingPivot
            Internal Name: ScalingPivot
            Type: Vector
            Min Limit: 0.000000
            Max Limit: 100.000000
            Is Animatable: false
            Is Temporary: false
            Default Value: X=101.092348, Y=-109.334512, Z=28.771988
        Property 5
            Display Name: TranslationActive
            Internal Name: TranslationActive
            Type: Bool
            Min Limit: 0.000000
            Max Limit: 100.000000
            Is Animatable: false
            Is Temporary: false
            Default Value: false
        Property 6
            Display Name: TranslationMin
            Internal Name: TranslationMin
            Type: Vector
            Min Limit: 0.000000
            Max Limit: 100.000000
            Is Animatable: false
            Is Temporary: false
            Default Value: X=0.000000, Y=0.000000, Z=0.000000
        Property 7
            Display Name: TranslationMax
            Internal Name: TranslationMax
            Type: Vector
            Min Limit: 0.000000
            Max Limit: 100.000000
            Is Animatable: false
            Is Temporary: false
            Default Value: X=0.000000, Y=0.000000, Z=0.000000
        Property 8
            Display Name: TranslationMinX
            Internal Name: TranslationMinX
            Type: Bool
            Min Limit: 0.000000
            Max Limit: 100.000000
            Is Animatable: false
            Is Temporary: false
            Default Value: false
        Property 9
            Display Name: TranslationMinY
            Internal Name: TranslationMinY
            Type: Bool
            Min Limit: 0.000000
            Max Limit: 100.000000
            Is Animatable: false
            Is Temporary: false
            Default Value: false
        Property 10
            Display Name: TranslationMinZ
            Internal Name: TranslationMinZ
            Type: Bool
            Min Limit: 0.000000
            Max Limit: 100.000000
            Is Animatable: false
            Is Temporary: false
            Default Value: false
        Property 11
            Display Name: TranslationMaxX
            Internal Name: TranslationMaxX
            Type: Bool
            Min Limit: 0.000000
            Max Limit: 100.000000
            Is Animatable: false
            Is Temporary: false
            Default Value: false
        Property 12
            Display Name: TranslationMaxY
            Internal Name: TranslationMaxY
            Type: Bool
            Min Limit: 0.000000
            Max Limit: 100.000000
            Is Animatable: false
            Is Temporary: false
            Default Value: false
        Property 13
            Display Name: TranslationMaxZ
            Internal Name: TranslationMaxZ
            Type: Bool
            Min Limit: 0.000000
            Max Limit: 100.000000
            Is Animatable: false
            Is Temporary: false
            Default Value: false
        Property 14
            Display Name: RotationOrder
            Internal Name: RotationOrder
            Type: Enum
            Min Limit: 0.000000
            Max Limit: 100.000000
            Is Animatable: false
            Is Temporary: false
            Default Value: UNIDENTIFIED
        Property 15
            Display Name: RotationSpaceForLimitOnly
            Internal Name: RotationSpaceForLimitOnly
            Type: Bool
            Min Limit: 0.000000
            Max Limit: 100.000000
            Is Animatable: false
            Is Temporary: false
            Default Value: false
        Property 16
            Display Name: RotationStiffnessX
            Internal Name: RotationStiffnessX
            Type: Number
            Min Limit: 0.000000
            Max Limit: 100.000000
            Is Animatable: false
            Is Temporary: false
            Default Value: 0.000000
        Property 17
            Display Name: RotationStiffnessY
            Internal Name: RotationStiffnessY
            Type: Number
            Min Limit: 0.000000
            Max Limit: 100.000000
            Is Animatable: false
            Is Temporary: false
            Default Value: 0.000000
        Property 18
            Display Name: RotationStiffnessZ
            Internal Name: RotationStiffnessZ
            Type: Number
            Min Limit: 0.000000
            Max Limit: 100.000000
            Is Animatable: false
            Is Temporary: false
            Default Value: 0.000000
        Property 19
            Display Name: AxisLen
            Internal Name: AxisLen
            Type: Number
            Min Limit: 0.000000
            Max Limit: 100.000000
            Is Animatable: false
            Is Temporary: false
            Default Value: 10.000000
        Property 20
            Display Name: PreRotation
            Internal Name: PreRotation
            Type: Vector
            Min Limit: 0.000000
            Max Limit: 100.000000
            Is Animatable: false
            Is Temporary: false
            Default Value: X=0.000000, Y=0.000000, Z=0.000000
        Property 21
            Display Name: PostRotation
            Internal Name: PostRotation
            Type: Vector
            Min Limit: 0.000000
            Max Limit: 100.000000
            Is Animatable: false
            Is Temporary: false
            Default Value: X=0.000000, Y=-0.000000, Z=0.000000
        Property 22
            Display Name: RotationActive
            Internal Name: RotationActive
            Type: Bool
            Min Limit: 0.000000
            Max Limit: 100.000000
            Is Animatable: false
            Is Temporary: false
            Default Value: true
        Property 23
            Display Name: RotationMin
            Internal Name: RotationMin
            Type: Vector
            Min Limit: 0.000000
            Max Limit: 100.000000
            Is Animatable: false
            Is Temporary: false
            Default Value: X=0.000000, Y=0.000000, Z=0.000000
        Property 24
            Display Name: RotationMax
            Internal Name: RotationMax
            Type: Vector
            Min Limit: 0.000000
            Max Limit: 100.000000
            Is Animatable: false
            Is Temporary: false
            Default Value: X=0.000000, Y=0.000000, Z=0.000000
        Property 25
            Display Name: RotationMinX
            Internal Name: RotationMinX
            Type: Bool
            Min Limit: 0.000000
            Max Limit: 100.000000
            Is Animatable: false
            Is Temporary: false
            Default Value: false
        Property 26
            Display Name: RotationMinY
            Internal Name: RotationMinY
            Type: Bool
            Min Limit: 0.000000
            Max Limit: 100.000000
            Is Animatable: false
            Is Temporary: false
            Default Value: false
        Property 27
            Display Name: RotationMinZ
            Internal Name: RotationMinZ
            Type: Bool
            Min Limit: 0.000000
            Max Limit: 100.000000
            Is Animatable: false
            Is Temporary: false
            Default Value: false
        Property 28
            Display Name: RotationMaxX
            Internal Name: RotationMaxX
            Type: Bool
            Min Limit: 0.000000
            Max Limit: 100.000000
            Is Animatable: false
            Is Temporary: false
            Default Value: false
        Property 29
            Display Name: RotationMaxY
            Internal Name: RotationMaxY
            Type: Bool
            Min Limit: 0.000000
            Max Limit: 100.000000
            Is Animatable: false
            Is Temporary: false
            Default Value: false
        Property 30
            Display Name: RotationMaxZ
            Internal Name: RotationMaxZ
            Type: Bool
            Min Limit: 0.000000
            Max Limit: 100.000000
            Is Animatable: false
            Is Temporary: false
            Default Value: false
        Property 31
            Display Name: InheritType
            Internal Name: InheritType
            Type: Enum
            Min Limit: 0.000000
            Max Limit: 100.000000
            Is Animatable: false
            Is Temporary: false
            Default Value: UNIDENTIFIED
        Property 32
            Display Name: ScalingActive
            Internal Name: ScalingActive
            Type: Bool
            Min Limit: 0.000000
            Max Limit: 100.000000
            Is Animatable: false
            Is Temporary: false
            Default Value: false
        Property 33
            Display Name: ScalingMin
            Internal Name: ScalingMin
            Type: Vector
            Min Limit: 0.000000
            Max Limit: 100.000000
            Is Animatable: false
            Is Temporary: false
            Default Value: X=0.000000, Y=0.000000, Z=0.000000
        Property 34
            Display Name: ScalingMax
            Internal Name: ScalingMax
            Type: Vector
            Min Limit: 0.000000
            Max Limit: 100.000000
            Is Animatable: false
            Is Temporary: false
            Default Value: X=0.000000, Y=0.000000, Z=0.000000
        Property 35
            Display Name: ScalingMinX
            Internal Name: ScalingMinX
            Type: Bool
            Min Limit: 0.000000
            Max Limit: 100.000000
            Is Animatable: false
            Is Temporary: false
            Default Value: false
        Property 36
            Display Name: ScalingMinY
            Internal Name: ScalingMinY
            Type: Bool
            Min Limit: 0.000000
            Max Limit: 100.000000
            Is Animatable: false
            Is Temporary: false
            Default Value: false
        Property 37
            Display Name: ScalingMinZ
            Internal Name: ScalingMinZ
            Type: Bool
            Min Limit: 0.000000
            Max Limit: 100.000000
            Is Animatable: false
            Is Temporary: false
            Default Value: false
        Property 38
            Display Name: ScalingMaxX
            Internal Name: ScalingMaxX
            Type: Bool
            Min Limit: 0.000000
            Max Limit: 100.000000
            Is Animatable: false
            Is Temporary: false
            Default Value: false
        Property 39
            Display Name: ScalingMaxY
            Internal Name: ScalingMaxY
            Type: Bool
            Min Limit: 0.000000
            Max Limit: 100.000000
            Is Animatable: false
            Is Temporary: false
            Default Value: false
        Property 40
            Display Name: ScalingMaxZ
            Internal Name: ScalingMaxZ
            Type: Bool
            Min Limit: 0.000000
            Max Limit: 100.000000
            Is Animatable: false
            Is Temporary: false
            Default Value: false
        Property 41
            Display Name: GeometricTranslation
            Internal Name: GeometricTranslation
            Type: Vector
            Min Limit: 0.000000
            Max Limit: 100.000000
            Is Animatable: false
            Is Temporary: false
            Default Value: X=0.000000, Y=0.000000, Z=0.000000
        Property 42
            Display Name: GeometricRotation
            Internal Name: GeometricRotation
            Type: Vector
            Min Limit: 0.000000
            Max Limit: 100.000000
            Is Animatable: false
            Is Temporary: false
            Default Value: X=0.000000, Y=0.000000, Z=0.000000
        Property 43
            Display Name: GeometricScaling
            Internal Name: GeometricScaling
            Type: Vector
            Min Limit: 0.000000
            Max Limit: 100.000000
            Is Animatable: false
            Is Temporary: false
            Default Value: X=1.000000, Y=1.000000, Z=1.000000
        Property 44
            Display Name: MinDampRangeX
            Internal Name: MinDampRangeX
            Type: Number
            Min Limit: 0.000000
            Max Limit: 100.000000
            Is Animatable: false
            Is Temporary: false
            Default Value: 0.000000
        Property 45
            Display Name: MinDampRangeY
            Internal Name: MinDampRangeY
            Type: Number
            Min Limit: 0.000000
            Max Limit: 100.000000
            Is Animatable: false
            Is Temporary: false
            Default Value: 0.000000
        Property 46
            Display Name: MinDampRangeZ
            Internal Name: MinDampRangeZ
            Type: Number
            Min Limit: 0.000000
            Max Limit: 100.000000
            Is Animatable: false
            Is Temporary: false
            Default Value: 0.000000
        Property 47
            Display Name: MaxDampRangeX
            Internal Name: MaxDampRangeX
            Type: Number
            Min Limit: 0.000000
            Max Limit: 100.000000
            Is Animatable: false
            Is Temporary: false
            Default Value: 0.000000
        Property 48
            Display Name: MaxDampRangeY
            Internal Name: MaxDampRangeY
            Type: Number
            Min Limit: 0.000000
            Max Limit: 100.000000
            Is Animatable: false
            Is Temporary: false
            Default Value: 0.000000
        Property 49
            Display Name: MaxDampRangeZ
            Internal Name: MaxDampRangeZ
            Type: Number
            Min Limit: 0.000000
            Max Limit: 100.000000
            Is Animatable: false
            Is Temporary: false
            Default Value: 0.000000
        Property 50
            Display Name: MinDampStrengthX
            Internal Name: MinDampStrengthX
            Type: Number
            Min Limit: 0.000000
            Max Limit: 100.000000
            Is Animatable: false
            Is Temporary: false
            Default Value: 0.000000
        Property 51
            Display Name: MinDampStrengthY
            Internal Name: MinDampStrengthY
            Type: Number
            Min Limit: 0.000000
            Max Limit: 100.000000
            Is Animatable: false
            Is Temporary: false
            Default Value: 0.000000
        Property 52
            Display Name: MinDampStrengthZ
            Internal Name: MinDampStrengthZ
            Type: Number
            Min Limit: 0.000000
            Max Limit: 100.000000
            Is Animatable: false
            Is Temporary: false
            Default Value: 0.000000
        Property 53
            Display Name: MaxDampStrengthX
            Internal Name: MaxDampStrengthX
            Type: Number
            Min Limit: 0.000000
            Max Limit: 100.000000
            Is Animatable: false
            Is Temporary: false
            Default Value: 0.000000
        Property 54
            Display Name: MaxDampStrengthY
            Internal Name: MaxDampStrengthY
            Type: Number
            Min Limit: 0.000000
            Max Limit: 100.000000
            Is Animatable: false
            Is Temporary: false
            Default Value: 0.000000
        Property 55
            Display Name: MaxDampStrengthZ
            Internal Name: MaxDampStrengthZ
            Type: Number
            Min Limit: 0.000000
            Max Limit: 100.000000
            Is Animatable: false
            Is Temporary: false
            Default Value: 0.000000
        Property 56
            Display Name: PreferedAngleX
            Internal Name: PreferedAngleX
            Type: Number
            Min Limit: 0.000000
            Max Limit: 100.000000
            Is Animatable: false
            Is Temporary: false
            Default Value: 0.000000
        Property 57
            Display Name: PreferedAngleY
            Internal Name: PreferedAngleY
            Type: Number
            Min Limit: 0.000000
            Max Limit: 100.000000
            Is Animatable: false
            Is Temporary: false
            Default Value: 0.000000
        Property 58
            Display Name: PreferedAngleZ
            Internal Name: PreferedAngleZ
            Type: Number
            Min Limit: 0.000000
            Max Limit: 100.000000
            Is Animatable: false
            Is Temporary: false
            Default Value: 0.000000
        Property 59
            Display Name: LookAtProperty
            Internal Name: LookAtProperty
            Type: object
            Min Limit: 0.000000
            Max Limit: 100.000000
            Is Animatable: false
            Is Temporary: false
            Default Value: UNIDENTIFIED
        Property 60
            Display Name: UpVectorProperty
            Internal Name: UpVectorProperty
            Type: object
            Min Limit: 0.000000
            Max Limit: 100.000000
            Is Animatable: false
            Is Temporary: false
            Default Value: UNIDENTIFIED
        Property 61
            Display Name: Show
            Internal Name: Show
            Type: Bool
            Min Limit: 0.000000
            Max Limit: 100.000000
            Is Animatable: false
            Is Temporary: false
            Default Value: true
        Property 62
            Display Name: NegativePercentShapeSupport
            Internal Name: NegativePercentShapeSupport
            Type: Bool
            Min Limit: 0.000000
            Max Limit: 100.000000
            Is Animatable: false
            Is Temporary: false
            Default Value: true
        Property 63
            Display Name: DefaultAttributeIndex
            Internal Name: DefaultAttributeIndex
            Type: Integer
            Min Limit: 0.000000
            Max Limit: 100.000000
            Is Animatable: false
            Is Temporary: false
            Default Value: 0
        Property 64
            Display Name: Lcl Translation
            Internal Name: Lcl Translation
            Type: Lcl Translation
            Min Limit: 0.000000
            Max Limit: 100.000000
            Is Animatable: true
            Is Temporary: false
            Default Value: X=-25.712679, Y=9.606935, Z=0.000000
        Property 65
            Display Name: Lcl Rotation
            Internal Name: Lcl Rotation
            Type: Lcl Rotation
            Min Limit: 0.000000
            Max Limit: 100.000000
            Is Animatable: true
            Is Temporary: false
            Default Value: X=0.000000, Y=0.000000, Z=0.000000
        Property 66
            Display Name: Lcl Scaling
            Internal Name: Lcl Scaling
            Type: Lcl Scaling
            Min Limit: 0.000000
            Max Limit: 100.000000
            Is Animatable: true
            Is Temporary: false
            Default Value: X=1.000000, Y=1.000000, Z=1.000000
        Property 67
            Display Name: Visibility
            Internal Name: Visibility
            Type: Visibility
            Min Limit: 0.000000
            Max Limit: 100.000000
            Is Animatable: true
            Is Temporary: false
            Default Value: 1.000000

add_light

Name: add_light
    Property Count: 68
        Property 0
            Display Name: QuaternionInterpolate
            Internal Name: QuaternionInterpolate
            Type: Bool
            Min Limit: 0.000000
            Max Limit: 100.000000
            Is Animatable: false
            Is Temporary: false
            Default Value: false
        Property 1
            Display Name: RotationOffset
            Internal Name: RotationOffset
            Type: Vector
            Min Limit: 0.000000
            Max Limit: 100.000000
            Is Animatable: false
            Is Temporary: false
            Default Value: X=0.000000, Y=0.000000, Z=0.000000
        Property 2
            Display Name: RotationPivot
            Internal Name: RotationPivot
            Type: Vector
            Min Limit: 0.000000
            Max Limit: 100.000000
            Is Animatable: false
            Is Temporary: false
            Default Value: X=0.000000, Y=0.000000, Z=90.603308
        Property 3
            Display Name: ScalingOffset
            Internal Name: ScalingOffset
            Type: Vector
            Min Limit: 0.000000
            Max Limit: 100.000000
            Is Animatable: false
            Is Temporary: false
            Default Value: X=0.000000, Y=0.000000, Z=0.000000
        Property 4
            Display Name: ScalingPivot
            Internal Name: ScalingPivot
            Type: Vector
            Min Limit: 0.000000
            Max Limit: 100.000000
            Is Animatable: false
            Is Temporary: false
            Default Value: X=0.000000, Y=0.000000, Z=90.603308
        Property 5
            Display Name: TranslationActive
            Internal Name: TranslationActive
            Type: Bool
            Min Limit: 0.000000
            Max Limit: 100.000000
            Is Animatable: false
            Is Temporary: false
            Default Value: false
        Property 6
            Display Name: TranslationMin
            Internal Name: TranslationMin
            Type: Vector
            Min Limit: 0.000000
            Max Limit: 100.000000
            Is Animatable: false
            Is Temporary: false
            Default Value: X=0.000000, Y=0.000000, Z=0.000000
        Property 7
            Display Name: TranslationMax
            Internal Name: TranslationMax
            Type: Vector
            Min Limit: 0.000000
            Max Limit: 100.000000
            Is Animatable: false
            Is Temporary: false
            Default Value: X=0.000000, Y=0.000000, Z=0.000000
        Property 8
            Display Name: TranslationMinX
            Internal Name: TranslationMinX
            Type: Bool
            Min Limit: 0.000000
            Max Limit: 100.000000
            Is Animatable: false
            Is Temporary: false
            Default Value: false
        Property 9
            Display Name: TranslationMinY
            Internal Name: TranslationMinY
            Type: Bool
            Min Limit: 0.000000
            Max Limit: 100.000000
            Is Animatable: false
            Is Temporary: false
            Default Value: false
        Property 10
            Display Name: TranslationMinZ
            Internal Name: TranslationMinZ
            Type: Bool
            Min Limit: 0.000000
            Max Limit: 100.000000
            Is Animatable: false
            Is Temporary: false
            Default Value: false
        Property 11
            Display Name: TranslationMaxX
            Internal Name: TranslationMaxX
            Type: Bool
            Min Limit: 0.000000
            Max Limit: 100.000000
            Is Animatable: false
            Is Temporary: false
            Default Value: false
        Property 12
            Display Name: TranslationMaxY
            Internal Name: TranslationMaxY
            Type: Bool
            Min Limit: 0.000000
            Max Limit: 100.000000
            Is Animatable: false
            Is Temporary: false
            Default Value: false
        Property 13
            Display Name: TranslationMaxZ
            Internal Name: TranslationMaxZ
            Type: Bool
            Min Limit: 0.000000
            Max Limit: 100.000000
            Is Animatable: false
            Is Temporary: false
            Default Value: false
        Property 14
            Display Name: RotationOrder
            Internal Name: RotationOrder
            Type: Enum
            Min Limit: 0.000000
            Max Limit: 100.000000
            Is Animatable: false
            Is Temporary: false
            Default Value: UNIDENTIFIED
        Property 15
            Display Name: RotationSpaceForLimitOnly
            Internal Name: RotationSpaceForLimitOnly
            Type: Bool
            Min Limit: 0.000000
            Max Limit: 100.000000
            Is Animatable: false
            Is Temporary: false
            Default Value: false
        Property 16
            Display Name: RotationStiffnessX
            Internal Name: RotationStiffnessX
            Type: Number
            Min Limit: 0.000000
            Max Limit: 100.000000
            Is Animatable: false
            Is Temporary: false
            Default Value: 0.000000
        Property 17
            Display Name: RotationStiffnessY
            Internal Name: RotationStiffnessY
            Type: Number
            Min Limit: 0.000000
            Max Limit: 100.000000
            Is Animatable: false
            Is Temporary: false
            Default Value: 0.000000
        Property 18
            Display Name: RotationStiffnessZ
            Internal Name: RotationStiffnessZ
            Type: Number
            Min Limit: 0.000000
            Max Limit: 100.000000
            Is Animatable: false
            Is Temporary: false
            Default Value: 0.000000
        Property 19
            Display Name: AxisLen
            Internal Name: AxisLen
            Type: Number
            Min Limit: 0.000000
            Max Limit: 100.000000
            Is Animatable: false
            Is Temporary: false
            Default Value: 10.000000
        Property 20
            Display Name: PreRotation
            Internal Name: PreRotation
            Type: Vector
            Min Limit: 0.000000
            Max Limit: 100.000000
            Is Animatable: false
            Is Temporary: false
            Default Value: X=0.000000, Y=0.000000, Z=0.000000
        Property 21
            Display Name: PostRotation
            Internal Name: PostRotation
            Type: Vector
            Min Limit: 0.000000
            Max Limit: 100.000000
            Is Animatable: false
            Is Temporary: false
            Default Value: X=-0.000000, Y=-0.000000, Z=-0.000000
        Property 22
            Display Name: RotationActive
            Internal Name: RotationActive
            Type: Bool
            Min Limit: 0.000000
            Max Limit: 100.000000
            Is Animatable: false
            Is Temporary: false
            Default Value: true
        Property 23
            Display Name: RotationMin
            Internal Name: RotationMin
            Type: Vector
            Min Limit: 0.000000
            Max Limit: 100.000000
            Is Animatable: false
            Is Temporary: false
            Default Value: X=0.000000, Y=0.000000, Z=0.000000
        Property 24
            Display Name: RotationMax
            Internal Name: RotationMax
            Type: Vector
            Min Limit: 0.000000
            Max Limit: 100.000000
            Is Animatable: false
            Is Temporary: false
            Default Value: X=0.000000, Y=0.000000, Z=0.000000
        Property 25
            Display Name: RotationMinX
            Internal Name: RotationMinX
            Type: Bool
            Min Limit: 0.000000
            Max Limit: 100.000000
            Is Animatable: false
            Is Temporary: false
            Default Value: false
        Property 26
            Display Name: RotationMinY
            Internal Name: RotationMinY
            Type: Bool
            Min Limit: 0.000000
            Max Limit: 100.000000
            Is Animatable: false
            Is Temporary: false
            Default Value: false
        Property 27
            Display Name: RotationMinZ
            Internal Name: RotationMinZ
            Type: Bool
            Min Limit: 0.000000
            Max Limit: 100.000000
            Is Animatable: false
            Is Temporary: false
            Default Value: false
        Property 28
            Display Name: RotationMaxX
            Internal Name: RotationMaxX
            Type: Bool
            Min Limit: 0.000000
            Max Limit: 100.000000
            Is Animatable: false
            Is Temporary: false
            Default Value: false
        Property 29
            Display Name: RotationMaxY
            Internal Name: RotationMaxY
            Type: Bool
            Min Limit: 0.000000
            Max Limit: 100.000000
            Is Animatable: false
            Is Temporary: false
            Default Value: false
        Property 30
            Display Name: RotationMaxZ
            Internal Name: RotationMaxZ
            Type: Bool
            Min Limit: 0.000000
            Max Limit: 100.000000
            Is Animatable: false
            Is Temporary: false
            Default Value: false
        Property 31
            Display Name: InheritType
            Internal Name: InheritType
            Type: Enum
            Min Limit: 0.000000
            Max Limit: 100.000000
            Is Animatable: false
            Is Temporary: false
            Default Value: UNIDENTIFIED
        Property 32
            Display Name: ScalingActive
            Internal Name: ScalingActive
            Type: Bool
            Min Limit: 0.000000
            Max Limit: 100.000000
            Is Animatable: false
            Is Temporary: false
            Default Value: false
        Property 33
            Display Name: ScalingMin
            Internal Name: ScalingMin
            Type: Vector
            Min Limit: 0.000000
            Max Limit: 100.000000
            Is Animatable: false
            Is Temporary: false
            Default Value: X=0.000000, Y=0.000000, Z=0.000000
        Property 34
            Display Name: ScalingMax
            Internal Name: ScalingMax
            Type: Vector
            Min Limit: 0.000000
            Max Limit: 100.000000
            Is Animatable: false
            Is Temporary: false
            Default Value: X=0.000000, Y=0.000000, Z=0.000000
        Property 35
            Display Name: ScalingMinX
            Internal Name: ScalingMinX
            Type: Bool
            Min Limit: 0.000000
            Max Limit: 100.000000
            Is Animatable: false
            Is Temporary: false
            Default Value: false
        Property 36
            Display Name: ScalingMinY
            Internal Name: ScalingMinY
            Type: Bool
            Min Limit: 0.000000
            Max Limit: 100.000000
            Is Animatable: false
            Is Temporary: false
            Default Value: false
        Property 37
            Display Name: ScalingMinZ
            Internal Name: ScalingMinZ
            Type: Bool
            Min Limit: 0.000000
            Max Limit: 100.000000
            Is Animatable: false
            Is Temporary: false
            Default Value: false
        Property 38
            Display Name: ScalingMaxX
            Internal Name: ScalingMaxX
            Type: Bool
            Min Limit: 0.000000
            Max Limit: 100.000000
            Is Animatable: false
            Is Temporary: false
            Default Value: false
        Property 39
            Display Name: ScalingMaxY
            Internal Name: ScalingMaxY
            Type: Bool
            Min Limit: 0.000000
            Max Limit: 100.000000
            Is Animatable: false
            Is Temporary: false
            Default Value: false
        Property 40
            Display Name: ScalingMaxZ
            Internal Name: ScalingMaxZ
            Type: Bool
            Min Limit: 0.000000
            Max Limit: 100.000000
            Is Animatable: false
            Is Temporary: false
            Default Value: false
        Property 41
            Display Name: GeometricTranslation
            Internal Name: GeometricTranslation
            Type: Vector
            Min Limit: 0.000000
            Max Limit: 100.000000
            Is Animatable: false
            Is Temporary: false
            Default Value: X=0.000000, Y=0.000000, Z=0.000000
        Property 42
            Display Name: GeometricRotation
            Internal Name: GeometricRotation
            Type: Vector
            Min Limit: 0.000000
            Max Limit: 100.000000
            Is Animatable: false
            Is Temporary: false
            Default Value: X=0.000000, Y=0.000000, Z=0.000000
        Property 43
            Display Name: GeometricScaling
            Internal Name: GeometricScaling
            Type: Vector
            Min Limit: 0.000000
            Max Limit: 100.000000
            Is Animatable: false
            Is Temporary: false
            Default Value: X=1.000000, Y=1.000000, Z=1.000000
        Property 44
            Display Name: MinDampRangeX
            Internal Name: MinDampRangeX
            Type: Number
            Min Limit: 0.000000
            Max Limit: 100.000000
            Is Animatable: false
            Is Temporary: false
            Default Value: 0.000000
        Property 45
            Display Name: MinDampRangeY
            Internal Name: MinDampRangeY
            Type: Number
            Min Limit: 0.000000
            Max Limit: 100.000000
            Is Animatable: false
            Is Temporary: false
            Default Value: 0.000000
        Property 46
            Display Name: MinDampRangeZ
            Internal Name: MinDampRangeZ
            Type: Number
            Min Limit: 0.000000
            Max Limit: 100.000000
            Is Animatable: false
            Is Temporary: false
            Default Value: 0.000000
        Property 47
            Display Name: MaxDampRangeX
            Internal Name: MaxDampRangeX
            Type: Number
            Min Limit: 0.000000
            Max Limit: 100.000000
            Is Animatable: false
            Is Temporary: false
            Default Value: 0.000000
        Property 48
            Display Name: MaxDampRangeY
            Internal Name: MaxDampRangeY
            Type: Number
            Min Limit: 0.000000
            Max Limit: 100.000000
            Is Animatable: false
            Is Temporary: false
            Default Value: 0.000000
        Property 49
            Display Name: MaxDampRangeZ
            Internal Name: MaxDampRangeZ
            Type: Number
            Min Limit: 0.000000
            Max Limit: 100.000000
            Is Animatable: false
            Is Temporary: false
            Default Value: 0.000000
        Property 50
            Display Name: MinDampStrengthX
            Internal Name: MinDampStrengthX
            Type: Number
            Min Limit: 0.000000
            Max Limit: 100.000000
            Is Animatable: false
            Is Temporary: false
            Default Value: 0.000000
        Property 51
            Display Name: MinDampStrengthY
            Internal Name: MinDampStrengthY
            Type: Number
            Min Limit: 0.000000
            Max Limit: 100.000000
            Is Animatable: false
            Is Temporary: false
            Default Value: 0.000000
        Property 52
            Display Name: MinDampStrengthZ
            Internal Name: MinDampStrengthZ
            Type: Number
            Min Limit: 0.000000
            Max Limit: 100.000000
            Is Animatable: false
            Is Temporary: false
            Default Value: 0.000000
        Property 53
            Display Name: MaxDampStrengthX
            Internal Name: MaxDampStrengthX
            Type: Number
            Min Limit: 0.000000
            Max Limit: 100.000000
            Is Animatable: false
            Is Temporary: false
            Default Value: 0.000000
        Property 54
            Display Name: MaxDampStrengthY
            Internal Name: MaxDampStrengthY
            Type: Number
            Min Limit: 0.000000
            Max Limit: 100.000000
            Is Animatable: false
            Is Temporary: false
            Default Value: 0.000000
        Property 55
            Display Name: MaxDampStrengthZ
            Internal Name: MaxDampStrengthZ
            Type: Number
            Min Limit: 0.000000
            Max Limit: 100.000000
            Is Animatable: false
            Is Temporary: false
            Default Value: 0.000000
        Property 56
            Display Name: PreferedAngleX
            Internal Name: PreferedAngleX
            Type: Number
            Min Limit: 0.000000
            Max Limit: 100.000000
            Is Animatable: false
            Is Temporary: false
            Default Value: 0.000000
        Property 57
            Display Name: PreferedAngleY
            Internal Name: PreferedAngleY
            Type: Number
            Min Limit: 0.000000
            Max Limit: 100.000000
            Is Animatable: false
            Is Temporary: false
            Default Value: 0.000000
        Property 58
            Display Name: PreferedAngleZ
            Internal Name: PreferedAngleZ
            Type: Number
            Min Limit: 0.000000
            Max Limit: 100.000000
            Is Animatable: false
            Is Temporary: false
            Default Value: 0.000000
        Property 59
            Display Name: LookAtProperty
            Internal Name: LookAtProperty
            Type: object
            Min Limit: 0.000000
            Max Limit: 100.000000
            Is Animatable: false
            Is Temporary: false
            Default Value: UNIDENTIFIED
        Property 60
            Display Name: UpVectorProperty
            Internal Name: UpVectorProperty
            Type: object
            Min Limit: 0.000000
            Max Limit: 100.000000
            Is Animatable: false
            Is Temporary: false
            Default Value: UNIDENTIFIED
        Property 61
            Display Name: Show
            Internal Name: Show
            Type: Bool
            Min Limit: 0.000000
            Max Limit: 100.000000
            Is Animatable: false
            Is Temporary: false
            Default Value: false
        Property 62
            Display Name: NegativePercentShapeSupport
            Internal Name: NegativePercentShapeSupport
            Type: Bool
            Min Limit: 0.000000
            Max Limit: 100.000000
            Is Animatable: false
            Is Temporary: false
            Default Value: true
        Property 63
            Display Name: DefaultAttributeIndex
            Internal Name: DefaultAttributeIndex
            Type: Integer
            Min Limit: 0.000000
            Max Limit: 100.000000
            Is Animatable: false
            Is Temporary: false
            Default Value: 0
        Property 64
            Display Name: Lcl Translation
            Internal Name: Lcl Translation
            Type: Lcl Translation
            Min Limit: 0.000000
            Max Limit: 100.000000
            Is Animatable: true
            Is Temporary: false
            Default Value: X=0.000000, Y=0.000000, Z=0.000000
        Property 65
            Display Name: Lcl Rotation
            Internal Name: Lcl Rotation
            Type: Lcl Rotation
            Min Limit: 0.000000
            Max Limit: 100.000000
            Is Animatable: true
            Is Temporary: false
            Default Value: X=0.000000, Y=0.000000, Z=0.000000
        Property 66
            Display Name: Lcl Scaling
            Internal Name: Lcl Scaling
            Type: Lcl Scaling
            Min Limit: 0.000000
            Max Limit: 100.000000
            Is Animatable: true
            Is Temporary: false
            Default Value: X=1.000000, Y=1.000000, Z=1.000000
        Property 67
            Display Name: Visibility
            Internal Name: Visibility
            Type: Visibility
            Min Limit: 0.000000
            Max Limit: 100.000000
            Is Animatable: true
            Is Temporary: false
            Default Value: 0.000000

back2

Name: back2
    Property Count: 68
        Property 0
            Display Name: QuaternionInterpolate
            Internal Name: QuaternionInterpolate
            Type: Bool
            Min Limit: 0.000000
            Max Limit: 100.000000
            Is Animatable: false
            Is Temporary: false
            Default Value: false
        Property 1
            Display Name: RotationOffset
            Internal Name: RotationOffset
            Type: Vector
            Min Limit: 0.000000
            Max Limit: 100.000000
            Is Animatable: false
            Is Temporary: false
            Default Value: X=0.000000, Y=0.000000, Z=0.000000
        Property 2
            Display Name: RotationPivot
            Internal Name: RotationPivot
            Type: Vector
            Min Limit: 0.000000
            Max Limit: 100.000000
            Is Animatable: false
            Is Temporary: false
            Default Value: X=82.169786, Y=-89.833404, Z=58.422284
        Property 3
            Display Name: ScalingOffset
            Internal Name: ScalingOffset
            Type: Vector
            Min Limit: 0.000000
            Max Limit: 100.000000
            Is Animatable: false
            Is Temporary: false
            Default Value: X=0.000000, Y=0.000000, Z=0.000000
        Property 4
            Display Name: ScalingPivot
            Internal Name: ScalingPivot
            Type: Vector
            Min Limit: 0.000000
            Max Limit: 100.000000
            Is Animatable: false
            Is Temporary: false
            Default Value: X=82.169786, Y=-89.833404, Z=58.422284
        Property 5
            Display Name: TranslationActive
            Internal Name: TranslationActive
            Type: Bool
            Min Limit: 0.000000
            Max Limit: 100.000000
            Is Animatable: false
            Is Temporary: false
            Default Value: false
        Property 6
            Display Name: TranslationMin
            Internal Name: TranslationMin
            Type: Vector
            Min Limit: 0.000000
            Max Limit: 100.000000
            Is Animatable: false
            Is Temporary: false
            Default Value: X=0.000000, Y=0.000000, Z=0.000000
        Property 7
            Display Name: TranslationMax
            Internal Name: TranslationMax
            Type: Vector
            Min Limit: 0.000000
            Max Limit: 100.000000
            Is Animatable: false
            Is Temporary: false
            Default Value: X=0.000000, Y=0.000000, Z=0.000000
        Property 8
            Display Name: TranslationMinX
            Internal Name: TranslationMinX
            Type: Bool
            Min Limit: 0.000000
            Max Limit: 100.000000
            Is Animatable: false
            Is Temporary: false
            Default Value: false
        Property 9
            Display Name: TranslationMinY
            Internal Name: TranslationMinY
            Type: Bool
            Min Limit: 0.000000
            Max Limit: 100.000000
            Is Animatable: false
            Is Temporary: false
            Default Value: false
        Property 10
            Display Name: TranslationMinZ
            Internal Name: TranslationMinZ
            Type: Bool
            Min Limit: 0.000000
            Max Limit: 100.000000
            Is Animatable: false
            Is Temporary: false
            Default Value: false
        Property 11
            Display Name: TranslationMaxX
            Internal Name: TranslationMaxX
            Type: Bool
            Min Limit: 0.000000
            Max Limit: 100.000000
            Is Animatable: false
            Is Temporary: false
            Default Value: false
        Property 12
            Display Name: TranslationMaxY
            Internal Name: TranslationMaxY
            Type: Bool
            Min Limit: 0.000000
            Max Limit: 100.000000
            Is Animatable: false
            Is Temporary: false
            Default Value: false
        Property 13
            Display Name: TranslationMaxZ
            Internal Name: TranslationMaxZ
            Type: Bool
            Min Limit: 0.000000
            Max Limit: 100.000000
            Is Animatable: false
            Is Temporary: false
            Default Value: false
        Property 14
            Display Name: RotationOrder
            Internal Name: RotationOrder
            Type: Enum
            Min Limit: 0.000000
            Max Limit: 100.000000
            Is Animatable: false
            Is Temporary: false
            Default Value: UNIDENTIFIED
        Property 15
            Display Name: RotationSpaceForLimitOnly
            Internal Name: RotationSpaceForLimitOnly
            Type: Bool
            Min Limit: 0.000000
            Max Limit: 100.000000
            Is Animatable: false
            Is Temporary: false
            Default Value: false
        Property 16
            Display Name: RotationStiffnessX
            Internal Name: RotationStiffnessX
            Type: Number
            Min Limit: 0.000000
            Max Limit: 100.000000
            Is Animatable: false
            Is Temporary: false
            Default Value: 0.000000
        Property 17
            Display Name: RotationStiffnessY
            Internal Name: RotationStiffnessY
            Type: Number
            Min Limit: 0.000000
            Max Limit: 100.000000
            Is Animatable: false
            Is Temporary: false
            Default Value: 0.000000
        Property 18
            Display Name: RotationStiffnessZ
            Internal Name: RotationStiffnessZ
            Type: Number
            Min Limit: 0.000000
            Max Limit: 100.000000
            Is Animatable: false
            Is Temporary: false
            Default Value: 0.000000
        Property 19
            Display Name: AxisLen
            Internal Name: AxisLen
            Type: Number
            Min Limit: 0.000000
            Max Limit: 100.000000
            Is Animatable: false
            Is Temporary: false
            Default Value: 10.000000
        Property 20
            Display Name: PreRotation
            Internal Name: PreRotation
            Type: Vector
            Min Limit: 0.000000
            Max Limit: 100.000000
            Is Animatable: false
            Is Temporary: false
            Default Value: X=0.000000, Y=0.000000, Z=0.000000
        Property 21
            Display Name: PostRotation
            Internal Name: PostRotation
            Type: Vector
            Min Limit: 0.000000
            Max Limit: 100.000000
            Is Animatable: false
            Is Temporary: false
            Default Value: X=0.000000, Y=-0.000000, Z=0.000000
        Property 22
            Display Name: RotationActive
            Internal Name: RotationActive
            Type: Bool
            Min Limit: 0.000000
            Max Limit: 100.000000
            Is Animatable: false
            Is Temporary: false
            Default Value: true
        Property 23
            Display Name: RotationMin
            Internal Name: RotationMin
            Type: Vector
            Min Limit: 0.000000
            Max Limit: 100.000000
            Is Animatable: false
            Is Temporary: false
            Default Value: X=0.000000, Y=0.000000, Z=0.000000
        Property 24
            Display Name: RotationMax
            Internal Name: RotationMax
            Type: Vector
            Min Limit: 0.000000
            Max Limit: 100.000000
            Is Animatable: false
            Is Temporary: false
            Default Value: X=0.000000, Y=0.000000, Z=0.000000
        Property 25
            Display Name: RotationMinX
            Internal Name: RotationMinX
            Type: Bool
            Min Limit: 0.000000
            Max Limit: 100.000000
            Is Animatable: false
            Is Temporary: false
            Default Value: false
        Property 26
            Display Name: RotationMinY
            Internal Name: RotationMinY
            Type: Bool
            Min Limit: 0.000000
            Max Limit: 100.000000
            Is Animatable: false
            Is Temporary: false
            Default Value: false
        Property 27
            Display Name: RotationMinZ
            Internal Name: RotationMinZ
            Type: Bool
            Min Limit: 0.000000
            Max Limit: 100.000000
            Is Animatable: false
            Is Temporary: false
            Default Value: false
        Property 28
            Display Name: RotationMaxX
            Internal Name: RotationMaxX
            Type: Bool
            Min Limit: 0.000000
            Max Limit: 100.000000
            Is Animatable: false
            Is Temporary: false
            Default Value: false
        Property 29
            Display Name: RotationMaxY
            Internal Name: RotationMaxY
            Type: Bool
            Min Limit: 0.000000
            Max Limit: 100.000000
            Is Animatable: false
            Is Temporary: false
            Default Value: false
        Property 30
            Display Name: RotationMaxZ
            Internal Name: RotationMaxZ
            Type: Bool
            Min Limit: 0.000000
            Max Limit: 100.000000
            Is Animatable: false
            Is Temporary: false
            Default Value: false
        Property 31
            Display Name: InheritType
            Internal Name: InheritType
            Type: Enum
            Min Limit: 0.000000
            Max Limit: 100.000000
            Is Animatable: false
            Is Temporary: false
            Default Value: UNIDENTIFIED
        Property 32
            Display Name: ScalingActive
            Internal Name: ScalingActive
            Type: Bool
            Min Limit: 0.000000
            Max Limit: 100.000000
            Is Animatable: false
            Is Temporary: false
            Default Value: false
        Property 33
            Display Name: ScalingMin
            Internal Name: ScalingMin
            Type: Vector
            Min Limit: 0.000000
            Max Limit: 100.000000
            Is Animatable: false
            Is Temporary: false
            Default Value: X=0.000000, Y=0.000000, Z=0.000000
        Property 34
            Display Name: ScalingMax
            Internal Name: ScalingMax
            Type: Vector
            Min Limit: 0.000000
            Max Limit: 100.000000
            Is Animatable: false
            Is Temporary: false
            Default Value: X=0.000000, Y=0.000000, Z=0.000000
        Property 35
            Display Name: ScalingMinX
            Internal Name: ScalingMinX
            Type: Bool
            Min Limit: 0.000000
            Max Limit: 100.000000
            Is Animatable: false
            Is Temporary: false
            Default Value: false
        Property 36
            Display Name: ScalingMinY
            Internal Name: ScalingMinY
            Type: Bool
            Min Limit: 0.000000
            Max Limit: 100.000000
            Is Animatable: false
            Is Temporary: false
            Default Value: false
        Property 37
            Display Name: ScalingMinZ
            Internal Name: ScalingMinZ
            Type: Bool
            Min Limit: 0.000000
            Max Limit: 100.000000
            Is Animatable: false
            Is Temporary: false
            Default Value: false
        Property 38
            Display Name: ScalingMaxX
            Internal Name: ScalingMaxX
            Type: Bool
            Min Limit: 0.000000
            Max Limit: 100.000000
            Is Animatable: false
            Is Temporary: false
            Default Value: false
        Property 39
            Display Name: ScalingMaxY
            Internal Name: ScalingMaxY
            Type: Bool
            Min Limit: 0.000000
            Max Limit: 100.000000
            Is Animatable: false
            Is Temporary: false
            Default Value: false
        Property 40
            Display Name: ScalingMaxZ
            Internal Name: ScalingMaxZ
            Type: Bool
            Min Limit: 0.000000
            Max Limit: 100.000000
            Is Animatable: false
            Is Temporary: false
            Default Value: false
        Property 41
            Display Name: GeometricTranslation
            Internal Name: GeometricTranslation
            Type: Vector
            Min Limit: 0.000000
            Max Limit: 100.000000
            Is Animatable: false
            Is Temporary: false
            Default Value: X=0.000000, Y=0.000000, Z=0.000000
        Property 42
            Display Name: GeometricRotation
            Internal Name: GeometricRotation
            Type: Vector
            Min Limit: 0.000000
            Max Limit: 100.000000
            Is Animatable: false
            Is Temporary: false
            Default Value: X=0.000000, Y=0.000000, Z=0.000000
        Property 43
            Display Name: GeometricScaling
            Internal Name: GeometricScaling
            Type: Vector
            Min Limit: 0.000000
            Max Limit: 100.000000
            Is Animatable: false
            Is Temporary: false
            Default Value: X=1.000000, Y=1.000000, Z=1.000000
        Property 44
            Display Name: MinDampRangeX
            Internal Name: MinDampRangeX
            Type: Number
            Min Limit: 0.000000
            Max Limit: 100.000000
            Is Animatable: false
            Is Temporary: false
            Default Value: 0.000000
        Property 45
            Display Name: MinDampRangeY
            Internal Name: MinDampRangeY
            Type: Number
            Min Limit: 0.000000
            Max Limit: 100.000000
            Is Animatable: false
            Is Temporary: false
            Default Value: 0.000000
        Property 46
            Display Name: MinDampRangeZ
            Internal Name: MinDampRangeZ
            Type: Number
            Min Limit: 0.000000
            Max Limit: 100.000000
            Is Animatable: false
            Is Temporary: false
            Default Value: 0.000000
        Property 47
            Display Name: MaxDampRangeX
            Internal Name: MaxDampRangeX
            Type: Number
            Min Limit: 0.000000
            Max Limit: 100.000000
            Is Animatable: false
            Is Temporary: false
            Default Value: 0.000000
        Property 48
            Display Name: MaxDampRangeY
            Internal Name: MaxDampRangeY
            Type: Number
            Min Limit: 0.000000
            Max Limit: 100.000000
            Is Animatable: false
            Is Temporary: false
            Default Value: 0.000000
        Property 49
            Display Name: MaxDampRangeZ
            Internal Name: MaxDampRangeZ
            Type: Number
            Min Limit: 0.000000
            Max Limit: 100.000000
            Is Animatable: false
            Is Temporary: false
            Default Value: 0.000000
        Property 50
            Display Name: MinDampStrengthX
            Internal Name: MinDampStrengthX
            Type: Number
            Min Limit: 0.000000
            Max Limit: 100.000000
            Is Animatable: false
            Is Temporary: false
            Default Value: 0.000000
        Property 51
            Display Name: MinDampStrengthY
            Internal Name: MinDampStrengthY
            Type: Number
            Min Limit: 0.000000
            Max Limit: 100.000000
            Is Animatable: false
            Is Temporary: false
            Default Value: 0.000000
        Property 52
            Display Name: MinDampStrengthZ
            Internal Name: MinDampStrengthZ
            Type: Number
            Min Limit: 0.000000
            Max Limit: 100.000000
            Is Animatable: false
            Is Temporary: false
            Default Value: 0.000000
        Property 53
            Display Name: MaxDampStrengthX
            Internal Name: MaxDampStrengthX
            Type: Number
            Min Limit: 0.000000
            Max Limit: 100.000000
            Is Animatable: false
            Is Temporary: false
            Default Value: 0.000000
        Property 54
            Display Name: MaxDampStrengthY
            Internal Name: MaxDampStrengthY
            Type: Number
            Min Limit: 0.000000
            Max Limit: 100.000000
            Is Animatable: false
            Is Temporary: false
            Default Value: 0.000000
        Property 55
            Display Name: MaxDampStrengthZ
            Internal Name: MaxDampStrengthZ
            Type: Number
            Min Limit: 0.000000
            Max Limit: 100.000000
            Is Animatable: false
            Is Temporary: false
            Default Value: 0.000000
        Property 56
            Display Name: PreferedAngleX
            Internal Name: PreferedAngleX
            Type: Number
            Min Limit: 0.000000
            Max Limit: 100.000000
            Is Animatable: false
            Is Temporary: false
            Default Value: 0.000000
        Property 57
            Display Name: PreferedAngleY
            Internal Name: PreferedAngleY
            Type: Number
            Min Limit: 0.000000
            Max Limit: 100.000000
            Is Animatable: false
            Is Temporary: false
            Default Value: 0.000000
        Property 58
            Display Name: PreferedAngleZ
            Internal Name: PreferedAngleZ
            Type: Number
            Min Limit: 0.000000
            Max Limit: 100.000000
            Is Animatable: false
            Is Temporary: false
            Default Value: 0.000000
        Property 59
            Display Name: LookAtProperty
            Internal Name: LookAtProperty
            Type: object
            Min Limit: 0.000000
            Max Limit: 100.000000
            Is Animatable: false
            Is Temporary: false
            Default Value: UNIDENTIFIED
        Property 60
            Display Name: UpVectorProperty
            Internal Name: UpVectorProperty
            Type: object
            Min Limit: 0.000000
            Max Limit: 100.000000
            Is Animatable: false
            Is Temporary: false
            Default Value: UNIDENTIFIED
        Property 61
            Display Name: Show
            Internal Name: Show
            Type: Bool
            Min Limit: 0.000000
            Max Limit: 100.000000
            Is Animatable: false
            Is Temporary: false
            Default Value: true
        Property 62
            Display Name: NegativePercentShapeSupport
            Internal Name: NegativePercentShapeSupport
            Type: Bool
            Min Limit: 0.000000
            Max Limit: 100.000000
            Is Animatable: false
            Is Temporary: false
            Default Value: true
        Property 63
            Display Name: DefaultAttributeIndex
            Internal Name: DefaultAttributeIndex
            Type: Integer
            Min Limit: 0.000000
            Max Limit: 100.000000
            Is Animatable: false
            Is Temporary: false
            Default Value: 0
        Property 64
            Display Name: Lcl Translation
            Internal Name: Lcl Translation
            Type: Lcl Translation
            Min Limit: 0.000000
            Max Limit: 100.000000
            Is Animatable: true
            Is Temporary: false
            Default Value: X=-27.592951, Y=9.657511, Z=0.000000
        Property 65
            Display Name: Lcl Rotation
            Internal Name: Lcl Rotation
            Type: Lcl Rotation
            Min Limit: 0.000000
            Max Limit: 100.000000
            Is Animatable: true
            Is Temporary: false
            Default Value: X=0.000000, Y=0.000000, Z=0.000000
        Property 66
            Display Name: Lcl Scaling
            Internal Name: Lcl Scaling
            Type: Lcl Scaling
            Min Limit: 0.000000
            Max Limit: 100.000000
            Is Animatable: true
            Is Temporary: false
            Default Value: X=1.000000, Y=1.000000, Z=1.000000
        Property 67
            Display Name: Visibility
            Internal Name: Visibility
            Type: Visibility
            Min Limit: 0.000000
            Max Limit: 100.000000
            Is Animatable: true
            Is Temporary: false
            Default Value: 1.000000

pPlane1

Name: pPlane1
    Property Count: 68
        Property 0
            Display Name: QuaternionInterpolate
            Internal Name: QuaternionInterpolate
            Type: Bool
            Min Limit: 0.000000
            Max Limit: 100.000000
            Is Animatable: false
            Is Temporary: false
            Default Value: false
        Property 1
            Display Name: RotationOffset
            Internal Name: RotationOffset
            Type: Vector
            Min Limit: 0.000000
            Max Limit: 100.000000
            Is Animatable: false
            Is Temporary: false
            Default Value: X=0.000000, Y=0.000000, Z=0.000000
        Property 2
            Display Name: RotationPivot
            Internal Name: RotationPivot
            Type: Vector
            Min Limit: 0.000000
            Max Limit: 100.000000
            Is Animatable: false
            Is Temporary: false
            Default Value: X=91.561643, Y=-92.320377, Z=75.450445
        Property 3
            Display Name: ScalingOffset
            Internal Name: ScalingOffset
            Type: Vector
            Min Limit: 0.000000
            Max Limit: 100.000000
            Is Animatable: false
            Is Temporary: false
            Default Value: X=0.000000, Y=0.000000, Z=0.000000
        Property 4
            Display Name: ScalingPivot
            Internal Name: ScalingPivot
            Type: Vector
            Min Limit: 0.000000
            Max Limit: 100.000000
            Is Animatable: false
            Is Temporary: false
            Default Value: X=91.561643, Y=-92.320377, Z=75.450445
        Property 5
            Display Name: TranslationActive
            Internal Name: TranslationActive
            Type: Bool
            Min Limit: 0.000000
            Max Limit: 100.000000
            Is Animatable: false
            Is Temporary: false
            Default Value: false
        Property 6
            Display Name: TranslationMin
            Internal Name: TranslationMin
            Type: Vector
            Min Limit: 0.000000
            Max Limit: 100.000000
            Is Animatable: false
            Is Temporary: false
            Default Value: X=0.000000, Y=0.000000, Z=0.000000
        Property 7
            Display Name: TranslationMax
            Internal Name: TranslationMax
            Type: Vector
            Min Limit: 0.000000
            Max Limit: 100.000000
            Is Animatable: false
            Is Temporary: false
            Default Value: X=0.000000, Y=0.000000, Z=0.000000
        Property 8
            Display Name: TranslationMinX
            Internal Name: TranslationMinX
            Type: Bool
            Min Limit: 0.000000
            Max Limit: 100.000000
            Is Animatable: false
            Is Temporary: false
            Default Value: false
        Property 9
            Display Name: TranslationMinY
            Internal Name: TranslationMinY
            Type: Bool
            Min Limit: 0.000000
            Max Limit: 100.000000
            Is Animatable: false
            Is Temporary: false
            Default Value: false
        Property 10
            Display Name: TranslationMinZ
            Internal Name: TranslationMinZ
            Type: Bool
            Min Limit: 0.000000
            Max Limit: 100.000000
            Is Animatable: false
            Is Temporary: false
            Default Value: false
        Property 11
            Display Name: TranslationMaxX
            Internal Name: TranslationMaxX
            Type: Bool
            Min Limit: 0.000000
            Max Limit: 100.000000
            Is Animatable: false
            Is Temporary: false
            Default Value: false
        Property 12
            Display Name: TranslationMaxY
            Internal Name: TranslationMaxY
            Type: Bool
            Min Limit: 0.000000
            Max Limit: 100.000000
            Is Animatable: false
            Is Temporary: false
            Default Value: false
        Property 13
            Display Name: TranslationMaxZ
            Internal Name: TranslationMaxZ
            Type: Bool
            Min Limit: 0.000000
            Max Limit: 100.000000
            Is Animatable: false
            Is Temporary: false
            Default Value: false
        Property 14
            Display Name: RotationOrder
            Internal Name: RotationOrder
            Type: Enum
            Min Limit: 0.000000
            Max Limit: 100.000000
            Is Animatable: false
            Is Temporary: false
            Default Value: UNIDENTIFIED
        Property 15
            Display Name: RotationSpaceForLimitOnly
            Internal Name: RotationSpaceForLimitOnly
            Type: Bool
            Min Limit: 0.000000
            Max Limit: 100.000000
            Is Animatable: false
            Is Temporary: false
            Default Value: false
        Property 16
            Display Name: RotationStiffnessX
            Internal Name: RotationStiffnessX
            Type: Number
            Min Limit: 0.000000
            Max Limit: 100.000000
            Is Animatable: false
            Is Temporary: false
            Default Value: 0.000000
        Property 17
            Display Name: RotationStiffnessY
            Internal Name: RotationStiffnessY
            Type: Number
            Min Limit: 0.000000
            Max Limit: 100.000000
            Is Animatable: false
            Is Temporary: false
            Default Value: 0.000000
        Property 18
            Display Name: RotationStiffnessZ
            Internal Name: RotationStiffnessZ
            Type: Number
            Min Limit: 0.000000
            Max Limit: 100.000000
            Is Animatable: false
            Is Temporary: false
            Default Value: 0.000000
        Property 19
            Display Name: AxisLen
            Internal Name: AxisLen
            Type: Number
            Min Limit: 0.000000
            Max Limit: 100.000000
            Is Animatable: false
            Is Temporary: false
            Default Value: 10.000000
        Property 20
            Display Name: PreRotation
            Internal Name: PreRotation
            Type: Vector
            Min Limit: 0.000000
            Max Limit: 100.000000
            Is Animatable: false
            Is Temporary: false
            Default Value: X=0.000000, Y=0.000000, Z=0.000000
        Property 21
            Display Name: PostRotation
            Internal Name: PostRotation
            Type: Vector
            Min Limit: 0.000000
            Max Limit: 100.000000
            Is Animatable: false
            Is Temporary: false
            Default Value: X=0.000000, Y=-0.000000, Z=0.000000
        Property 22
            Display Name: RotationActive
            Internal Name: RotationActive
            Type: Bool
            Min Limit: 0.000000
            Max Limit: 100.000000
            Is Animatable: false
            Is Temporary: false
            Default Value: true
        Property 23
            Display Name: RotationMin
            Internal Name: RotationMin
            Type: Vector
            Min Limit: 0.000000
            Max Limit: 100.000000
            Is Animatable: false
            Is Temporary: false
            Default Value: X=0.000000, Y=0.000000, Z=0.000000
        Property 24
            Display Name: RotationMax
            Internal Name: RotationMax
            Type: Vector
            Min Limit: 0.000000
            Max Limit: 100.000000
            Is Animatable: false
            Is Temporary: false
            Default Value: X=0.000000, Y=0.000000, Z=0.000000
        Property 25
            Display Name: RotationMinX
            Internal Name: RotationMinX
            Type: Bool
            Min Limit: 0.000000
            Max Limit: 100.000000
            Is Animatable: false
            Is Temporary: false
            Default Value: false
        Property 26
            Display Name: RotationMinY
            Internal Name: RotationMinY
            Type: Bool
            Min Limit: 0.000000
            Max Limit: 100.000000
            Is Animatable: false
            Is Temporary: false
            Default Value: false
        Property 27
            Display Name: RotationMinZ
            Internal Name: RotationMinZ
            Type: Bool
            Min Limit: 0.000000
            Max Limit: 100.000000
            Is Animatable: false
            Is Temporary: false
            Default Value: false
        Property 28
            Display Name: RotationMaxX
            Internal Name: RotationMaxX
            Type: Bool
            Min Limit: 0.000000
            Max Limit: 100.000000
            Is Animatable: false
            Is Temporary: false
            Default Value: false
        Property 29
            Display Name: RotationMaxY
            Internal Name: RotationMaxY
            Type: Bool
            Min Limit: 0.000000
            Max Limit: 100.000000
            Is Animatable: false
            Is Temporary: false
            Default Value: false
        Property 30
            Display Name: RotationMaxZ
            Internal Name: RotationMaxZ
            Type: Bool
            Min Limit: 0.000000
            Max Limit: 100.000000
            Is Animatable: false
            Is Temporary: false
            Default Value: false
        Property 31
            Display Name: InheritType
            Internal Name: InheritType
            Type: Enum
            Min Limit: 0.000000
            Max Limit: 100.000000
            Is Animatable: false
            Is Temporary: false
            Default Value: UNIDENTIFIED
        Property 32
            Display Name: ScalingActive
            Internal Name: ScalingActive
            Type: Bool
            Min Limit: 0.000000
            Max Limit: 100.000000
            Is Animatable: false
            Is Temporary: false
            Default Value: false
        Property 33
            Display Name: ScalingMin
            Internal Name: ScalingMin
            Type: Vector
            Min Limit: 0.000000
            Max Limit: 100.000000
            Is Animatable: false
            Is Temporary: false
            Default Value: X=0.000000, Y=0.000000, Z=0.000000
        Property 34
            Display Name: ScalingMax
            Internal Name: ScalingMax
            Type: Vector
            Min Limit: 0.000000
            Max Limit: 100.000000
            Is Animatable: false
            Is Temporary: false
            Default Value: X=0.000000, Y=0.000000, Z=0.000000
        Property 35
            Display Name: ScalingMinX
            Internal Name: ScalingMinX
            Type: Bool
            Min Limit: 0.000000
            Max Limit: 100.000000
            Is Animatable: false
            Is Temporary: false
            Default Value: false
        Property 36
            Display Name: ScalingMinY
            Internal Name: ScalingMinY
            Type: Bool
            Min Limit: 0.000000
            Max Limit: 100.000000
            Is Animatable: false
            Is Temporary: false
            Default Value: false
        Property 37
            Display Name: ScalingMinZ
            Internal Name: ScalingMinZ
            Type: Bool
            Min Limit: 0.000000
            Max Limit: 100.000000
            Is Animatable: false
            Is Temporary: false
            Default Value: false
        Property 38
            Display Name: ScalingMaxX
            Internal Name: ScalingMaxX
            Type: Bool
            Min Limit: 0.000000
            Max Limit: 100.000000
            Is Animatable: false
            Is Temporary: false
            Default Value: false
        Property 39
            Display Name: ScalingMaxY
            Internal Name: ScalingMaxY
            Type: Bool
            Min Limit: 0.000000
            Max Limit: 100.000000
            Is Animatable: false
            Is Temporary: false
            Default Value: false
        Property 40
            Display Name: ScalingMaxZ
            Internal Name: ScalingMaxZ
            Type: Bool
            Min Limit: 0.000000
            Max Limit: 100.000000
            Is Animatable: false
            Is Temporary: false
            Default Value: false
        Property 41
            Display Name: GeometricTranslation
            Internal Name: GeometricTranslation
            Type: Vector
            Min Limit: 0.000000
            Max Limit: 100.000000
            Is Animatable: false
            Is Temporary: false
            Default Value: X=0.000000, Y=0.000000, Z=0.000000
        Property 42
            Display Name: GeometricRotation
            Internal Name: GeometricRotation
            Type: Vector
            Min Limit: 0.000000
            Max Limit: 100.000000
            Is Animatable: false
            Is Temporary: false
            Default Value: X=0.000000, Y=0.000000, Z=0.000000
        Property 43
            Display Name: GeometricScaling
            Internal Name: GeometricScaling
            Type: Vector
            Min Limit: 0.000000
            Max Limit: 100.000000
            Is Animatable: false
            Is Temporary: false
            Default Value: X=1.000000, Y=1.000000, Z=1.000000
        Property 44
            Display Name: MinDampRangeX
            Internal Name: MinDampRangeX
            Type: Number
            Min Limit: 0.000000
            Max Limit: 100.000000
            Is Animatable: false
            Is Temporary: false
            Default Value: 0.000000
        Property 45
            Display Name: MinDampRangeY
            Internal Name: MinDampRangeY
            Type: Number
            Min Limit: 0.000000
            Max Limit: 100.000000
            Is Animatable: false
            Is Temporary: false
            Default Value: 0.000000
        Property 46
            Display Name: MinDampRangeZ
            Internal Name: MinDampRangeZ
            Type: Number
            Min Limit: 0.000000
            Max Limit: 100.000000
            Is Animatable: false
            Is Temporary: false
            Default Value: 0.000000
        Property 47
            Display Name: MaxDampRangeX
            Internal Name: MaxDampRangeX
            Type: Number
            Min Limit: 0.000000
            Max Limit: 100.000000
            Is Animatable: false
            Is Temporary: false
            Default Value: 0.000000
        Property 48
            Display Name: MaxDampRangeY
            Internal Name: MaxDampRangeY
            Type: Number
            Min Limit: 0.000000
            Max Limit: 100.000000
            Is Animatable: false
            Is Temporary: false
            Default Value: 0.000000
        Property 49
            Display Name: MaxDampRangeZ
            Internal Name: MaxDampRangeZ
            Type: Number
            Min Limit: 0.000000
            Max Limit: 100.000000
            Is Animatable: false
            Is Temporary: false
            Default Value: 0.000000
        Property 50
            Display Name: MinDampStrengthX
            Internal Name: MinDampStrengthX
            Type: Number
            Min Limit: 0.000000
            Max Limit: 100.000000
            Is Animatable: false
            Is Temporary: false
            Default Value: 0.000000
        Property 51
            Display Name: MinDampStrengthY
            Internal Name: MinDampStrengthY
            Type: Number
            Min Limit: 0.000000
            Max Limit: 100.000000
            Is Animatable: false
            Is Temporary: false
            Default Value: 0.000000
        Property 52
            Display Name: MinDampStrengthZ
            Internal Name: MinDampStrengthZ
            Type: Number
            Min Limit: 0.000000
            Max Limit: 100.000000
            Is Animatable: false
            Is Temporary: false
            Default Value: 0.000000
        Property 53
            Display Name: MaxDampStrengthX
            Internal Name: MaxDampStrengthX
            Type: Number
            Min Limit: 0.000000
            Max Limit: 100.000000
            Is Animatable: false
            Is Temporary: false
            Default Value: 0.000000
        Property 54
            Display Name: MaxDampStrengthY
            Internal Name: MaxDampStrengthY
            Type: Number
            Min Limit: 0.000000
            Max Limit: 100.000000
            Is Animatable: false
            Is Temporary: false
            Default Value: 0.000000
        Property 55
            Display Name: MaxDampStrengthZ
            Internal Name: MaxDampStrengthZ
            Type: Number
            Min Limit: 0.000000
            Max Limit: 100.000000
            Is Animatable: false
            Is Temporary: false
            Default Value: 0.000000
        Property 56
            Display Name: PreferedAngleX
            Internal Name: PreferedAngleX
            Type: Number
            Min Limit: 0.000000
            Max Limit: 100.000000
            Is Animatable: false
            Is Temporary: false
            Default Value: 0.000000
        Property 57
            Display Name: PreferedAngleY
            Internal Name: PreferedAngleY
            Type: Number
            Min Limit: 0.000000
            Max Limit: 100.000000
            Is Animatable: false
            Is Temporary: false
            Default Value: 0.000000
        Property 58
            Display Name: PreferedAngleZ
            Internal Name: PreferedAngleZ
            Type: Number
            Min Limit: 0.000000
            Max Limit: 100.000000
            Is Animatable: false
            Is Temporary: false
            Default Value: 0.000000
        Property 59
            Display Name: LookAtProperty
            Internal Name: LookAtProperty
            Type: object
            Min Limit: 0.000000
            Max Limit: 100.000000
            Is Animatable: false
            Is Temporary: false
            Default Value: UNIDENTIFIED
        Property 60
            Display Name: UpVectorProperty
            Internal Name: UpVectorProperty
            Type: object
            Min Limit: 0.000000
            Max Limit: 100.000000
            Is Animatable: false
            Is Temporary: false
            Default Value: UNIDENTIFIED
        Property 61
            Display Name: Show
            Internal Name: Show
            Type: Bool
            Min Limit: 0.000000
            Max Limit: 100.000000
            Is Animatable: false
            Is Temporary: false
            Default Value: true
        Property 62
            Display Name: NegativePercentShapeSupport
            Internal Name: NegativePercentShapeSupport
            Type: Bool
            Min Limit: 0.000000
            Max Limit: 100.000000
            Is Animatable: false
            Is Temporary: false
            Default Value: true
        Property 63
            Display Name: DefaultAttributeIndex
            Internal Name: DefaultAttributeIndex
            Type: Integer
            Min Limit: 0.000000
            Max Limit: 100.000000
            Is Animatable: false
            Is Temporary: false
            Default Value: 0
        Property 64
            Display Name: Lcl Translation
            Internal Name: Lcl Translation
            Type: Lcl Translation
            Min Limit: 0.000000
            Max Limit: 100.000000
            Is Animatable: true
            Is Temporary: false
            Default Value: X=-27.592951, Y=9.657511, Z=0.000000
        Property 65
            Display Name: Lcl Rotation
            Internal Name: Lcl Rotation
            Type: Lcl Rotation
            Min Limit: 0.000000
            Max Limit: 100.000000
            Is Animatable: true
            Is Temporary: false
            Default Value: X=0.000000, Y=0.000000, Z=0.000000
        Property 66
            Display Name: Lcl Scaling
            Internal Name: Lcl Scaling
            Type: Lcl Scaling
            Min Limit: 0.000000
            Max Limit: 100.000000
            Is Animatable: true
            Is Temporary: false
            Default Value: X=1.000000, Y=1.000000, Z=1.000000
        Property 67
            Display Name: Visibility
            Internal Name: Visibility
            Type: Visibility
            Min Limit: 0.000000
            Max Limit: 100.000000
            Is Animatable: true
            Is Temporary: false
            Default Value: 1.000000

pPlane2

Name: pPlane2
    Property Count: 68
        Property 0
            Display Name: QuaternionInterpolate
            Internal Name: QuaternionInterpolate
            Type: Bool
            Min Limit: 0.000000
            Max Limit: 100.000000
            Is Animatable: false
            Is Temporary: false
            Default Value: false
        Property 1
            Display Name: RotationOffset
            Internal Name: RotationOffset
            Type: Vector
            Min Limit: 0.000000
            Max Limit: 100.000000
            Is Animatable: false
            Is Temporary: false
            Default Value: X=0.000000, Y=0.000000, Z=0.000000
        Property 2
            Display Name: RotationPivot
            Internal Name: RotationPivot
            Type: Vector
            Min Limit: 0.000000
            Max Limit: 100.000000
            Is Animatable: false
            Is Temporary: false
            Default Value: X=16.121656, Y=-6.445572, Z=83.952178
        Property 3
            Display Name: ScalingOffset
            Internal Name: ScalingOffset
            Type: Vector
            Min Limit: 0.000000
            Max Limit: 100.000000
            Is Animatable: false
            Is Temporary: false
            Default Value: X=0.000000, Y=0.000000, Z=0.000000
        Property 4
            Display Name: ScalingPivot
            Internal Name: ScalingPivot
            Type: Vector
            Min Limit: 0.000000
            Max Limit: 100.000000
            Is Animatable: false
            Is Temporary: false
            Default Value: X=16.121656, Y=-6.445572, Z=83.952178
        Property 5
            Display Name: TranslationActive
            Internal Name: TranslationActive
            Type: Bool
            Min Limit: 0.000000
            Max Limit: 100.000000
            Is Animatable: false
            Is Temporary: false
            Default Value: false
        Property 6
            Display Name: TranslationMin
            Internal Name: TranslationMin
            Type: Vector
            Min Limit: 0.000000
            Max Limit: 100.000000
            Is Animatable: false
            Is Temporary: false
            Default Value: X=0.000000, Y=0.000000, Z=0.000000
        Property 7
            Display Name: TranslationMax
            Internal Name: TranslationMax
            Type: Vector
            Min Limit: 0.000000
            Max Limit: 100.000000
            Is Animatable: false
            Is Temporary: false
            Default Value: X=0.000000, Y=0.000000, Z=0.000000
        Property 8
            Display Name: TranslationMinX
            Internal Name: TranslationMinX
            Type: Bool
            Min Limit: 0.000000
            Max Limit: 100.000000
            Is Animatable: false
            Is Temporary: false
            Default Value: false
        Property 9
            Display Name: TranslationMinY
            Internal Name: TranslationMinY
            Type: Bool
            Min Limit: 0.000000
            Max Limit: 100.000000
            Is Animatable: false
            Is Temporary: false
            Default Value: false
        Property 10
            Display Name: TranslationMinZ
            Internal Name: TranslationMinZ
            Type: Bool
            Min Limit: 0.000000
            Max Limit: 100.000000
            Is Animatable: false
            Is Temporary: false
            Default Value: false
        Property 11
            Display Name: TranslationMaxX
            Internal Name: TranslationMaxX
            Type: Bool
            Min Limit: 0.000000
            Max Limit: 100.000000
            Is Animatable: false
            Is Temporary: false
            Default Value: false
        Property 12
            Display Name: TranslationMaxY
            Internal Name: TranslationMaxY
            Type: Bool
            Min Limit: 0.000000
            Max Limit: 100.000000
            Is Animatable: false
            Is Temporary: false
            Default Value: false
        Property 13
            Display Name: TranslationMaxZ
            Internal Name: TranslationMaxZ
            Type: Bool
            Min Limit: 0.000000
            Max Limit: 100.000000
            Is Animatable: false
            Is Temporary: false
            Default Value: false
        Property 14
            Display Name: RotationOrder
            Internal Name: RotationOrder
            Type: Enum
            Min Limit: 0.000000
            Max Limit: 100.000000
            Is Animatable: false
            Is Temporary: false
            Default Value: UNIDENTIFIED
        Property 15
            Display Name: RotationSpaceForLimitOnly
            Internal Name: RotationSpaceForLimitOnly
            Type: Bool
            Min Limit: 0.000000
            Max Limit: 100.000000
            Is Animatable: false
            Is Temporary: false
            Default Value: false
        Property 16
            Display Name: RotationStiffnessX
            Internal Name: RotationStiffnessX
            Type: Number
            Min Limit: 0.000000
            Max Limit: 100.000000
            Is Animatable: false
            Is Temporary: false
            Default Value: 0.000000
        Property 17
            Display Name: RotationStiffnessY
            Internal Name: RotationStiffnessY
            Type: Number
            Min Limit: 0.000000
            Max Limit: 100.000000
            Is Animatable: false
            Is Temporary: false
            Default Value: 0.000000
        Property 18
            Display Name: RotationStiffnessZ
            Internal Name: RotationStiffnessZ
            Type: Number
            Min Limit: 0.000000
            Max Limit: 100.000000
            Is Animatable: false
            Is Temporary: false
            Default Value: 0.000000
        Property 19
            Display Name: AxisLen
            Internal Name: AxisLen
            Type: Number
            Min Limit: 0.000000
            Max Limit: 100.000000
            Is Animatable: false
            Is Temporary: false
            Default Value: 10.000000
        Property 20
            Display Name: PreRotation
            Internal Name: PreRotation
            Type: Vector
            Min Limit: 0.000000
            Max Limit: 100.000000
            Is Animatable: false
            Is Temporary: false
            Default Value: X=0.000000, Y=0.000000, Z=0.000000
        Property 21
            Display Name: PostRotation
            Internal Name: PostRotation
            Type: Vector
            Min Limit: 0.000000
            Max Limit: 100.000000
            Is Animatable: false
            Is Temporary: false
            Default Value: X=0.000000, Y=-0.000000, Z=0.000000
        Property 22
            Display Name: RotationActive
            Internal Name: RotationActive
            Type: Bool
            Min Limit: 0.000000
            Max Limit: 100.000000
            Is Animatable: false
            Is Temporary: false
            Default Value: true
        Property 23
            Display Name: RotationMin
            Internal Name: RotationMin
            Type: Vector
            Min Limit: 0.000000
            Max Limit: 100.000000
            Is Animatable: false
            Is Temporary: false
            Default Value: X=0.000000, Y=0.000000, Z=0.000000
        Property 24
            Display Name: RotationMax
            Internal Name: RotationMax
            Type: Vector
            Min Limit: 0.000000
            Max Limit: 100.000000
            Is Animatable: false
            Is Temporary: false
            Default Value: X=0.000000, Y=0.000000, Z=0.000000
        Property 25
            Display Name: RotationMinX
            Internal Name: RotationMinX
            Type: Bool
            Min Limit: 0.000000
            Max Limit: 100.000000
            Is Animatable: false
            Is Temporary: false
            Default Value: false
        Property 26
            Display Name: RotationMinY
            Internal Name: RotationMinY
            Type: Bool
            Min Limit: 0.000000
            Max Limit: 100.000000
            Is Animatable: false
            Is Temporary: false
            Default Value: false
        Property 27
            Display Name: RotationMinZ
            Internal Name: RotationMinZ
            Type: Bool
            Min Limit: 0.000000
            Max Limit: 100.000000
            Is Animatable: false
            Is Temporary: false
            Default Value: false
        Property 28
            Display Name: RotationMaxX
            Internal Name: RotationMaxX
            Type: Bool
            Min Limit: 0.000000
            Max Limit: 100.000000
            Is Animatable: false
            Is Temporary: false
            Default Value: false
        Property 29
            Display Name: RotationMaxY
            Internal Name: RotationMaxY
            Type: Bool
            Min Limit: 0.000000
            Max Limit: 100.000000
            Is Animatable: false
            Is Temporary: false
            Default Value: false
        Property 30
            Display Name: RotationMaxZ
            Internal Name: RotationMaxZ
            Type: Bool
            Min Limit: 0.000000
            Max Limit: 100.000000
            Is Animatable: false
            Is Temporary: false
            Default Value: false
        Property 31
            Display Name: InheritType
            Internal Name: InheritType
            Type: Enum
            Min Limit: 0.000000
            Max Limit: 100.000000
            Is Animatable: false
            Is Temporary: false
            Default Value: UNIDENTIFIED
        Property 32
            Display Name: ScalingActive
            Internal Name: ScalingActive
            Type: Bool
            Min Limit: 0.000000
            Max Limit: 100.000000
            Is Animatable: false
            Is Temporary: false
            Default Value: false
        Property 33
            Display Name: ScalingMin
            Internal Name: ScalingMin
            Type: Vector
            Min Limit: 0.000000
            Max Limit: 100.000000
            Is Animatable: false
            Is Temporary: false
            Default Value: X=0.000000, Y=0.000000, Z=0.000000
        Property 34
            Display Name: ScalingMax
            Internal Name: ScalingMax
            Type: Vector
            Min Limit: 0.000000
            Max Limit: 100.000000
            Is Animatable: false
            Is Temporary: false
            Default Value: X=0.000000, Y=0.000000, Z=0.000000
        Property 35
            Display Name: ScalingMinX
            Internal Name: ScalingMinX
            Type: Bool
            Min Limit: 0.000000
            Max Limit: 100.000000
            Is Animatable: false
            Is Temporary: false
            Default Value: false
        Property 36
            Display Name: ScalingMinY
            Internal Name: ScalingMinY
            Type: Bool
            Min Limit: 0.000000
            Max Limit: 100.000000
            Is Animatable: false
            Is Temporary: false
            Default Value: false
        Property 37
            Display Name: ScalingMinZ
            Internal Name: ScalingMinZ
            Type: Bool
            Min Limit: 0.000000
            Max Limit: 100.000000
            Is Animatable: false
            Is Temporary: false
            Default Value: false
        Property 38
            Display Name: ScalingMaxX
            Internal Name: ScalingMaxX
            Type: Bool
            Min Limit: 0.000000
            Max Limit: 100.000000
            Is Animatable: false
            Is Temporary: false
            Default Value: false
        Property 39
            Display Name: ScalingMaxY
            Internal Name: ScalingMaxY
            Type: Bool
            Min Limit: 0.000000
            Max Limit: 100.000000
            Is Animatable: false
            Is Temporary: false
            Default Value: false
        Property 40
            Display Name: ScalingMaxZ
            Internal Name: ScalingMaxZ
            Type: Bool
            Min Limit: 0.000000
            Max Limit: 100.000000
            Is Animatable: false
            Is Temporary: false
            Default Value: false
        Property 41
            Display Name: GeometricTranslation
            Internal Name: GeometricTranslation
            Type: Vector
            Min Limit: 0.000000
            Max Limit: 100.000000
            Is Animatable: false
            Is Temporary: false
            Default Value: X=0.000000, Y=0.000000, Z=0.000000
        Property 42
            Display Name: GeometricRotation
            Internal Name: GeometricRotation
            Type: Vector
            Min Limit: 0.000000
            Max Limit: 100.000000
            Is Animatable: false
            Is Temporary: false
            Default Value: X=0.000000, Y=0.000000, Z=0.000000
        Property 43
            Display Name: GeometricScaling
            Internal Name: GeometricScaling
            Type: Vector
            Min Limit: 0.000000
            Max Limit: 100.000000
            Is Animatable: false
            Is Temporary: false
            Default Value: X=1.000000, Y=1.000000, Z=1.000000
        Property 44
            Display Name: MinDampRangeX
            Internal Name: MinDampRangeX
            Type: Number
            Min Limit: 0.000000
            Max Limit: 100.000000
            Is Animatable: false
            Is Temporary: false
            Default Value: 0.000000
        Property 45
            Display Name: MinDampRangeY
            Internal Name: MinDampRangeY
            Type: Number
            Min Limit: 0.000000
            Max Limit: 100.000000
            Is Animatable: false
            Is Temporary: false
            Default Value: 0.000000
        Property 46
            Display Name: MinDampRangeZ
            Internal Name: MinDampRangeZ
            Type: Number
            Min Limit: 0.000000
            Max Limit: 100.000000
            Is Animatable: false
            Is Temporary: false
            Default Value: 0.000000
        Property 47
            Display Name: MaxDampRangeX
            Internal Name: MaxDampRangeX
            Type: Number
            Min Limit: 0.000000
            Max Limit: 100.000000
            Is Animatable: false
            Is Temporary: false
            Default Value: 0.000000
        Property 48
            Display Name: MaxDampRangeY
            Internal Name: MaxDampRangeY
            Type: Number
            Min Limit: 0.000000
            Max Limit: 100.000000
            Is Animatable: false
            Is Temporary: false
            Default Value: 0.000000
        Property 49
            Display Name: MaxDampRangeZ
            Internal Name: MaxDampRangeZ
            Type: Number
            Min Limit: 0.000000
            Max Limit: 100.000000
            Is Animatable: false
            Is Temporary: false
            Default Value: 0.000000
        Property 50
            Display Name: MinDampStrengthX
            Internal Name: MinDampStrengthX
            Type: Number
            Min Limit: 0.000000
            Max Limit: 100.000000
            Is Animatable: false
            Is Temporary: false
            Default Value: 0.000000
        Property 51
            Display Name: MinDampStrengthY
            Internal Name: MinDampStrengthY
            Type: Number
            Min Limit: 0.000000
            Max Limit: 100.000000
            Is Animatable: false
            Is Temporary: false
            Default Value: 0.000000
        Property 52
            Display Name: MinDampStrengthZ
            Internal Name: MinDampStrengthZ
            Type: Number
            Min Limit: 0.000000
            Max Limit: 100.000000
            Is Animatable: false
            Is Temporary: false
            Default Value: 0.000000
        Property 53
            Display Name: MaxDampStrengthX
            Internal Name: MaxDampStrengthX
            Type: Number
            Min Limit: 0.000000
            Max Limit: 100.000000
            Is Animatable: false
            Is Temporary: false
            Default Value: 0.000000
        Property 54
            Display Name: MaxDampStrengthY
            Internal Name: MaxDampStrengthY
            Type: Number
            Min Limit: 0.000000
            Max Limit: 100.000000
            Is Animatable: false
            Is Temporary: false
            Default Value: 0.000000
        Property 55
            Display Name: MaxDampStrengthZ
            Internal Name: MaxDampStrengthZ
            Type: Number
            Min Limit: 0.000000
            Max Limit: 100.000000
            Is Animatable: false
            Is Temporary: false
            Default Value: 0.000000
        Property 56
            Display Name: PreferedAngleX
            Internal Name: PreferedAngleX
            Type: Number
            Min Limit: 0.000000
            Max Limit: 100.000000
            Is Animatable: false
            Is Temporary: false
            Default Value: 0.000000
        Property 57
            Display Name: PreferedAngleY
            Internal Name: PreferedAngleY
            Type: Number
            Min Limit: 0.000000
            Max Limit: 100.000000
            Is Animatable: false
            Is Temporary: false
            Default Value: 0.000000
        Property 58
            Display Name: PreferedAngleZ
            Internal Name: PreferedAngleZ
            Type: Number
            Min Limit: 0.000000
            Max Limit: 100.000000
            Is Animatable: false
            Is Temporary: false
            Default Value: 0.000000
        Property 59
            Display Name: LookAtProperty
            Internal Name: LookAtProperty
            Type: object
            Min Limit: 0.000000
            Max Limit: 100.000000
            Is Animatable: false
            Is Temporary: false
            Default Value: UNIDENTIFIED
        Property 60
            Display Name: UpVectorProperty
            Internal Name: UpVectorProperty
            Type: object
            Min Limit: 0.000000
            Max Limit: 100.000000
            Is Animatable: false
            Is Temporary: false
            Default Value: UNIDENTIFIED
        Property 61
            Display Name: Show
            Internal Name: Show
            Type: Bool
            Min Limit: 0.000000
            Max Limit: 100.000000
            Is Animatable: false
            Is Temporary: false
            Default Value: true
        Property 62
            Display Name: NegativePercentShapeSupport
            Internal Name: NegativePercentShapeSupport
            Type: Bool
            Min Limit: 0.000000
            Max Limit: 100.000000
            Is Animatable: false
            Is Temporary: false
            Default Value: true
        Property 63
            Display Name: DefaultAttributeIndex
            Internal Name: DefaultAttributeIndex
            Type: Integer
            Min Limit: 0.000000
            Max Limit: 100.000000
            Is Animatable: false
            Is Temporary: false
            Default Value: 0
        Property 64
            Display Name: Lcl Translation
            Internal Name: Lcl Translation
            Type: Lcl Translation
            Min Limit: 0.000000
            Max Limit: 100.000000
            Is Animatable: true
            Is Temporary: false
            Default Value: X=-26.248627, Y=10.160759, Z=0.000000
        Property 65
            Display Name: Lcl Rotation
            Internal Name: Lcl Rotation
            Type: Lcl Rotation
            Min Limit: 0.000000
            Max Limit: 100.000000
            Is Animatable: true
            Is Temporary: false
            Default Value: X=0.000000, Y=0.000000, Z=0.000000
        Property 66
            Display Name: Lcl Scaling
            Internal Name: Lcl Scaling
            Type: Lcl Scaling
            Min Limit: 0.000000
            Max Limit: 100.000000
            Is Animatable: true
            Is Temporary: false
            Default Value: X=1.000000, Y=1.000000, Z=1.000000
        Property 67
            Display Name: Visibility
            Internal Name: Visibility
            Type: Visibility
            Min Limit: 0.000000
            Max Limit: 100.000000
            Is Animatable: true
            Is Temporary: false
            Default Value: 1.000000

