

Platform: dx9
Target dir: dx9\
File: head.fbx

FBX version number for this FBX SDK is 6.1.0
FBX version number for file head.fbx is 6.1.0

Take Information
    Number of takes: 1
    Current take: "Take 001"

    Take 0
         Name: "Take 001"
         Description: ""
         Import Name: "Take 001"
         Import State: true

moo
moo1
moo2


---------------------
Global Light Settings
---------------------

Ambient Color: 0.400000 (red), 0.400000 (green), 0.400000 (blue)
Fog Options
    Fog Enable: false
    Fog Mode: Linear
    Fog Start: 0.300000
    Fog End: 1000.000000
    Fog Color: 1.000000 (red), 1.000000 (green), 1.000000 (blue)



----------------------
Global Camera Settings
----------------------

Default Camera: Producer Perspective
Default Viewing Mode: Standard
Camera Name: Producer Perspective
    Camera Position and Orientation
        Position: 0.000000, 71.300003, 287.500000
        Default Camera Interest Position: 0.000000, 0.000000, 0.000000
        Up Vector: 0.000000, 1.000000, 0.000000
        Roll: 0.000000
    Projection Type: Perspective
    Viewing Area Controls
        Format: Custom
        Aspect Ratio Mode: Window Size
        Pixel Ratio: 1.000000
        Near Plane: 10.000000
        Far Plane: 4000.000000
        Mouse Lock: false
    Aperture and Film Controls
        Aperture Format: 35mm TV Projection
        Aperture Width: 0.816000 inches
        Aperture Height: 0.612000 inches
        Squeeze Ratio: 1.000000
        Focal Length: 21.354494mm
        Field of View: 40.000000 degrees
    Background Properties
        Background Display Mode: When Media
        Background Drawing Mode: Background
        Foreground Matte Threshold Enable: true
        Background Placement Options:  Center, Keep Ratio
        Background Distance: 100.000000
        Background Distance Mode: Relative to Interest
    Camera View Options
        View Camera Interest: true
        View Near Far Planes: false
        Show Grid: true
        Show Axis: true
        Show Name: true
        Show Info on Moving: true
        Show Time Code: false
        Display Safe Area: false
        Safe Area Style: Square
        Show Audio: false
        Background Color: 0.630000 (red), 0.630000 (green), 0.630000 (blue)
        Audio Color: 0.000000 (red), 1.000000 (green), 0.000000 (blue)
        Use Frame Color: false
        Frame Color: 0.300000 (red), 0.300000 (green), 0.300000 (blue)
    Render Options
        Render Options Usage Time: At Render
        Use Antialiasing: false
        Antialiasing Intensity: 0.777770
        Antialiasing Method: Oversampling Antialiasing
        Number of Samples: 7
        Sampling Type: Stochastic
        Use Accumulation Buffer: false
        Use Depth of Field: false
        Focus Distance Source: Camera Interest
        Focus Angle: 3.500000 degrees
    Default Animation Values
        Default Field of View: 40.000000
        Default Field of View X: 1.000000
        Default Field of View Y: 1.000000
        Default Optical Center X: 0.000000
        Default Optical Center Y: 0.000000
        Default Roll: 0.000000
Camera Name: Producer Top
    Camera Position and Orientation
        Position: 0.000000, 4000.000000, 0.000000
        Default Camera Interest Position: 0.000000, 0.000000, 0.000000
        Up Vector: 0.000000, 0.000000, -1.000000
        Roll: 0.000000
    Projection Type: Orthogonal
    Viewing Area Controls
        Format: Custom
        Aspect Ratio Mode: Window Size
        Pixel Ratio: 1.000000
        Near Plane: 1.000000
        Far Plane: 30000.000000
        Mouse Lock: false
    Background Properties
        Background Display Mode: When Media
        Background Drawing Mode: Background
        Foreground Matte Threshold Enable: true
        Background Placement Options:  Center, Keep Ratio
        Background Distance: 100.000000
        Background Distance Mode: Relative to Interest
    Camera View Options
        View Camera Interest: true
        View Near Far Planes: false
        Show Grid: true
        Show Axis: true
        Show Name: true
        Show Info on Moving: true
        Show Time Code: false
        Display Safe Area: false
        Safe Area Style: Square
        Show Audio: false
        Background Color: 0.630000 (red), 0.630000 (green), 0.630000 (blue)
        Audio Color: 0.000000 (red), 1.000000 (green), 0.000000 (blue)
        Use Frame Color: false
        Frame Color: 0.300000 (red), 0.300000 (green), 0.300000 (blue)
    Render Options
        Render Options Usage Time: At Render
        Use Antialiasing: false
        Antialiasing Intensity: 0.777770
        Antialiasing Method: Oversampling Antialiasing
        Number of Samples: 7
        Sampling Type: Stochastic
        Use Accumulation Buffer: false
        Use Depth of Field: false
        Focus Distance Source: Camera Interest
        Focus Angle: 3.500000 degrees
    Default Animation Values
        Default Field of View: 40.000000
        Default Field of View X: 1.000000
        Default Field of View Y: 1.000000
        Default Optical Center X: 0.000000
        Default Optical Center Y: 0.000000
        Default Roll: 0.000000
Camera Name: Producer Front
    Camera Position and Orientation
        Position: 0.000000, 0.000000, 4000.000000
        Default Camera Interest Position: 0.000000, 0.000000, 0.000000
        Up Vector: 0.000000, 1.000000, 0.000000
        Roll: 0.000000
    Projection Type: Orthogonal
    Viewing Area Controls
        Format: Custom
        Aspect Ratio Mode: Window Size
        Pixel Ratio: 1.000000
        Near Plane: 1.000000
        Far Plane: 30000.000000
        Mouse Lock: false
    Background Properties
        Background Display Mode: When Media
        Background Drawing Mode: Background
        Foreground Matte Threshold Enable: true
        Background Placement Options:  Center, Keep Ratio
        Background Distance: 100.000000
        Background Distance Mode: Relative to Interest
    Camera View Options
        View Camera Interest: true
        View Near Far Planes: false
        Show Grid: true
        Show Axis: true
        Show Name: true
        Show Info on Moving: true
        Show Time Code: false
        Display Safe Area: false
        Safe Area Style: Square
        Show Audio: false
        Background Color: 0.630000 (red), 0.630000 (green), 0.630000 (blue)
        Audio Color: 0.000000 (red), 1.000000 (green), 0.000000 (blue)
        Use Frame Color: false
        Frame Color: 0.300000 (red), 0.300000 (green), 0.300000 (blue)
    Render Options
        Render Options Usage Time: At Render
        Use Antialiasing: false
        Antialiasing Intensity: 0.777770
        Antialiasing Method: Oversampling Antialiasing
        Number of Samples: 7
        Sampling Type: Stochastic
        Use Accumulation Buffer: false
        Use Depth of Field: false
        Focus Distance Source: Camera Interest
        Focus Angle: 3.500000 degrees
    Default Animation Values
        Default Field of View: 40.000000
        Default Field of View X: 1.000000
        Default Field of View Y: 1.000000
        Default Optical Center X: 0.000000
        Default Optical Center Y: 0.000000
        Default Roll: 0.000000
Camera Name: Producer Right
    Camera Position and Orientation
        Position: 4000.000000, 0.000000, 0.000000
        Default Camera Interest Position: 0.000000, 0.000000, 0.000000
        Up Vector: 0.000000, 1.000000, 0.000000
        Roll: 0.000000
    Projection Type: Orthogonal
    Viewing Area Controls
        Format: Custom
        Aspect Ratio Mode: Window Size
        Pixel Ratio: 1.000000
        Near Plane: 1.000000
        Far Plane: 30000.000000
        Mouse Lock: false
    Background Properties
        Background Display Mode: When Media
        Background Drawing Mode: Background
        Foreground Matte Threshold Enable: true
        Background Placement Options:  Center, Keep Ratio
        Background Distance: 100.000000
        Background Distance Mode: Relative to Interest
    Camera View Options
        View Camera Interest: true
        View Near Far Planes: false
        Show Grid: true
        Show Axis: true
        Show Name: true
        Show Info on Moving: true
        Show Time Code: false
        Display Safe Area: false
        Safe Area Style: Square
        Show Audio: false
        Background Color: 0.630000 (red), 0.630000 (green), 0.630000 (blue)
        Audio Color: 0.000000 (red), 1.000000 (green), 0.000000 (blue)
        Use Frame Color: false
        Frame Color: 0.300000 (red), 0.300000 (green), 0.300000 (blue)
    Render Options
        Render Options Usage Time: At Render
        Use Antialiasing: false
        Antialiasing Intensity: 0.777770
        Antialiasing Method: Oversampling Antialiasing
        Number of Samples: 7
        Sampling Type: Stochastic
        Use Accumulation Buffer: false
        Use Depth of Field: false
        Focus Distance Source: Camera Interest
        Focus Angle: 3.500000 degrees
    Default Animation Values
        Default Field of View: 40.000000
        Default Field of View X: 1.000000
        Default Field of View Y: 1.000000
        Default Optical Center X: 0.000000
        Default Optical Center Y: 0.000000
        Default Roll: 0.000000



--------------------
Global Time Settings
--------------------

Time Mode: Frames 60
Time Protocol: Frame
Snap On Frame: false



---------
Hierarchy
---------

camera1
directionalLight1
xxx:head1


------------
Node Content
------------

Camera Name: camera1
    Camera Position and Orientation
        Position: 0.401803, -4.510451, 32.256321
        Default Camera Interest Position: 0.000000, 0.000000, -1.000000
        Up Vector: -0.002266, 0.991532, 0.129843
        Roll: 0.000000
    Projection Type: Perspective
    Viewing Area Controls
        Format: Custom
        Aspect Ratio Mode: Window Size
        Pixel Ratio: 1.000000
        Near Plane: 0.100000
        Far Plane: 1000.000000
        Mouse Lock: false
    Aperture and Film Controls
        Aperture Format: Custom
        Aperture Width: 1.417320 inches
        Aperture Height: 0.944880 inches
        Squeeze Ratio: 1.000000
        Focal Length: 35.000000mm
        Field of View: 0.000000 degrees
    Background Properties
        Background Display Mode: When Media
        Background Drawing Mode: Background
        Foreground Matte Threshold Enable: true
        Background Placement Options:  Center, Keep Ratio
        Background Distance: 100.000000
        Background Distance Mode: Relative to Interest
    Camera View Options
        View Camera Interest: true
        View Near Far Planes: false
        Show Grid: true
        Show Axis: true
        Show Name: true
        Show Info on Moving: true
        Show Time Code: false
        Display Safe Area: false
        Safe Area Style: Square
        Show Audio: false
        Background Color: 0.000000 (red), 0.000000 (green), 0.000000 (blue)
        Audio Color: 0.000000 (red), 1.000000 (green), 0.000000 (blue)
        Use Frame Color: false
        Frame Color: 0.300000 (red), 0.300000 (green), 0.300000 (blue)
    Render Options
        Render Options Usage Time: At Render
        Use Antialiasing: false
        Antialiasing Intensity: 0.777770
        Antialiasing Method: Oversampling Antialiasing
        Number of Samples: 7
        Sampling Type: Stochastic
        Use Accumulation Buffer: false
        Use Depth of Field: false
        Focus Distance Source: Camera Interest
        Focus Angle: 3.500000 degrees
    Default Animation Values
        Default Field of View: 0.000000
        Default Field of View X: 1.000000
        Default Field of View Y: 1.000000
        Default Optical Center X: 0.000000
        Default Optical Center Y: 0.000000
        Default Roll: 0.000000
    Property Count: 68
    Pivot Information
        Pivot State: Active
        Pre-Rotation: 0.000000 0.000000 0.000000
        Post-Rotation: -0.000000 -90.000000 0.000000
        Rotation Pivot: 0.000000 0.000000 0.000000
        Rotation Offset: 0.000000 -0.000000 -0.000000
        Scaling Pivot: 0.000000 0.000000 0.000000
        Scaling Offset: 0.000000 0.000000 -0.000000
    Limits Information
        Translation limits: Inactive
            X
                Min Limit: Inactive
                Min Limit Value: 0.000000
                Max Limit: Inactive
                Max Limit Value: 0.000000
            Y
                Min Limit: Inactive
                Min Limit Value: 0.000000
                Max Limit: Inactive
                Max Limit Value: 0.000000
            Z
                Min Limit: Inactive
                Min Limit Value: 0.000000
                Max Limit: Inactive
                Max Limit Value: 0.000000
        Rotation limits: Active
            X
                Min Limit: Inactive
                Min Limit Value: 0.000000
                Max Limit: Inactive
                Max Limit Value: 0.000000
            Y
                Min Limit: Inactive
                Min Limit Value: 0.000000
                Max Limit: Inactive
                Max Limit Value: 0.000000
            Z
                Min Limit: Inactive
                Min Limit Value: 0.000000
                Max Limit: Inactive
                Max Limit Value: 0.000000
        Scaling limits: Inactive
            X
                Min Limit: Inactive
                Min Limit Value: 0.000000
                Max Limit: Inactive
                Max Limit Value: 0.000000
            Y
                Min Limit: Inactive
                Min Limit Value: 0.000000
                Max Limit: Inactive
                Max Limit Value: 0.000000
            Z
                Min Limit: Inactive
                Min Limit Value: 0.000000
                Max Limit: Inactive
                Max Limit Value: 0.000000
    Transformation Propagation
        Rotation Space: Euler XYZ
        Use the Rotation Space for Limit specification only: No
        Transformation Inheritance: RSrs
    Geometric Transformations
        Translation: 0.000000 0.000000 0.000000
        Rotation:    0.000000 0.000000 0.000000
        Scaling:     1.000000 1.000000 1.000000
    Default Animation
        TX
            Default Value: 0.401803
        TY
            Default Value: -4.510451
        TZ
            Default Value: 32.256321
        RX
            Default Value: 7.461647
        RY
            Default Value: -1.000000
        RZ
            Default Value: 0.000000
        SX
            Default Value: 1.000000
        SY
            Default Value: 1.000000
        SZ
            Default Value: 1.000000
        Field of View
            Default Value: 0.000000
        Field of View X
            Default Value: 1.000000
        Field of View Y
            Default Value: 1.000000
        Optical Center X
            Default Value: 0.000000
        Optical Center Y
            Default Value: 0.000000
        Roll
            Default Value: 0.000000
        Property Visibility (Label: Visibility)
            Default Value: 1.000000

Light Name: directionalLight1
    Type: Directional
    Cast Light: true
    Default Animation Values
        Default Color: 1.000000 (red), 1.000000 (green), 1.000000 (blue)
        Default Intensity: 100.000000
        Default Cone Angle: 45.000000
        Default Fog: 0.000000
    Property Count: 68
    Pivot Information
        Pivot State: Active
        Pre-Rotation: 0.000000 0.000000 0.000000
        Post-Rotation: -90.000000 -0.000000 0.000000
        Rotation Pivot: 0.000000 0.000000 0.000000
        Rotation Offset: 0.000000 0.000000 0.000000
        Scaling Pivot: 0.000000 0.000000 0.000000
        Scaling Offset: 0.000000 0.000000 0.000000
    Limits Information
        Translation limits: Inactive
            X
                Min Limit: Inactive
                Min Limit Value: 0.000000
                Max Limit: Inactive
                Max Limit Value: 0.000000
            Y
                Min Limit: Inactive
                Min Limit Value: 0.000000
                Max Limit: Inactive
                Max Limit Value: 0.000000
            Z
                Min Limit: Inactive
                Min Limit Value: 0.000000
                Max Limit: Inactive
                Max Limit Value: 0.000000
        Rotation limits: Active
            X
                Min Limit: Inactive
                Min Limit Value: 0.000000
                Max Limit: Inactive
                Max Limit Value: 0.000000
            Y
                Min Limit: Inactive
                Min Limit Value: 0.000000
                Max Limit: Inactive
                Max Limit Value: 0.000000
            Z
                Min Limit: Inactive
                Min Limit Value: 0.000000
                Max Limit: Inactive
                Max Limit Value: 0.000000
        Scaling limits: Inactive
            X
                Min Limit: Inactive
                Min Limit Value: 0.000000
                Max Limit: Inactive
                Max Limit Value: 0.000000
            Y
                Min Limit: Inactive
                Min Limit Value: 0.000000
                Max Limit: Inactive
                Max Limit Value: 0.000000
            Z
                Min Limit: Inactive
                Min Limit Value: 0.000000
                Max Limit: Inactive
                Max Limit Value: 0.000000
    Transformation Propagation
        Rotation Space: Euler XYZ
        Use the Rotation Space for Limit specification only: No
        Transformation Inheritance: RSrs
    Geometric Transformations
        Translation: 0.000000 0.000000 0.000000
        Rotation:    0.000000 0.000000 0.000000
        Scaling:     1.000000 1.000000 1.000000
    Default Animation
        TX
            Default Value: -16.805311
        TY
            Default Value: 0.000000
        TZ
            Default Value: 0.000000
        RX
            Default Value: -28.037231
        RY
            Default Value: 5.989056
        RZ
            Default Value: -2.757349
        SX
            Default Value: 1.000000
        SY
            Default Value: 1.000000
        SZ
            Default Value: 1.000000
        Red
            Default Value: 1.000000
        Green
            Default Value: 1.000000
        Blue
            Default Value: 1.000000
        Intensity
            Default Value: 100.000000
        Cone Angle
            Default Value: 45.000000
        Fog
            Default Value: 0.000000
        Property Visibility (Label: Visibility)
            Default Value: 1.000000

Mesh Name: xxx:head1
    Control Points
        Control Point 0
            Coordinates: -0.126615, -2.511508, 1.594244
        Control Point 1
            Coordinates: -0.136107, -1.669364, 1.314746
        Control Point 2
            Coordinates: -0.042450, -3.118150, 1.658598
        Control Point 3
            Coordinates: 0.108240, -9.895237, -2.017071
        Control Point 4
            Coordinates: 0.034127, -7.563134, -0.174550
        Control Point 5
            Coordinates: -1.417775, -4.658962, 0.138816
        Control Point 6
            Coordinates: -1.187717, -1.728782, 0.523244
        Control Point 7
            Coordinates: -0.764911, -0.023328, 0.200990
        Control Point 8
            Coordinates: -1.395406, -9.573346, -1.514390
        Control Point 9
            Coordinates: -1.805045, -9.393671, -3.201813
        Control Point 10
            Coordinates: -6.077001, -5.558661, -8.707971
        Control Point 11
            Coordinates: -2.905028, -4.652115, -0.566307
        Control Point 12
            Coordinates: -4.093946, -4.185636, -1.442170
        Control Point 13
            Coordinates: -2.580223, -1.937371, -0.405094
        Control Point 14
            Coordinates: -5.367497, 1.733453, -1.755355
        Control Point 15
            Coordinates: -6.237007, 1.420150, -2.939424
        Control Point 16
            Coordinates: -7.246289, -0.011436, -6.096504
        Control Point 17
            Coordinates: -2.794418, 6.031821, 0.372594
        Control Point 18
            Coordinates: -7.454493, 5.840029, -5.285038
        Control Point 19
            Coordinates: -7.260621, 1.418982, -5.442189
        Control Point 20
            Coordinates: -6.509641, -1.888507, -3.972212
        Control Point 21
            Coordinates: -4.835836, -6.227848, -4.036301
        Control Point 22
            Coordinates: -4.838043, -7.055860, -6.239616
        Control Point 23
            Coordinates: -4.585809, -7.401169, -6.950488
        Control Point 24
            Coordinates: -2.628595, 3.359321, 0.407865
        Control Point 25
            Coordinates: -5.701328, 7.533261, -2.346601
        Control Point 26
            Coordinates: -1.001723, -7.264717, -0.317012
        Control Point 27
            Coordinates: -0.080599, -5.596519, 0.550023
        Control Point 28
            Coordinates: 2.704773, -4.475560, -0.508878
        Control Point 29
            Coordinates: 1.495332, -2.273716, 0.199434
        Control Point 30
            Coordinates: 1.750679, -3.498826, 0.037955
        Control Point 31
            Coordinates: 0.758488, -4.751244, 0.383958
        Control Point 32
            Coordinates: 0.012557, 0.062490, 0.418470
        Control Point 33
            Coordinates: 0.925643, -1.670620, 0.534636
        Control Point 34
            Coordinates: 2.790048, -1.272465, -0.752084
        Control Point 35
            Coordinates: 0.959180, -7.255928, -0.282403
        Control Point 36
            Coordinates: 6.772089, 2.546799, -4.914010
        Control Point 37
            Coordinates: 6.465806, 5.439944, -4.530241
        Control Point 38
            Coordinates: 4.865054, 4.276607, -1.382570
        Control Point 39
            Coordinates: 2.085650, 3.489071, 0.433278
        Control Point 40
            Coordinates: 2.144454, 6.524559, 0.287026
        Control Point 41
            Coordinates: 4.966238, 6.127102, -1.700971
        Control Point 42
            Coordinates: 4.864591, -5.960877, -3.984017
        Control Point 43
            Coordinates: 4.936066, -6.786863, -6.186936
        Control Point 44
            Coordinates: 2.003691, -9.288850, -3.181288
        Control Point 45
            Coordinates: 4.710880, -7.145311, -6.900381
        Control Point 46
            Coordinates: 1.476075, -8.812088, -0.640095
        Control Point 47
            Coordinates: 1.586406, -9.491301, -1.498321
        Control Point 48
            Coordinates: 5.013298, -0.982436, -1.994480
        Control Point 49
            Coordinates: 5.815093, 1.488203, -3.059456
        Control Point 50
            Coordinates: 5.897445, 0.368180, -3.238305
        Control Point 51
            Coordinates: 4.974858, 2.147958, -1.755119
        Control Point 52
            Coordinates: 6.477028, -1.289844, -4.262444
        Control Point 53
            Coordinates: 4.045997, -3.676964, -1.256346
        Control Point 54
            Coordinates: 6.117306, -5.223042, -8.642245
        Control Point 55
            Coordinates: 5.015214, 7.708825, -2.248785
        Control Point 56
            Coordinates: -7.739493, 3.295938, -9.675262
        Control Point 57
            Coordinates: -0.486329, -6.342722, 0.177505
        Control Point 58
            Coordinates: -1.286872, -3.414936, 0.606406
        Control Point 59
            Coordinates: -0.574177, -4.427757, 0.530098
        Control Point 60
            Coordinates: -2.060724, 1.388721, -0.067328
        Control Point 61
            Coordinates: -1.741974, 0.243345, -0.365164
        Control Point 62
            Coordinates: -0.205807, 1.049419, 0.363962
        Control Point 63
            Coordinates: -0.159146, -0.718034, 0.731710
        Control Point 64
            Coordinates: -0.655774, -1.533689, 0.928661
        Control Point 65
            Coordinates: -1.901074, -3.598467, 0.022904
        Control Point 66
            Coordinates: -1.468963, -2.459052, 0.392551
        Control Point 67
            Coordinates: -0.776840, -3.177234, 1.265159
        Control Point 68
            Coordinates: -0.858883, -2.578440, 1.275130
        Control Point 69
            Coordinates: -6.813631, 2.446783, -3.978584
        Control Point 70
            Coordinates: -6.444049, 3.257295, -3.103876
        Control Point 71
            Coordinates: -4.070282, 5.027608, -0.358375
        Control Point 72
            Coordinates: -4.404747, 3.214150, -0.643549
        Control Point 73
            Coordinates: -4.275616, 6.713736, -0.656622
        Control Point 74
            Coordinates: -5.408008, 3.598201, -1.400511
        Control Point 75
            Coordinates: -6.329355, 4.686101, -2.806633
        Control Point 76
            Coordinates: -6.130643, 3.820400, -2.325514
        Control Point 77
            Coordinates: -6.386401, 5.445102, -3.010928
        Control Point 78
            Coordinates: -1.392624, 4.949233, 0.923578
        Control Point 79
            Coordinates: -1.349562, 3.112985, 0.817347
        Control Point 80
            Coordinates: -0.337742, 5.719033, 0.996950
        Control Point 81
            Coordinates: -1.556297, 6.461141, 0.722858
        Control Point 82
            Coordinates: -3.684778, -8.095863, -4.558022
        Control Point 83
            Coordinates: -4.040122, -7.288958, -3.295992
        Control Point 84
            Coordinates: -3.189129, -8.530790, -5.009063
        Control Point 85
            Coordinates: -2.629173, -8.914371, -2.959619
        Control Point 86
            Coordinates: 0.369625, -8.983615, -0.230949
        Control Point 87
            Coordinates: -1.014902, -8.971831, -0.492357
        Control Point 88
            Coordinates: -0.701091, -9.687788, -1.164520
        Control Point 89
            Coordinates: -0.762246, -9.810386, -2.267979
        Control Point 90
            Coordinates: 0.097322, -9.705825, -0.958645
        Control Point 91
            Coordinates: -1.979884, -9.341564, -1.930865
        Control Point 92
            Coordinates: -2.156166, -8.659038, -1.359915
        Control Point 93
            Coordinates: -3.009304, -8.129720, -2.204084
        Control Point 94
            Coordinates: -4.649904, -0.762805, -1.796464
        Control Point 95
            Coordinates: -6.319158, 0.275116, -3.437520
        Control Point 96
            Coordinates: -5.833353, 0.489303, -2.765757
        Control Point 97
            Coordinates: -6.525272, 2.034578, -3.377906
        Control Point 98
            Coordinates: -6.805675, 1.315836, -4.079186
        Control Point 99
            Coordinates: -6.921423, 0.625910, -4.530737
        Control Point 100
            Coordinates: -6.843152, 0.039439, -4.502405
        Control Point 101
            Coordinates: -5.656317, -3.002140, -2.720738
        Control Point 102
            Coordinates: -5.117416, -1.938943, -1.819878
        Control Point 103
            Coordinates: -6.113422, -1.413099, -3.065170
        Control Point 104
            Coordinates: -6.580030, -0.621351, -3.968088
        Control Point 105
            Coordinates: -6.947993, -0.826263, -4.964690
        Control Point 106
            Coordinates: -7.300783, -1.181365, -6.903046
        Control Point 107
            Coordinates: -6.896820, -2.175578, -5.487358
        Control Point 108
            Coordinates: -3.834647, -2.402229, -1.010337
        Control Point 109
            Coordinates: -6.317101, -3.565342, -4.891085
        Control Point 110
            Coordinates: -6.111806, -4.696089, -6.048254
        Control Point 111
            Coordinates: -5.949507, -3.693881, -3.852957
        Control Point 112
            Coordinates: -4.452909, -5.041531, -2.144348
        Control Point 113
            Coordinates: -5.734521, -6.002558, -7.660178
        Control Point 114
            Coordinates: -6.905703, -3.387143, -7.523986
        Control Point 115
            Coordinates: -3.256745, 1.690801, -0.368766
        Control Point 116
            Coordinates: -4.401905, 1.969992, -0.940745
        Control Point 117
            Coordinates: -0.269059, 3.223391, 0.998672
        Control Point 118
            Coordinates: -4.460176, 8.355947, -1.410475
        Control Point 119
            Coordinates: -5.633886, 6.389501, -1.867342
        Control Point 120
            Coordinates: -8.297438, -0.584802, -10.675722
        Control Point 121
            Coordinates: -1.701943, 9.080427, -0.249998
        Control Point 122
            Coordinates: -6.963015, 7.121422, -4.098456
        Control Point 123
            Coordinates: -2.739321, -6.888658, -1.355776
        Control Point 124
            Coordinates: -0.911466, -6.775872, 0.043003
        Control Point 125
            Coordinates: -1.946199, -6.173570, -0.644001
        Control Point 126
            Coordinates: -0.998950, -5.407924, 0.235690
        Control Point 127
            Coordinates: 0.016420, -6.991284, 0.190572
        Control Point 128
            Coordinates: 1.100893, -3.349236, 0.619273
        Control Point 129
            Coordinates: 1.378254, 0.501521, -0.200797
        Control Point 130
            Coordinates: 1.537857, 1.383568, 0.087970
        Control Point 131
            Coordinates: 0.302316, -0.753561, 0.576686
        Control Point 132
            Coordinates: 0.617343, -2.498535, 1.084887
        Control Point 133
            Coordinates: 0.912513, -0.915095, 0.212476
        Control Point 134
            Coordinates: 1.615178, -1.170123, -0.133300
        Control Point 135
            Coordinates: 1.562417, -1.773152, 0.116828
        Control Point 136
            Coordinates: 1.211265, -2.377792, 0.377697
        Control Point 137
            Coordinates: 0.633610, -3.148979, 1.212222
        Control Point 138
            Coordinates: 0.299296, -4.276261, 0.668622
        Control Point 139
            Coordinates: 6.301038, 3.686928, -3.725537
        Control Point 140
            Coordinates: 3.441578, 5.234332, -0.317894
        Control Point 141
            Coordinates: 4.906976, 5.216098, -1.516369
        Control Point 142
            Coordinates: 3.583452, 6.387257, -0.544540
        Control Point 143
            Coordinates: 2.035033, 5.159853, 0.491539
        Control Point 144
            Coordinates: 5.787582, 5.520848, -2.785138
        Control Point 145
            Coordinates: 5.429938, 3.485443, -1.981123
        Control Point 146
            Coordinates: 0.758629, 5.008426, 0.935170
        Control Point 147
            Coordinates: 0.841054, 6.527106, 0.735773
        Control Point 148
            Coordinates: 0.817776, 3.172644, 0.829030
        Control Point 149
            Coordinates: 3.823699, -7.889219, -4.517553
        Control Point 150
            Coordinates: 3.357610, -8.350617, -4.973779
        Control Point 151
            Coordinates: 0.895706, -9.643839, -1.155914
        Control Point 152
            Coordinates: 0.975394, -9.762567, -2.258610
        Control Point 153
            Coordinates: 2.161402, -9.227193, -1.908624
        Control Point 154
            Coordinates: 2.294020, -8.536592, -1.335928
        Control Point 155
            Coordinates: 3.126627, -7.961239, -2.170565
        Control Point 156
            Coordinates: 4.256788, -0.701434, -1.732867
        Control Point 157
            Coordinates: 5.029899, 1.048021, -2.727838
        Control Point 158
            Coordinates: 4.652133, 0.049214, -2.263599
        Control Point 159
            Coordinates: 5.982116, 0.943945, -3.340122
        Control Point 160
            Coordinates: 5.670877, 2.981760, -2.460361
        Control Point 161
            Coordinates: 5.541035, 1.973756, -2.532809
        Control Point 162
            Coordinates: 6.461445, 1.546042, -4.135133
        Control Point 163
            Coordinates: 6.973054, 0.675532, -6.094205
        Control Point 164
            Coordinates: 5.426573, -1.935520, -2.349546
        Control Point 165
            Coordinates: 5.864899, -1.083424, -3.000611
        Control Point 166
            Coordinates: 4.734049, -2.072564, -1.640247
        Control Point 167
            Coordinates: 5.487185, -2.459966, -2.596940
        Control Point 168
            Coordinates: 6.296952, -0.266945, -3.898684
        Control Point 169
            Coordinates: 5.656590, -0.236360, -2.818664
        Control Point 170
            Coordinates: 6.804570, -1.529960, -5.573814
        Control Point 171
            Coordinates: 4.329226, -1.932998, -1.355332
        Control Point 172
            Coordinates: 5.890809, -3.339289, -3.900565
        Control Point 173
            Coordinates: 6.075979, -4.360665, -5.982566
        Control Point 174
            Coordinates: 4.396640, -4.797979, -2.096651
        Control Point 175
            Coordinates: 6.812529, -3.009597, -7.450050
        Control Point 176
            Coordinates: 5.788502, -5.685430, -7.598072
        Control Point 177
            Coordinates: 2.766502, 1.877927, -0.331089
        Control Point 178
            Coordinates: 3.916486, 3.038688, -0.652941
        Control Point 179
            Coordinates: 4.866805, 3.413781, -1.383147
        Control Point 180
            Coordinates: 3.541158, 7.483526, -0.840488
        Control Point 181
            Coordinates: 3.663848, 8.505201, -1.342108
        Control Point 182
            Coordinates: 7.512815, -0.379522, -9.892115
        Control Point 183
            Coordinates: 0.852889, 9.150742, -0.236230
        Control Point 184
            Coordinates: 5.868396, 6.640864, -3.324292
        Control Point 185
            Coordinates: 7.229561, 3.171778, -7.204005
        Control Point 186
            Coordinates: 6.911779, 4.266639, -5.836686
        Control Point 187
            Coordinates: 4.857607, -0.389700, -2.236090
        Control Point 188
            Coordinates: 2.652253, -0.512683, -1.071287
        Control Point 189
            Coordinates: 5.460217, -3.370260, -2.953182
        Control Point 190
            Coordinates: 2.728961, -6.840916, -1.320516
        Control Point 191
            Coordinates: 0.669146, -6.273172, 0.114121
        Control Point 192
            Coordinates: 0.971622, -5.351866, 0.229674
        Control Point 193
            Coordinates: 1.939967, -6.066620, -0.623051
        Control Point 194
            Coordinates: 0.923312, -6.756922, 0.055615
        Control Point 195
            Coordinates: 7.400999, 2.204827, -8.602002
        Control Point 196
            Coordinates: -7.574776, 1.253975, -7.544675
        Control Point 197
            Coordinates: -7.463646, 2.094967, -6.399013
        Control Point 198
            Coordinates: -7.873383, 2.319217, -11.071197
        Control Point 199
            Coordinates: -8.209059, 4.587252, -6.935033
        Control Point 200
            Coordinates: -4.667028, -0.424209, -0.978970
        Control Point 201
            Coordinates: -4.885604, -0.083653, -1.044011
        Control Point 202
            Coordinates: -4.944579, 0.498781, -0.967186
        Control Point 203
            Coordinates: -4.755962, 0.929662, -0.771639
        Control Point 204
            Coordinates: -3.553623, -0.581865, -0.349763
        Control Point 205
            Coordinates: -3.315155, -0.198529, -0.143729
        Control Point 206
            Coordinates: -3.247222, 0.374087, 0.014036
        Control Point 207
            Coordinates: -3.432007, 0.910554, 0.032592
        Control Point 208
            Coordinates: -3.900164, 1.064041, -0.138158
        Control Point 209
            Coordinates: -4.468606, 1.045212, -0.475902
        Control Point 210
            Coordinates: -4.184662, -0.610489, -0.633379
        Control Point 211
            Coordinates: -4.017457, 0.863106, -0.033525
        Control Point 212
            Coordinates: -3.918899, -0.379741, -0.262120
        Control Point 213
            Coordinates: -3.751686, -0.137105, -0.109117
        Control Point 214
            Coordinates: -3.714409, 0.231009, -0.005437
        Control Point 215
            Coordinates: -4.262448, -0.397055, -0.469820
        Control Point 216
            Coordinates: -4.527711, -0.216977, -0.587674
        Control Point 217
            Coordinates: -4.675907, 0.037913, -0.622709
        Control Point 218
            Coordinates: -4.659794, 0.347466, -0.541984
        Control Point 219
            Coordinates: -3.759517, 0.441523, 0.014618
        Control Point 220
            Coordinates: -3.850250, 0.665593, 0.013448
        Control Point 221
            Coordinates: -3.949018, 0.246954, -0.072856
        Control Point 222
            Coordinates: -4.465008, 0.333439, -0.487071
        Control Point 223
            Coordinates: -4.615044, 0.632125, -0.450732
        Control Point 224
            Coordinates: -4.506985, 0.801128, -0.344172
        Control Point 225
            Coordinates: -4.135255, 0.727239, -0.234540
        Control Point 226
            Coordinates: -4.071233, 0.651618, -0.216556
        Control Point 227
            Coordinates: -4.036495, 0.565832, -0.216106
        Control Point 228
            Coordinates: -4.281951, 0.568754, -0.361272
        Control Point 229
            Coordinates: -4.150037, 0.499843, -0.297646
        Control Point 230
            Coordinates: -4.269223, 0.710278, -0.319555
        Control Point 231
            Coordinates: -0.079108, -5.651153, 0.904887
        Control Point 232
            Coordinates: 1.025823, -6.764158, 0.360569
        Control Point 233
            Coordinates: 1.110161, -6.982990, 0.211315
        Control Point 234
            Coordinates: 1.582493, -6.594171, -0.028362
        Control Point 235
            Coordinates: 1.509232, -5.643215, 0.170613
        Control Point 236
            Coordinates: 1.447739, -5.914135, 0.208926
        Control Point 237
            Coordinates: 0.491935, -6.975770, 0.547323
        Control Point 238
            Coordinates: 0.575134, -7.244278, 0.376458
        Control Point 239
            Coordinates: -0.056307, -6.416677, 0.583590
        Control Point 240
            Coordinates: -0.039174, -7.043289, 0.604455
        Control Point 241
            Coordinates: -0.030242, -7.340672, 0.465608
        Control Point 242
            Coordinates: 0.812543, -5.962764, 0.611052
        Control Point 243
            Coordinates: 0.337796, -5.512824, 0.850439
        Control Point 244
            Coordinates: 0.861289, -5.491625, 0.626906
        Control Point 245
            Coordinates: 2.135774, -5.839451, -0.319665
        Control Point 246
            Coordinates: 1.415975, -7.133404, -0.164345
        Control Point 247
            Coordinates: 0.659266, -7.527677, 0.138229
        Control Point 248
            Coordinates: -0.020291, -7.654585, 0.222337
        Control Point 249
            Coordinates: 2.463229, -5.945171, -0.534935
        Control Point 250
            Coordinates: 1.871292, -6.672536, -0.325921
        Control Point 251
            Coordinates: 0.386860, -6.425016, 0.543692
        Control Point 252
            Coordinates: 0.891858, -6.369611, 0.373815
        Control Point 253
            Coordinates: 1.470428, -6.234502, 0.048890
        Control Point 254
            Coordinates: 2.081264, -6.072978, -0.354201
        Control Point 255
            Coordinates: -0.072767, -5.874412, 0.868507
        Control Point 256
            Coordinates: 0.350383, -5.927471, 0.800772
        Control Point 257
            Coordinates: -0.047830, -6.660913, 0.577302
        Control Point 258
            Coordinates: 0.411771, -6.650222, 0.534000
        Control Point 259
            Coordinates: 0.923851, -6.570225, 0.360780
        Control Point 260
            Coordinates: 1.514933, -6.421923, 0.026091
        Control Point 261
            Coordinates: 2.042202, -6.267788, -0.354864
        Control Point 262
            Coordinates: -1.115223, -6.823083, 0.349031
        Control Point 263
            Coordinates: -1.185786, -7.046178, 0.198945
        Control Point 264
            Coordinates: -1.676178, -6.683854, -0.045930
        Control Point 265
            Coordinates: -1.657477, -5.730370, 0.153546
        Control Point 266
            Coordinates: -1.581595, -5.997504, 0.192594
        Control Point 267
            Coordinates: -0.572547, -7.005066, 0.541587
        Control Point 268
            Coordinates: -0.639008, -7.277693, 0.369912
        Control Point 269
            Coordinates: -0.949054, -6.011247, 0.601558
        Control Point 270
            Coordinates: -0.502378, -5.535945, 0.845912
        Control Point 271
            Coordinates: -1.023805, -5.543505, 0.616747
        Control Point 272
            Coordinates: -2.266961, -5.960618, -0.343398
        Control Point 273
            Coordinates: -1.478800, -7.213074, -0.179951
        Control Point 274
            Coordinates: -0.704854, -7.565219, 0.130875
        Control Point 275
            Coordinates: -2.585767, -6.084125, -0.562148
        Control Point 276
            Coordinates: -1.950365, -6.777711, -0.346523
        Control Point 277
            Coordinates: -0.497888, -6.449365, 0.538922
        Control Point 278
            Coordinates: -1.003311, -6.421769, 0.363601
        Control Point 279
            Coordinates: -1.584904, -6.318588, 0.032420
        Control Point 280
            Coordinates: -2.199319, -6.190785, -0.377271
        Control Point 281
            Coordinates: -0.491603, -5.950644, 0.796231
        Control Point 282
            Coordinates: -0.506830, -6.675501, 0.529049
        Control Point 283
            Coordinates: -1.020639, -6.623738, 0.350300
        Control Point 284
            Coordinates: -1.615344, -6.508070, 0.009216
        Control Point 285
            Coordinates: -2.146158, -6.383058, -0.377440
        Control Point 286
            Coordinates: -2.555661, 2.517313, 0.807595
        Control Point 287
            Coordinates: -2.261174, 2.519512, 0.905772
        Control Point 288
            Coordinates: -3.781177, 4.065316, 0.498766
        Control Point 289
            Coordinates: -4.378902, 4.182926, 0.157538
        Control Point 290
            Coordinates: -4.977396, 4.173302, -0.305362
        Control Point 291
            Coordinates: -5.778562, 4.127466, -0.892071
        Control Point 292
            Coordinates: -5.678533, 3.675125, -0.937001
        Control Point 293
            Coordinates: -4.970268, 3.780411, -0.387889
        Control Point 294
            Coordinates: -4.402994, 3.759594, 0.049816
        Control Point 295
            Coordinates: -3.873538, 3.559022, 0.341042
        Control Point 296
            Coordinates: -3.338246, 3.203711, 0.617901
        Control Point 297
            Coordinates: -6.234262, 3.891605, -1.455293
        Control Point 298
            Coordinates: -6.134449, 3.503144, -1.489374
        Control Point 299
            Coordinates: -6.562579, 3.729587, -1.947458
        Control Point 300
            Coordinates: -6.471009, 3.365025, -2.015446
        Control Point 301
            Coordinates: -2.485072, 3.225626, 1.013710
        Control Point 302
            Coordinates: -2.989667, 2.898587, 0.741408
        Control Point 303
            Coordinates: -3.097841, 3.672564, 0.803560
        Control Point 304
            Coordinates: -2.084231, 1.171502, 0.526303
        Control Point 305
            Coordinates: -2.206703, 1.751901, 0.752856
        Control Point 306
            Coordinates: -2.408716, 2.240516, 0.909054
        Control Point 307
            Coordinates: -2.750537, 2.644576, 0.901052
        Control Point 308
            Coordinates: -3.147579, 2.979665, 0.839333
        Control Point 309
            Coordinates: -3.728218, 3.369200, 0.540089
        Control Point 310
            Coordinates: -4.444235, 3.675286, 0.150291
        Control Point 311
            Coordinates: -5.098867, 3.672126, -0.354784
        Control Point 312
            Coordinates: -5.710318, 3.591862, -0.828144
        Control Point 313
            Coordinates: -6.348009, 3.378071, -1.588435
        Control Point 314
            Coordinates: -6.679556, 3.134755, -2.281723
        Control Point 315
            Coordinates: -6.730659, 2.734348, -2.445940
        Control Point 316
            Coordinates: -6.733140, 2.370963, -2.506855
        Control Point 317
            Coordinates: -6.439588, 2.463392, -1.918098
        Control Point 318
            Coordinates: -6.064529, 2.554662, -1.358003
        Control Point 319
            Coordinates: -5.615849, 2.664643, -0.856645
        Control Point 320
            Coordinates: -4.515328, 2.730906, -0.018796
        Control Point 321
            Coordinates: -3.965271, 2.664315, 0.306496
        Control Point 322
            Coordinates: -3.487659, 2.476002, 0.547262
        Control Point 323
            Coordinates: -3.105706, 2.227852, 0.630536
        Control Point 324
            Coordinates: -2.721938, 1.823398, 0.621515
        Control Point 325
            Coordinates: -2.385584, 1.076444, 0.362121
        Control Point 326
            Coordinates: -2.553760, 1.449927, 0.491819
        Control Point 327
            Coordinates: -5.098796, 2.728448, -0.448201
        Control Point 328
            Coordinates: -6.512638, 1.861210, -2.257852
        Control Point 329
            Coordinates: -6.349330, 1.560637, -2.100692
        Control Point 330
            Coordinates: -5.816854, 1.693422, -1.769190
        Control Point 331
            Coordinates: -5.378220, 1.758865, -1.288800
        Control Point 332
            Coordinates: -4.933482, 1.869113, -0.890501
        Control Point 333
            Coordinates: -4.517382, 1.973662, -0.514656
        Control Point 334
            Coordinates: -4.038988, 2.015575, -0.213278
        Control Point 335
            Coordinates: -3.555751, 1.922205, 0.032885
        Control Point 336
            Coordinates: -3.110152, 1.716136, 0.119402
        Control Point 337
            Coordinates: -2.796407, 1.411128, 0.097564
        Control Point 338
            Coordinates: -2.444108, 0.929778, -0.018869
        Control Point 339
            Coordinates: -2.223417, 0.545700, -0.028368
        Control Point 340
            Coordinates: -1.943120, 0.101972, 0.053493
        Control Point 341
            Coordinates: -1.747709, 0.247967, 0.119809
        Control Point 342
            Coordinates: -2.060757, 0.679827, 0.049265
        Control Point 343
            Coordinates: -2.259185, 1.030492, 0.067408
        Control Point 344
            Coordinates: -2.552524, 1.522183, 0.225769
        Control Point 345
            Coordinates: -2.900810, 1.866060, 0.283409
        Control Point 346
            Coordinates: -3.454041, 2.216109, 0.192292
        Control Point 347
            Coordinates: -4.042837, 2.318112, -0.118150
        Control Point 348
            Coordinates: -4.560143, 2.267200, -0.446311
        Control Point 349
            Coordinates: -5.046814, 2.238458, -0.833894
        Control Point 350
            Coordinates: -5.604594, 2.113093, -1.308351
        Control Point 351
            Coordinates: -5.961414, 2.064295, -1.793216
        Control Point 352
            Coordinates: -1.674661, -0.285792, 0.101137
        Control Point 353
            Coordinates: -1.833278, -0.500980, 0.060635
        Control Point 354
            Coordinates: -2.239479, -0.569170, -0.133189
        Control Point 355
            Coordinates: -2.673389, -0.714714, -0.231776
        Control Point 356
            Coordinates: -3.492188, -0.895619, -0.598673
        Control Point 357
            Coordinates: -4.653785, -0.784528, -1.255232
        Control Point 358
            Coordinates: -5.503617, -0.247253, -1.994607
        Control Point 359
            Coordinates: -6.115195, 0.655321, -2.343064
        Control Point 360
            Coordinates: -6.520718, 1.329267, -2.258679
        Control Point 361
            Coordinates: -5.486751, 1.526864, -1.465734
        Control Point 362
            Coordinates: -4.698288, 1.699569, -0.753492
        Control Point 363
            Coordinates: -3.630899, 1.654909, -0.130627
        Control Point 364
            Coordinates: -3.126676, 1.460748, -0.023884
        Control Point 365
            Coordinates: -2.776318, 1.162621, -0.022728
        Control Point 366
            Coordinates: -2.432316, 0.751385, -0.060027
        Control Point 367
            Coordinates: -1.922662, -0.212461, 0.071490
        Control Point 368
            Coordinates: -1.971956, -0.297518, 0.080029
        Control Point 369
            Coordinates: -2.399034, -0.326901, -0.159558
        Control Point 370
            Coordinates: -3.081396, -0.102344, -0.457254
        Control Point 371
            Coordinates: -3.579541, -0.526392, -0.707668
        Control Point 372
            Coordinates: -4.633014, -0.487476, -1.209159
        Control Point 373
            Coordinates: -5.331334, -0.009056, -1.833074
        Control Point 374
            Coordinates: -5.959531, 0.643544, -2.085670
        Control Point 375
            Coordinates: -6.170450, 1.212425, -2.336684
        Control Point 376
            Coordinates: -5.421463, 1.265509, -1.520039
        Control Point 377
            Coordinates: -4.733379, 1.393194, -0.853505
        Control Point 378
            Coordinates: -3.727466, 1.384267, -0.238894
        Control Point 379
            Coordinates: -3.273419, 1.239293, -0.127149
        Control Point 380
            Coordinates: -2.915836, 1.015438, -0.105400
        Control Point 381
            Coordinates: -2.568248, 0.645472, -0.132862
        Control Point 382
            Coordinates: -2.205300, 0.280601, -0.053220
        Control Point 383
            Coordinates: -2.341265, 0.114105, -0.104164
        Control Point 384
            Coordinates: -2.636461, 0.427625, -0.183216
        Control Point 385
            Coordinates: -2.953157, 0.676298, -0.194718
        Control Point 386
            Coordinates: -3.332467, 0.898707, -0.239123
        Control Point 387
            Coordinates: -3.798102, 1.034606, -0.366380
        Control Point 388
            Coordinates: -4.806104, 0.995181, -1.024371
        Control Point 389
            Coordinates: -5.462989, 0.896321, -1.713706
        Control Point 390
            Coordinates: -5.791018, 0.961605, -2.063388
        Control Point 391
            Coordinates: -1.883320, -0.029803, 0.002709
        Control Point 392
            Coordinates: -6.043359, 1.426386, -2.080381
        Control Point 393
            Coordinates: -6.002536, 1.188702, -2.166209
        Control Point 394
            Coordinates: -5.165374, 2.031476, -0.840864
        Control Point 395
            Coordinates: -4.610428, 1.547585, -0.639814
        Control Point 396
            Coordinates: -4.297520, 1.646326, -0.439171
        Control Point 397
            Coordinates: -5.066285, 2.185414, -0.726041
        Control Point 398
            Coordinates: -5.043029, 1.538459, -0.860472
        Control Point 399
            Coordinates: -5.827309, 1.925426, -1.275304
        Control Point 400
            Coordinates: -5.965235, 1.825410, -1.569864
        Control Point 401
            Coordinates: -5.373829, 1.448171, -1.302258
        Control Point 402
            Coordinates: -5.610065, 1.330006, -1.443868
        Control Point 403
            Coordinates: -6.173471, 1.750721, -1.784248
        Control Point 404
            Coordinates: -6.450245, 1.654476, -2.089297
        Control Point 405
            Coordinates: -6.008594, 1.256323, -1.869685
        Control Point 406
            Coordinates: -4.833587, 1.716397, -0.744602
        Control Point 407
            Coordinates: -4.551364, 1.884379, -0.550978
        Control Point 408
            Coordinates: -4.346178, -0.859315, -0.878290
        Control Point 409
            Coordinates: -4.811286, -0.724022, -1.174454
        Control Point 410
            Coordinates: -5.092416, -1.414736, -1.189950
        Control Point 411
            Coordinates: -5.430357, -1.287157, -1.437558
        Control Point 412
            Coordinates: 6.632975, 8.373173, -5.397038
        Control Point 413
            Coordinates: 7.230386, 7.172250, -6.602989
        Control Point 414
            Coordinates: 7.285115, 6.039933, -9.867819
        Control Point 415
            Coordinates: 6.977957, 7.135140, -8.498085
        Control Point 416
            Coordinates: 7.175886, 4.441041, -8.418264
        Control Point 417
            Coordinates: 6.850620, 5.371675, -6.921010
        Control Point 418
            Coordinates: -5.210852, -0.485996, -1.436083
        Control Point 419
            Coordinates: -5.567397, -0.213096, -1.783569
        Control Point 420
            Coordinates: -6.189422, -0.589464, -2.274517
        Control Point 421
            Coordinates: -5.942482, -0.821456, -1.997045
        Control Point 422
            Coordinates: -5.699917, 0.103218, -2.028842
        Control Point 423
            Coordinates: -6.109266, 0.431588, -2.245519
        Control Point 424
            Coordinates: -6.828237, 0.144961, -2.658470
        Control Point 425
            Coordinates: -6.538817, -0.131213, -2.480273
        Control Point 426
            Coordinates: 5.899895, 10.852227, -2.671660
        Control Point 427
            Coordinates: 6.449213, 9.280541, -5.200243
        Control Point 428
            Coordinates: 6.633677, 11.980790, -7.648263
        Control Point 429
            Coordinates: 6.114948, 13.830383, -5.335042
        Control Point 430
            Coordinates: 7.729672, 2.853639, -9.955035
        Control Point 431
            Coordinates: 7.593129, 0.142130, -11.294712
        Control Point 432
            Coordinates: 8.486515, 1.033832, -14.718878
        Control Point 433
            Coordinates: 8.728168, 3.851999, -13.698771
        Control Point 434
            Coordinates: 2.692740, 0.561762, 0.070338
        Control Point 435
            Coordinates: 3.177934, 0.430178, 0.127465
        Control Point 436
            Coordinates: 3.238936, 0.064664, 0.026379
        Control Point 437
            Coordinates: 2.797338, -0.006287, -0.082906
        Control Point 438
            Coordinates: 4.193471, 1.197141, -0.639334
        Control Point 439
            Coordinates: 4.411866, 0.777048, -0.824481
        Control Point 440
            Coordinates: 4.132522, 0.597016, -0.361040
        Control Point 441
            Coordinates: 4.069079, 0.878810, -0.272616
        Control Point 442
            Coordinates: 3.889621, 1.297027, -0.358778
        Control Point 443
            Coordinates: 3.948337, 1.041749, -0.171901
        Control Point 444
            Coordinates: 2.846722, 1.107221, 0.097288
        Control Point 445
            Coordinates: 3.310274, 1.285421, -0.050072
        Control Point 446
            Coordinates: 3.446137, 1.077433, 0.113619
        Control Point 447
            Coordinates: 3.210628, 0.642758, 0.149427
        Control Point 448
            Coordinates: 3.702754, -0.371179, -0.527749
        Control Point 449
            Coordinates: 3.063108, -0.376256, -0.276111
        Control Point 450
            Coordinates: 3.424260, -0.168627, -0.117628
        Control Point 451
            Coordinates: 3.774871, -0.167535, -0.307760
        Control Point 452
            Coordinates: 4.186139, -0.159298, -0.848776
        Control Point 453
            Coordinates: 4.033468, 0.026436, -0.412414
        Control Point 454
            Coordinates: 4.387632, 0.192401, -0.903267
        Control Point 455
            Coordinates: 4.168427, 0.288838, -0.440359
        Control Point 456
            Coordinates: 3.367794, 0.445610, 0.042776
        Control Point 457
            Coordinates: 3.956803, 0.574559, -0.283648
        Control Point 458
            Coordinates: 3.757101, 0.799586, -0.163409
        Control Point 459
            Coordinates: 3.627184, 0.723731, -0.106386
        Control Point 460
            Coordinates: 3.507553, 0.783540, -0.030766
        Control Point 461
            Coordinates: 3.597723, 0.949959, -0.044471
        Control Point 462
            Coordinates: 3.735166, 0.940194, -0.122620
        Control Point 463
            Coordinates: 2.257483, 2.949839, 0.934764
        Control Point 464
            Coordinates: 2.592337, 3.273090, 0.828426
        Control Point 465
            Coordinates: 2.320960, 3.728373, 1.001117
        Control Point 466
            Coordinates: 1.727872, 3.249452, 1.180994
        Control Point 467
            Coordinates: 1.844394, 2.546087, 0.979837
        Control Point 468
            Coordinates: 1.547936, 2.532612, 1.063209
        Control Point 469
            Coordinates: 4.223650, 3.936311, -0.094649
        Control Point 470
            Coordinates: 4.955331, 3.869194, -0.607100
        Control Point 471
            Coordinates: 5.028585, 4.326135, -0.557930
        Control Point 472
            Coordinates: 4.206289, 4.328935, -0.012499
        Control Point 473
            Coordinates: 5.440369, 3.722137, -1.135144
        Control Point 474
            Coordinates: 5.517254, 4.115289, -1.096718
        Control Point 475
            Coordinates: 5.804062, 3.602552, -1.642876
        Control Point 476
            Coordinates: 5.872613, 3.971370, -1.571033
        Control Point 477
            Coordinates: 3.643293, 3.885073, 0.313826
        Control Point 478
            Coordinates: 3.592271, 4.306419, 0.419521
        Control Point 479
            Coordinates: 3.116288, 3.656487, 0.578339
        Control Point 480
            Coordinates: 2.990985, 4.157017, 0.730422
        Control Point 481
            Coordinates: 1.771360, 1.098730, 0.529083
        Control Point 482
            Coordinates: 1.912789, 1.480442, 0.666218
        Control Point 483
            Coordinates: 1.541272, 1.763366, 0.909006
        Control Point 484
            Coordinates: 1.460341, 1.177548, 0.677809
        Control Point 485
            Coordinates: 5.816702, 2.700436, -1.546279
        Control Point 486
            Coordinates: 6.137990, 2.624271, -2.118686
        Control Point 487
            Coordinates: 6.113587, 2.986946, -2.058513
        Control Point 488
            Coordinates: 6.034581, 3.383915, -1.897803
        Control Point 489
            Coordinates: 5.415850, 2.771165, -1.006455
        Control Point 490
            Coordinates: 5.663116, 3.608634, -1.223236
        Control Point 491
            Coordinates: 4.943485, 2.856747, -0.528841
        Control Point 492
            Coordinates: 4.986639, 3.787617, -0.496899
        Control Point 493
            Coordinates: 4.409707, 2.892699, -0.147167
        Control Point 494
            Coordinates: 4.355573, 3.834945, -0.055178
        Control Point 495
            Coordinates: 3.812404, 2.863856, 0.252204
        Control Point 496
            Coordinates: 3.684406, 3.802961, 0.416130
        Control Point 497
            Coordinates: 3.256370, 2.767937, 0.549507
        Control Point 498
            Coordinates: 2.973722, 3.459048, 0.769859
        Control Point 499
            Coordinates: 2.782295, 2.554385, 0.766247
        Control Point 500
            Coordinates: 2.405643, 3.039051, 1.040075
        Control Point 501
            Coordinates: 2.413026, 2.286305, 0.830760
        Control Point 502
            Coordinates: 2.026951, 2.683378, 1.082460
        Control Point 503
            Coordinates: 2.054218, 1.862140, 0.803355
        Control Point 504
            Coordinates: 1.709025, 2.261808, 1.074083
        Control Point 505
            Coordinates: 5.273022, 1.946740, -1.563410
        Control Point 506
            Coordinates: 5.822484, 1.842642, -1.867529
        Control Point 507
            Coordinates: 5.975214, 2.151587, -2.016533
        Control Point 508
            Coordinates: 5.397737, 2.324757, -1.580700
        Control Point 509
            Coordinates: 4.813880, 1.988398, -1.106151
        Control Point 510
            Coordinates: 5.020439, 2.354115, -1.114922
        Control Point 511
            Coordinates: 4.349806, 2.074561, -0.731090
        Control Point 512
            Coordinates: 4.440163, 2.449318, -0.669514
        Control Point 513
            Coordinates: 3.915395, 2.156571, -0.376999
        Control Point 514
            Coordinates: 3.939283, 2.451883, -0.307110
        Control Point 515
            Coordinates: 3.425704, 2.172819, -0.100141
        Control Point 516
            Coordinates: 3.409363, 2.475031, -0.005478
        Control Point 517
            Coordinates: 2.940773, 2.053774, 0.121588
        Control Point 518
            Coordinates: 2.817411, 2.341717, 0.275154
        Control Point 519
            Coordinates: 2.505983, 1.824344, 0.186148
        Control Point 520
            Coordinates: 2.283324, 1.962816, 0.339169
        Control Point 521
            Coordinates: 2.211884, 1.503201, 0.149299
        Control Point 522
            Coordinates: 1.958568, 1.601071, 0.264962
        Control Point 523
            Coordinates: 1.892982, 1.004026, 0.016441
        Control Point 524
            Coordinates: 1.700480, 1.094728, 0.093232
        Control Point 525
            Coordinates: 1.694892, 0.608833, -0.003433
        Control Point 526
            Coordinates: 1.523074, 0.734088, 0.065787
        Control Point 527
            Coordinates: 1.436938, 0.150827, 0.064914
        Control Point 528
            Coordinates: 1.232481, 0.286213, 0.121228
        Control Point 529
            Coordinates: 2.362823, 1.152414, 0.004306
        Control Point 530
            Coordinates: 2.706571, 1.394881, -0.000033
        Control Point 531
            Coordinates: 2.788065, 1.058017, -0.108353
        Control Point 532
            Coordinates: 2.421699, 0.815821, -0.082490
        Control Point 533
            Coordinates: 1.435323, -0.126445, 0.133236
        Control Point 534
            Coordinates: 1.488392, -0.208783, 0.144280
        Control Point 535
            Coordinates: 1.362473, -0.419270, 0.118359
        Control Point 536
            Coordinates: 1.191929, -0.212815, 0.150666
        Control Point 537
            Coordinates: 1.911047, -0.143560, -0.043074
        Control Point 538
            Coordinates: 1.777342, -0.465684, -0.054786
        Control Point 539
            Coordinates: 2.582244, -0.002697, -0.287699
        Control Point 540
            Coordinates: 2.219755, -0.587976, -0.131527
        Control Point 541
            Coordinates: 3.129006, -0.351514, -0.561572
        Control Point 542
            Coordinates: 3.057338, -0.724949, -0.456762
        Control Point 543
            Coordinates: 4.193449, -0.256429, -1.009721
        Control Point 544
            Coordinates: 4.231824, -0.551913, -1.054268
        Control Point 545
            Coordinates: 4.887409, 0.258886, -1.597938
        Control Point 546
            Coordinates: 5.077893, 0.030303, -1.750210
        Control Point 547
            Coordinates: 5.486670, 0.944039, -1.819633
        Control Point 548
            Coordinates: 5.651459, 0.964298, -2.068599
        Control Point 549
            Coordinates: 5.642210, 1.405472, -2.086224
        Control Point 550
            Coordinates: 5.971347, 1.512412, -2.326532
        Control Point 551
            Coordinates: 5.676355, 1.523527, -2.060196
        Control Point 552
            Coordinates: 5.988584, 1.726174, -2.102719
        Control Point 553
            Coordinates: 5.503765, 1.490782, -1.898473
        Control Point 554
            Coordinates: 5.527946, 1.730198, -1.811184
        Control Point 555
            Coordinates: 5.356141, 1.686700, -1.608602
        Control Point 556
            Coordinates: 5.267164, 1.493669, -1.673081
        Control Point 557
            Coordinates: 4.895636, 1.536086, -1.282965
        Control Point 558
            Coordinates: 4.944177, 1.800467, -1.225925
        Control Point 559
            Coordinates: 4.177762, 1.626516, -0.652485
        Control Point 560
            Coordinates: 4.122371, 1.930498, -0.554876
        Control Point 561
            Coordinates: 3.154069, 1.563775, -0.089256
        Control Point 562
            Coordinates: 3.039243, 1.828815, 0.013605
        Control Point 563
            Coordinates: 2.544805, 1.608158, 0.095418
        Control Point 564
            Coordinates: 2.213052, 1.291925, 0.079677
        Control Point 565
            Coordinates: 2.038853, 0.764620, -0.039743
        Control Point 566
            Coordinates: 1.895255, 0.863120, 0.026050
        Control Point 567
            Coordinates: 1.840726, 0.221976, -0.021669
        Control Point 568
            Coordinates: 1.389511, 0.053946, 0.062505
        Control Point 569
            Coordinates: 1.694803, 0.380992, 0.022226
        Control Point 570
            Coordinates: 2.120266, 0.550741, -0.086322
        Control Point 571
            Coordinates: 4.278381, 1.233090, -0.818767
        Control Point 572
            Coordinates: 3.248188, 1.218476, -0.212449
        Control Point 573
            Coordinates: 4.964740, 1.169817, -1.473551
        Control Point 574
            Coordinates: 5.301621, 1.252716, -1.806101
        Control Point 575
            Coordinates: 4.460420, 2.435085, -0.509976
        Control Point 576
            Coordinates: 4.571806, 2.286723, -0.619384
        Control Point 577
            Coordinates: 5.407412, 2.123999, -1.306540
        Control Point 578
            Coordinates: 5.252679, 2.216273, -1.019782
        Control Point 579
            Coordinates: 5.919848, 1.979490, -1.800314
        Control Point 580
            Coordinates: 5.627121, 2.060648, -1.509931
        Control Point 581
            Coordinates: 3.714202, 1.855813, -0.261170
        Control Point 582
            Coordinates: 4.038449, 1.773966, -0.445682
        Control Point 583
            Coordinates: 4.477510, 1.787955, -0.644352
        Control Point 584
            Coordinates: 4.829350, 1.715744, -1.068409
        Control Point 585
            Coordinates: 5.076040, 1.610383, -1.197811
        Control Point 586
            Coordinates: 5.493513, 1.558319, -1.602624
        Control Point 587
            Coordinates: 3.903333, -0.586013, -0.843489
        Control Point 588
            Coordinates: 4.370192, -0.426011, -1.116017
        Control Point 589
            Coordinates: 5.025532, -0.955341, -1.347157
        Control Point 590
            Coordinates: 4.686495, -1.100864, -1.116783
        Control Point 591
            Coordinates: 4.778593, -0.226823, -1.378979
        Control Point 592
            Coordinates: 5.132629, 0.064903, -1.708200
        Control Point 593
            Coordinates: 5.790701, -0.277533, -2.166570
        Control Point 594
            Coordinates: 5.546217, -0.522540, -1.901818
        Control Point 595
            Coordinates: 5.145700, 0.309126, -1.858162
        Control Point 596
            Coordinates: 5.543573, 0.658900, -2.054423
        Control Point 597
            Coordinates: 6.289711, 0.411123, -2.430362
        Control Point 598
            Coordinates: 6.009669, 0.119853, -2.266625
        Control Point 599
            Coordinates: -8.694880, 5.449265, -12.008220
        Control Point 600
            Coordinates: -8.488573, 4.291908, -9.218303
        Control Point 601
            Coordinates: -8.392348, 7.346851, -7.224246
        Control Point 602
            Coordinates: -8.608296, 8.811704, -9.841244
        Control Point 603
            Coordinates: -8.508270, -0.839448, -14.510498
        Control Point 604
            Coordinates: -8.345541, -1.986402, -12.428116
        Control Point 605
            Coordinates: -8.297011, 1.164547, -10.886518
        Control Point 606
            Coordinates: -8.469372, 2.628419, -12.834624
        Control Point 607
            Coordinates: -5.495942, 1.761928, -1.100032
        Control Point 608
            Coordinates: -5.605402, 1.595885, -1.407044
        Control Point 609
            Coordinates: -5.942233, 1.578047, -1.644546
        Control Point 610
            Coordinates: -6.243558, 1.468147, -1.986523
        Control Point 611
            Coordinates: -6.454557, 0.293933, -2.443844
        Control Point 612
            Coordinates: -6.121328, -0.014546, -2.255613
        Control Point 613
            Coordinates: -5.806960, -0.358049, -1.972650
        Control Point 614
            Coordinates: -5.596772, -0.662944, -1.731978
        Control Point 615
            Coordinates: -5.067590, -0.957168, -1.283383
        Control Point 616
            Coordinates: -4.688124, -1.113824, -1.021101
        Control Point 617
            Coordinates: -4.606456, 4.025778, -0.783323
        Control Point 618
            Coordinates: -4.906378, 3.406177, -1.022029
        Control Point 619
            Coordinates: -4.237513, 4.120881, -0.500962
        Control Point 620
            Coordinates: -4.739147, 4.312906, -0.879443
        Control Point 621
            Coordinates: -6.312463, 3.927792, -2.772672
        Control Point 622
            Coordinates: -6.287347, 3.538847, -2.714694
        Control Point 623
            Coordinates: -6.230000, 4.253250, -2.566072
        Control Point 624
            Coordinates: -6.386703, 3.971698, -2.955255
        Control Point 625
            Coordinates: -3.058322, 4.223273, 0.116273
        Control Point 626
            Coordinates: -2.010609, 4.154278, 0.665721
        Control Point 627
            Coordinates: -2.731453, 4.988420, 0.282602
        Control Point 628
            Coordinates: -3.516670, 3.286736, -0.117842
        Control Point 629
            Coordinates: -1.782375, 3.874147, 0.723285
        Control Point 630
            Coordinates: -1.989079, 3.236153, 0.612606
        Control Point 631
            Coordinates: -1.371093, 4.031109, 0.870462
        Control Point 632
            Coordinates: -6.299382, 2.663303, -2.861537
        Control Point 633
            Coordinates: -6.484661, 2.645936, -3.240890
        Control Point 634
            Coordinates: -6.381140, 1.727364, -3.158665
        Control Point 635
            Coordinates: -6.183825, 2.620275, -2.632470
        Control Point 636
            Coordinates: -5.289804, 4.446753, -1.552831
        Control Point 637
            Coordinates: -5.199819, 4.856854, -1.582504
        Control Point 638
            Coordinates: -5.769327, 3.709301, -1.863012
        Control Point 639
            Coordinates: -5.819200, 2.594852, -2.159033
        Control Point 640
            Coordinates: -5.802252, 1.576801, -2.347389
        Control Point 641
            Coordinates: -5.387753, 2.665827, -1.577932
        Control Point 642
            Coordinates: -2.262109, 2.368863, 0.195143
        Control Point 643
            Coordinates: -2.942671, 2.525062, 0.019549
        Control Point 644
            Coordinates: -2.528918, 1.541656, -0.205223
        Control Point 645
            Coordinates: -1.575326, 2.252748, 0.387833
        Control Point 646
            Coordinates: -4.948372, 2.636791, -1.226353
        Control Point 647
            Coordinates: -4.884702, 1.851722, -1.348049
        Control Point 648
            Coordinates: -4.403326, 2.592071, -0.792147
        Control Point 649
            Coordinates: -3.581424, 2.638886, -0.314539
        Control Point 650
            Coordinates: -3.829326, 1.830397, -0.654756
        Control Point 651
            Coordinates: 4.163159, 4.402141, -0.873011
        Control Point 652
            Coordinates: 3.679032, 4.136510, -0.485418
        Control Point 653
            Coordinates: 4.390771, 3.657648, -1.017755
        Control Point 654
            Coordinates: 4.886016, 4.746351, -1.449470
        Control Point 655
            Coordinates: 4.174277, 5.225214, -0.917132
        Control Point 656
            Coordinates: 5.830782, 4.117622, -2.811903
        Control Point 657
            Coordinates: 6.044310, 4.603888, -3.255338
        Control Point 658
            Coordinates: 5.608760, 4.503146, -2.383132
        Control Point 659
            Coordinates: 5.550409, 3.233603, -2.220742
        Control Point 660
            Coordinates: 5.985958, 3.334344, -3.092949
        Control Point 661
            Coordinates: 1.407243, 4.203573, 0.677844
        Control Point 662
            Coordinates: 0.788203, 4.090533, 0.882101
        Control Point 663
            Coordinates: 1.451712, 3.330858, 0.631155
        Control Point 664
            Coordinates: 2.060341, 4.324461, 0.462409
        Control Point 665
            Coordinates: 1.396831, 5.084139, 0.713356
        Control Point 666
            Coordinates: 2.941611, 4.154397, -0.055143
        Control Point 667
            Coordinates: 3.001068, 3.263880, -0.109831
        Control Point 668
            Coordinates: 2.738306, 5.197092, 0.086823
        Control Point 669
            Coordinates: 5.332593, 4.653234, -2.034122
        Control Point 670
            Coordinates: 5.147498, 3.881025, -1.681847
        Control Point 671
            Coordinates: 5.347279, 5.368474, -2.150754
        Control Point 672
            Coordinates: 5.391218, 2.388205, -2.238868
        Control Point 673
            Coordinates: 5.322868, 2.564859, -2.107740
        Control Point 674
            Coordinates: 5.257947, 2.060857, -2.143964
        Control Point 675
            Coordinates: 5.605955, 2.477759, -2.496585
        Control Point 676
            Coordinates: 6.061656, 2.521864, -3.344373
        Control Point 677
            Coordinates: 6.001241, 1.759900, -3.333971
        Control Point 678
            Coordinates: 6.381242, 2.616484, -3.930336
        Control Point 679
            Coordinates: 1.758842, 2.447171, 0.264427
        Control Point 680
            Coordinates: 1.092608, 2.267601, 0.492702
        Control Point 681
            Coordinates: 2.066970, 1.620243, -0.087358
        Control Point 682
            Coordinates: 2.426076, 2.683499, 0.051095
        Control Point 683
            Coordinates: 3.443051, 2.604875, -0.591692
        Control Point 684
            Coordinates: 3.870679, 2.012943, -1.043104
        Control Point 685
            Coordinates: 4.445673, 2.593323, -1.204030
        Control Point 686
            Coordinates: 4.574723, 2.833204, -1.261467
        Control Point 687
            Coordinates: 4.920831, 2.780870, -1.569133
        Control Point 688
            Coordinates: 4.391644, 3.226235, -1.018044
        Control Point 689
            Coordinates: 5.201155, 2.925586, -1.873058
        Control Point 690
            Coordinates: 5.148372, 3.449613, -1.682135
        Control Point 691
            Coordinates: 5.906285, 0.538451, -2.237175
        Control Point 692
            Coordinates: 5.748114, 0.177153, -2.142967
        Control Point 693
            Coordinates: 5.432935, -0.091365, -1.917374
        Control Point 694
            Coordinates: 5.198918, -0.388748, -1.665266
        Control Point 695
            Coordinates: 4.662665, -0.662246, -1.219173
        Control Point 696
            Coordinates: 4.340756, -0.873575, -0.996133
        Control Point 697
            Coordinates: 5.684602, 1.747095, -1.691231
        Control Point 698
            Coordinates: 5.344027, 1.829343, -1.349591
        Control Point 699
            Coordinates: 5.112491, 1.915713, -1.185049
        Control Point 700
            Coordinates: 4.853929, 1.995945, -0.826661
        Control Point 701
            Coordinates: 4.274262, 2.000672, -0.522481
        Control Point 702
            Coordinates: 4.040727, 2.109285, -0.370041
        Control Point 703
            Coordinates: -1.770207, -5.073244, -0.096126
        Control Point 704
            Coordinates: 1.658705, -4.623732, -0.029006
        Control Point 705
            Coordinates: 1.661468, -5.003071, -0.064291
        Control Point 706
            Coordinates: -5.398000, 0.449399, -1.772630
        Control Point 707
            Coordinates: -4.915740, 0.278294, -1.191899
        Control Point 708
            Coordinates: 4.925104, 0.702930, -1.537304
        Control Point 709
            Coordinates: 4.232977, 0.436809, -0.920849
        Control Point 710
            Coordinates: 10.745170, 3.648539, -13.596116
        Control Point 711
            Coordinates: 11.662507, 0.906184, -14.492576
        Control Point 712
            Coordinates: 14.376816, 4.537171, -15.021157
        Control Point 713
            Coordinates: 13.958946, 10.514495, -11.448966
        Control Point 714
            Coordinates: 12.728061, 7.031302, -14.492654
        Control Point 715
            Coordinates: 19.066673, 6.803391, -11.051398
        Control Point 716
            Coordinates: 9.758099, -0.242458, -11.215687
        Control Point 717
            Coordinates: 8.800932, -0.761271, -6.628325
        Control Point 718
            Coordinates: 10.527785, -3.581801, -11.206840
        Control Point 719
            Coordinates: 12.342954, 12.959149, -10.558424
        Control Point 720
            Coordinates: 8.268630, 12.835130, -12.953259
        Control Point 721
            Coordinates: 10.824417, 9.973157, -10.245608
        Control Point 722
            Coordinates: -10.870810, 2.534946, -12.721203
        Control Point 723
            Coordinates: -12.486694, 2.114909, -17.144241
        Control Point 724
            Coordinates: -12.335302, -0.453504, -13.215541
        Control Point 725
            Coordinates: -8.931515, 0.374539, -13.052016
        Control Point 726
            Coordinates: -12.442254, -0.538051, -18.336985
        Control Point 727
            Coordinates: -12.113334, -6.118292, -13.642680
        Control Point 728
            Coordinates: 6.742265, 1.338017, -2.530322
        Control Point 729
            Coordinates: 6.338380, 1.361586, -2.338302
        Control Point 730
            Coordinates: 6.530605, 0.979576, -2.400736
        Control Point 731
            Coordinates: 6.261603, 0.967655, -2.280395
        Control Point 732
            Coordinates: 5.642041, 0.940199, -2.003227
        Control Point 733
            Coordinates: 5.956315, 1.383882, -2.156654
        Control Point 734
            Coordinates: 3.141919, -0.757136, -0.340577
        Control Point 735
            Coordinates: 3.526503, -1.114175, -0.488728
        Control Point 736
            Coordinates: 3.618487, -0.682353, -0.632330
        Control Point 737
            Coordinates: 3.869043, -0.964544, -0.730201
        Control Point 738
            Coordinates: -6.290027, 0.757232, -2.240057
        Control Point 739
            Coordinates: -6.606273, 1.219231, -2.334333
        Control Point 740
            Coordinates: -6.742751, 0.804844, -2.428883
        Control Point 741
            Coordinates: -6.989580, 1.222286, -2.509185
        Control Point 742
            Coordinates: -7.191259, 0.852013, -2.615951
        Control Point 743
            Coordinates: -7.404401, 1.225591, -2.698410
        Control Point 744
            Coordinates: -3.518199, -0.976950, -0.425601
        Control Point 745
            Coordinates: -3.992126, -0.915185, -0.732070
        Control Point 746
            Coordinates: -3.803195, -1.282699, -0.591106
        Control Point 747
            Coordinates: -4.197854, -1.185877, -0.859801
        Control Point 748
            Coordinates: -2.794001, -0.760944, -1.018570

    Polygons
        Polygon 0
            Coordinates: -0.776840, -3.177234, 1.265159
            Color vertex (on layer 0): 1.000000 (red), 0.868000 (green), 0.576000 (blue)
            Texture UV (on layer 0): 0.379629, 0.371577
            Coordinates: -1.286872, -3.414936, 0.606406
            Color vertex (on layer 0): 1.000000 (red), 0.866700 (green), 0.572500 (blue)
            Texture UV (on layer 0): 0.393259, 0.373591
            Coordinates: -0.574177, -4.427757, 0.530098
            Color vertex (on layer 0): 1.000000 (red), 0.868000 (green), 0.576000 (blue)
            Texture UV (on layer 0): 0.646221, 0.612448
        Polygon 1
            Coordinates: -1.468963, -2.459052, 0.392551
            Color vertex (on layer 0): 1.000000 (red), 0.866700 (green), 0.572500 (blue)
            Texture UV (on layer 0): 0.391065, 0.381865
            Coordinates: -1.286872, -3.414936, 0.606406
            Color vertex (on layer 0): 1.000000 (red), 0.866700 (green), 0.572500 (blue)
            Texture UV (on layer 0): 0.393259, 0.373591
            Coordinates: -0.858883, -2.578440, 1.275130
            Color vertex (on layer 0): 1.000000 (red), 0.868000 (green), 0.576000 (blue)
            Texture UV (on layer 0): 0.386585, 0.370618
        Polygon 2
            Coordinates: -1.286872, -3.414936, 0.606406
            Color vertex (on layer 0): 1.000000 (red), 0.866700 (green), 0.572500 (blue)
            Texture UV (on layer 0): 0.393259, 0.373591
            Coordinates: -0.776840, -3.177234, 1.265159
            Color vertex (on layer 0): 1.000000 (red), 0.868000 (green), 0.576000 (blue)
            Texture UV (on layer 0): 0.379629, 0.371577
            Coordinates: -0.858883, -2.578440, 1.275130
            Color vertex (on layer 0): 1.000000 (red), 0.868000 (green), 0.576000 (blue)
            Texture UV (on layer 0): 0.386585, 0.370618
        Polygon 3
            Coordinates: -0.205807, 1.049419, 0.363962
            Color vertex (on layer 0): 1.000000 (red), 0.868000 (green), 0.576000 (blue)
            Texture UV (on layer 0): 0.388141, 0.300114
            Coordinates: -2.060724, 1.388721, -0.067328
            Color vertex (on layer 0): 1.000000 (red), 0.868000 (green), 0.576000 (blue)
            Texture UV (on layer 0): 0.381228, 0.300215
            Coordinates: -1.741974, 0.243345, -0.365164
            Color vertex (on layer 0): 1.000000 (red), 0.868000 (green), 0.576000 (blue)
            Texture UV (on layer 0): 0.396054, 0.300873
        Polygon 4
            Coordinates: -0.655774, -1.533689, 0.928661
            Color vertex (on layer 0): 1.000000 (red), 0.868000 (green), 0.576000 (blue)
            Texture UV (on layer 0): 0.648782, 0.612978
            Coordinates: -0.136107, -1.669364, 1.314746
            Color vertex (on layer 0): 1.000000 (red), 0.868000 (green), 0.576000 (blue)
            Texture UV (on layer 0): 0.373606, 0.439971
            Coordinates: -0.159146, -0.718034, 0.731710
            Color vertex (on layer 0): 1.000000 (red), 0.868000 (green), 0.576000 (blue)
            Texture UV (on layer 0): 0.363849, 0.432287
        Polygon 5
            Coordinates: -1.468963, -2.459052, 0.392551
            Color vertex (on layer 0): 1.000000 (red), 0.866700 (green), 0.572500 (blue)
            Texture UV (on layer 0): 0.391065, 0.381865
            Coordinates: -1.901074, -3.598467, 0.022904
            Color vertex (on layer 0): 1.000000 (red), 0.866700 (green), 0.572500 (blue)
            Texture UV (on layer 0): 0.383514, 0.378089
            Coordinates: -1.286872, -3.414936, 0.606406
            Color vertex (on layer 0): 1.000000 (red), 0.866700 (green), 0.572500 (blue)
            Texture UV (on layer 0): 0.393259, 0.373591
        Polygon 6
            Coordinates: -4.739147, 4.312906, -0.879443
            Color vertex (on layer 0): 1.000000 (red), 0.868000 (green), 0.576000 (blue)
            Texture UV (on layer 0): 0.435362, 0.448360
            Coordinates: -5.408008, 3.598201, -1.400511
            Color vertex (on layer 0): 1.000000 (red), 0.868000 (green), 0.576000 (blue)
            Texture UV (on layer 0): 0.397095, 0.488609
            Coordinates: -4.606456, 4.025778, -0.783323
            Color vertex (on layer 0): 1.000000 (red), 0.868000 (green), 0.576000 (blue)
            Texture UV (on layer 0): 0.428420, 0.461206
        Polygon 7
            Coordinates: -5.408008, 3.598201, -1.400511
            Color vertex (on layer 0): 1.000000 (red), 0.868000 (green), 0.576000 (blue)
            Texture UV (on layer 0): 0.397095, 0.488609
            Coordinates: -4.906378, 3.406177, -1.022029
            Color vertex (on layer 0): 1.000000 (red), 0.868000 (green), 0.576000 (blue)
            Texture UV (on layer 0): 0.435362, 0.448360
            Coordinates: -4.606456, 4.025778, -0.783323
            Color vertex (on layer 0): 1.000000 (red), 0.868000 (green), 0.576000 (blue)
            Texture UV (on layer 0): 0.428420, 0.461206
        Polygon 8
            Coordinates: -6.386703, 3.971698, -2.955255
            Color vertex (on layer 0): 1.000000 (red), 0.868000 (green), 0.576000 (blue)
            Texture UV (on layer 0): 0.428420, 0.461206
            Coordinates: -6.444049, 3.257295, -3.103876
            Color vertex (on layer 0): 1.000000 (red), 0.868000 (green), 0.576000 (blue)
            Texture UV (on layer 0): 0.537641, 0.567538
            Coordinates: -6.312463, 3.927792, -2.772672
            Color vertex (on layer 0): 1.000000 (red), 0.868000 (green), 0.576000 (blue)
            Texture UV (on layer 0): 0.428420, 0.461206
        Polygon 9
            Coordinates: -6.444049, 3.257295, -3.103876
            Color vertex (on layer 0): 1.000000 (red), 0.868000 (green), 0.576000 (blue)
            Texture UV (on layer 0): 0.537641, 0.567538
            Coordinates: -6.287347, 3.538847, -2.714694
            Color vertex (on layer 0): 1.000000 (red), 0.868000 (green), 0.576000 (blue)
            Texture UV (on layer 0): 0.442560, 0.445683
            Coordinates: -6.312463, 3.927792, -2.772672
            Color vertex (on layer 0): 1.000000 (red), 0.868000 (green), 0.576000 (blue)
            Texture UV (on layer 0): 0.428420, 0.461206
        Polygon 10
            Coordinates: -3.058322, 4.223273, 0.116273
            Color vertex (on layer 0): 1.000000 (red), 0.868000 (green), 0.576000 (blue)
            Texture UV (on layer 0): 0.428165, 0.451037
            Coordinates: -3.516670, 3.286736, -0.117842
            Color vertex (on layer 0): 1.000000 (red), 0.868000 (green), 0.576000 (blue)
            Texture UV (on layer 0): 0.414057, 0.453677
            Coordinates: -2.010609, 4.154278, 0.665721
            Color vertex (on layer 0): 1.000000 (red), 0.868000 (green), 0.576000 (blue)
            Texture UV (on layer 0): 0.413803, 0.465995
        Polygon 11
            Coordinates: -3.516670, 3.286736, -0.117842
            Color vertex (on layer 0): 1.000000 (red), 0.868000 (green), 0.576000 (blue)
            Texture UV (on layer 0): 0.414057, 0.453677
            Coordinates: -2.628595, 3.359321, 0.407865
            Color vertex (on layer 0): 1.000000 (red), 0.868000 (green), 0.576000 (blue)
            Texture UV (on layer 0): 0.323953, 0.361496
            Coordinates: -2.010609, 4.154278, 0.665721
            Color vertex (on layer 0): 1.000000 (red), 0.868000 (green), 0.576000 (blue)
            Texture UV (on layer 0): 0.413803, 0.465995
        Polygon 12
            Coordinates: -2.010609, 4.154278, 0.665721
            Color vertex (on layer 0): 1.000000 (red), 0.868000 (green), 0.576000 (blue)
            Texture UV (on layer 0): 0.413803, 0.465995
            Coordinates: -2.628595, 3.359321, 0.407865
            Color vertex (on layer 0): 1.000000 (red), 0.868000 (green), 0.576000 (blue)
            Texture UV (on layer 0): 0.323953, 0.361496
            Coordinates: -1.782375, 3.874147, 0.723285
            Color vertex (on layer 0): 1.000000 (red), 0.868000 (green), 0.576000 (blue)
            Texture UV (on layer 0): 0.421111, 0.452357
        Polygon 13
            Coordinates: -2.628595, 3.359321, 0.407865
            Color vertex (on layer 0): 1.000000 (red), 0.868000 (green), 0.576000 (blue)
            Texture UV (on layer 0): 0.323953, 0.361496
            Coordinates: -1.989079, 3.236153, 0.612606
            Color vertex (on layer 0): 1.000000 (red), 0.868000 (green), 0.576000 (blue)
            Texture UV (on layer 0): 0.413803, 0.465995
            Coordinates: -1.782375, 3.874147, 0.723285
            Color vertex (on layer 0): 1.000000 (red), 0.868000 (green), 0.576000 (blue)
            Texture UV (on layer 0): 0.421111, 0.452357
        Polygon 14
            Coordinates: 0.369625, -8.983615, -0.230949
            Color vertex (on layer 0): 1.000000 (red), 0.868000 (green), 0.576000 (blue)
            Texture UV (on layer 0): 0.325571, 0.398751
            Coordinates: -1.014902, -8.971831, -0.492357
            Color vertex (on layer 0): 1.000000 (red), 0.868000 (green), 0.576000 (blue)
            Texture UV (on layer 0): 0.517297, 0.580132
            Coordinates: 0.097322, -9.705825, -0.958645
            Color vertex (on layer 0): 1.000000 (red), 0.868000 (green), 0.576000 (blue)
            Texture UV (on layer 0): 0.316872, 0.403451
        Polygon 15
            Coordinates: -0.701091, -9.687788, -1.164520
            Color vertex (on layer 0): 1.000000 (red), 0.868000 (green), 0.576000 (blue)
            Texture UV (on layer 0): 0.337135, 0.390748
            Coordinates: 0.097322, -9.705825, -0.958645
            Color vertex (on layer 0): 1.000000 (red), 0.868000 (green), 0.576000 (blue)
            Texture UV (on layer 0): 0.316872, 0.403451
            Coordinates: -1.014902, -8.971831, -0.492357
            Color vertex (on layer 0): 1.000000 (red), 0.868000 (green), 0.576000 (blue)
            Texture UV (on layer 0): 0.517297, 0.580132
        Polygon 16
            Coordinates: -1.395406, -9.573346, -1.514390
            Color vertex (on layer 0): 1.000000 (red), 0.868000 (green), 0.576000 (blue)
            Texture UV (on layer 0): 0.546322, 0.427052
            Coordinates: -1.979884, -9.341564, -1.930865
            Color vertex (on layer 0): 1.000000 (red), 0.868000 (green), 0.576000 (blue)
            Texture UV (on layer 0): 0.402712, 0.444093
            Coordinates: -1.805045, -9.393671, -3.201813
            Color vertex (on layer 0): 1.000000 (red), 0.868000 (green), 0.576000 (blue)
            Texture UV (on layer 0): 0.551826, 0.418320
        Polygon 17
            Coordinates: -2.629173, -8.914371, -2.959619
            Color vertex (on layer 0): 1.000000 (red), 0.868000 (green), 0.576000 (blue)
            Texture UV (on layer 0): 0.545538, 0.415808
            Coordinates: -1.805045, -9.393671, -3.201813
            Color vertex (on layer 0): 1.000000 (red), 0.868000 (green), 0.576000 (blue)
            Texture UV (on layer 0): 0.551826, 0.418320
            Coordinates: -1.979884, -9.341564, -1.930865
            Color vertex (on layer 0): 1.000000 (red), 0.868000 (green), 0.576000 (blue)
            Texture UV (on layer 0): 0.402712, 0.444093
        Polygon 18
            Coordinates: -1.014902, -8.971831, -0.492357
            Color vertex (on layer 0): 1.000000 (red), 0.868000 (green), 0.576000 (blue)
            Texture UV (on layer 0): 0.517297, 0.580132
            Coordinates: -2.156166, -8.659038, -1.359915
            Color vertex (on layer 0): 1.000000 (red), 0.868000 (green), 0.576000 (blue)
            Texture UV (on layer 0): 0.355837, 0.431814
            Coordinates: -1.395406, -9.573346, -1.514390
            Color vertex (on layer 0): 1.000000 (red), 0.868000 (green), 0.576000 (blue)
            Texture UV (on layer 0): 0.393125, 0.310832
        Polygon 19
            Coordinates: -1.979884, -9.341564, -1.930865
            Color vertex (on layer 0): 1.000000 (red), 0.868000 (green), 0.576000 (blue)
            Texture UV (on layer 0): 0.371267, 0.432555
            Coordinates: -1.395406, -9.573346, -1.514390
            Color vertex (on layer 0): 1.000000 (red), 0.868000 (green), 0.576000 (blue)
            Texture UV (on layer 0): 0.393125, 0.310832
            Coordinates: -2.156166, -8.659038, -1.359915
            Color vertex (on layer 0): 1.000000 (red), 0.868000 (green), 0.576000 (blue)
            Texture UV (on layer 0): 0.355837, 0.431814
        Polygon 20
            Coordinates: -5.833353, 0.489303, -2.765757
            Color vertex (on layer 0): 1.000000 (red), 0.868000 (green), 0.576000 (blue)
            Texture UV (on layer 0): 0.373606, 0.439971
            Coordinates: -6.237007, 1.420150, -2.939424
            Color vertex (on layer 0): 1.000000 (red), 0.868000 (green), 0.576000 (blue)
            Texture UV (on layer 0): 0.326094, 0.384998
            Coordinates: -6.319158, 0.275116, -3.437520
            Color vertex (on layer 0): 1.000000 (red), 0.868000 (green), 0.576000 (blue)
            Texture UV (on layer 0): 0.510383, 0.575835
        Polygon 21
            Coordinates: -6.130643, 3.820400, -2.325514
            Color vertex (on layer 0): 1.000000 (red), 0.868000 (green), 0.576000 (blue)
            Texture UV (on layer 0): 0.636922, 0.493198
            Coordinates: -6.287347, 3.538847, -2.714694
            Color vertex (on layer 0): 1.000000 (red), 0.868000 (green), 0.576000 (blue)
            Texture UV (on layer 0): 0.428165, 0.451037
            Coordinates: -6.183825, 2.620275, -2.632470
            Color vertex (on layer 0): 1.000000 (red), 0.868000 (green), 0.576000 (blue)
            Texture UV (on layer 0): 0.417839, 0.435382
        Polygon 22
            Coordinates: -6.183825, 2.620275, -2.632470
            Color vertex (on layer 0): 1.000000 (red), 0.868000 (green), 0.576000 (blue)
            Texture UV (on layer 0): 0.417839, 0.435382
            Coordinates: -6.287347, 3.538847, -2.714694
            Color vertex (on layer 0): 1.000000 (red), 0.868000 (green), 0.576000 (blue)
            Texture UV (on layer 0): 0.428165, 0.451037
            Coordinates: -6.299382, 2.663303, -2.861537
            Color vertex (on layer 0): 1.000000 (red), 0.868000 (green), 0.576000 (blue)
            Texture UV (on layer 0): 0.413803, 0.465995
        Polygon 23
            Coordinates: -6.444049, 3.257295, -3.103876
            Color vertex (on layer 0): 1.000000 (red), 0.868000 (green), 0.576000 (blue)
            Texture UV (on layer 0): 0.639406, 0.519589
            Coordinates: -6.813631, 2.446783, -3.978584
            Color vertex (on layer 0): 1.000000 (red), 0.868000 (green), 0.576000 (blue)
            Texture UV (on layer 0): 0.664840, 0.530451
            Coordinates: -6.484661, 2.645936, -3.240890
            Color vertex (on layer 0): 1.000000 (red), 0.868000 (green), 0.576000 (blue)
            Texture UV (on layer 0): 0.425488, 0.431279
        Polygon 24
            Coordinates: -6.813631, 2.446783, -3.978584
            Color vertex (on layer 0): 1.000000 (red), 0.868000 (green), 0.576000 (blue)
            Texture UV (on layer 0): 0.664840, 0.530451
            Coordinates: -6.525272, 2.034578, -3.377906
            Color vertex (on layer 0): 1.000000 (red), 0.868000 (green), 0.576000 (blue)
            Texture UV (on layer 0): 0.316872, 0.403451
            Coordinates: -6.484661, 2.645936, -3.240890
            Color vertex (on layer 0): 1.000000 (red), 0.868000 (green), 0.576000 (blue)
            Texture UV (on layer 0): 0.425488, 0.431279
        Polygon 25
            Coordinates: -6.843152, 0.039439, -4.502405
            Color vertex (on layer 0): 1.000000 (red), 0.868000 (green), 0.576000 (blue)
            Texture UV (on layer 0): 0.408326, 0.312839
            Coordinates: -6.319158, 0.275116, -3.437520
            Color vertex (on layer 0): 1.000000 (red), 0.868000 (green), 0.576000 (blue)
            Texture UV (on layer 0): 0.510383, 0.575835
            Coordinates: -6.921423, 0.625910, -4.530737
            Color vertex (on layer 0): 1.000000 (red), 0.868000 (green), 0.576000 (blue)
            Texture UV (on layer 0): 0.510917, 0.563572
        Polygon 26
            Coordinates: -6.113422, -1.413099, -3.065170
            Color vertex (on layer 0): 1.000000 (red), 0.868000 (green), 0.576000 (blue)
            Texture UV (on layer 0): 0.340557, 0.430075
            Coordinates: -6.509641, -1.888507, -3.972212
            Color vertex (on layer 0): 1.000000 (red), 0.868000 (green), 0.576000 (blue)
            Texture UV (on layer 0): 0.340595, 0.437622
            Coordinates: -5.656317, -3.002140, -2.720738
            Color vertex (on layer 0): 1.000000 (red), 0.866700 (green), 0.572500 (blue)
            Texture UV (on layer 0): 0.379507, 0.413889
        Polygon 27
            Coordinates: -6.319158, 0.275116, -3.437520
            Color vertex (on layer 0): 1.000000 (red), 0.868000 (green), 0.576000 (blue)
            Texture UV (on layer 0): 0.510383, 0.575835
            Coordinates: -6.843152, 0.039439, -4.502405
            Color vertex (on layer 0): 1.000000 (red), 0.868000 (green), 0.576000 (blue)
            Texture UV (on layer 0): 0.408326, 0.312839
            Coordinates: -6.580030, -0.621351, -3.968088
            Color vertex (on layer 0): 1.000000 (red), 0.868000 (green), 0.576000 (blue)
            Texture UV (on layer 0): 0.363849, 0.432287
        Polygon 28
            Coordinates: -6.896820, -2.175578, -5.487358
            Color vertex (on layer 0): 1.000000 (red), 0.868000 (green), 0.576000 (blue)
            Texture UV (on layer 0): 0.541633, 0.555776
            Coordinates: -6.947993, -0.826263, -4.964690
            Color vertex (on layer 0): 1.000000 (red), 0.868000 (green), 0.576000 (blue)
            Texture UV (on layer 0): 0.399507, 0.384805
            Coordinates: -7.300783, -1.181365, -6.903046
            Color vertex (on layer 0): 1.000000 (red), 0.868000 (green), 0.576000 (blue)
            Texture UV (on layer 0): 0.418696, 0.376044
        Polygon 29
            Coordinates: -6.947993, -0.826263, -4.964690
            Color vertex (on layer 0): 1.000000 (red), 0.868000 (green), 0.576000 (blue)
            Texture UV (on layer 0): 0.399507, 0.384805
            Coordinates: -7.246289, -0.011436, -6.096504
            Color vertex (on layer 0): 1.000000 (red), 0.868000 (green), 0.576000 (blue)
            Texture UV (on layer 0): 0.408250, 0.387221
            Coordinates: -7.300783, -1.181365, -6.903046
            Color vertex (on layer 0): 1.000000 (red), 0.868000 (green), 0.576000 (blue)
            Texture UV (on layer 0): 0.418696, 0.376044
        Polygon 30
            Coordinates: -4.649904, -0.762805, -1.796464
            Color vertex (on layer 0): 1.000000 (red), 0.868000 (green), 0.576000 (blue)
            Texture UV (on layer 0): 0.396015, 0.397049
            Coordinates: -5.117416, -1.938943, -1.819878
            Color vertex (on layer 0): 1.000000 (red), 0.866700 (green), 0.572500 (blue)
            Texture UV (on layer 0): 0.391065, 0.381865
            Coordinates: -3.834647, -2.402229, -1.010337
            Color vertex (on layer 0): 1.000000 (red), 0.866700 (green), 0.572500 (blue)
            Texture UV (on layer 0): 0.395215, 0.360429
        Polygon 31
            Coordinates: -6.896820, -2.175578, -5.487358
            Color vertex (on layer 0): 1.000000 (red), 0.868000 (green), 0.576000 (blue)
            Texture UV (on layer 0): 0.541633, 0.555776
            Coordinates: -6.905703, -3.387143, -7.523986
            Color vertex (on layer 0): 1.000000 (red), 0.868000 (green), 0.576000 (blue)
            Texture UV (on layer 0): 0.407790, 0.377061
            Coordinates: -6.317101, -3.565342, -4.891085
            Color vertex (on layer 0): 1.000000 (red), 0.868000 (green), 0.576000 (blue)
            Texture UV (on layer 0): 0.428165, 0.451037
        Polygon 32
            Coordinates: -6.905703, -3.387143, -7.523986
            Color vertex (on layer 0): 1.000000 (red), 0.868000 (green), 0.576000 (blue)
            Texture UV (on layer 0): 0.407790, 0.377061
            Coordinates: -6.111806, -4.696089, -6.048254
            Color vertex (on layer 0): 1.000000 (red), 0.868000 (green), 0.576000 (blue)
            Texture UV (on layer 0): 0.536332, 0.544866
            Coordinates: -6.317101, -3.565342, -4.891085
            Color vertex (on layer 0): 1.000000 (red), 0.868000 (green), 0.576000 (blue)
            Texture UV (on layer 0): 0.428165, 0.451037
        Polygon 33
            Coordinates: -4.835836, -6.227848, -4.036301
            Color vertex (on layer 0): 1.000000 (red), 0.868000 (green), 0.576000 (blue)
            Texture UV (on layer 0): 0.384275, 0.407097
            Coordinates: -2.739321, -6.888658, -1.355776
            Color vertex (on layer 0): 1.000000 (red), 0.868000 (green), 0.576000 (blue)
            Texture UV (on layer 0): 0.391311, 0.392736
            Coordinates: -4.452909, -5.041531, -2.144348
            Color vertex (on layer 0): 1.000000 (red), 0.868000 (green), 0.576000 (blue)
            Texture UV (on layer 0): 0.386585, 0.370618
        Polygon 34
            Coordinates: -4.835836, -6.227848, -4.036301
            Color vertex (on layer 0): 1.000000 (red), 0.868000 (green), 0.576000 (blue)
            Texture UV (on layer 0): 0.384275, 0.407097
            Coordinates: -4.040122, -7.288958, -3.295992
            Color vertex (on layer 0): 1.000000 (red), 0.868000 (green), 0.576000 (blue)
            Texture UV (on layer 0): 0.333288, 0.428808
            Coordinates: -2.739321, -6.888658, -1.355776
            Color vertex (on layer 0): 1.000000 (red), 0.868000 (green), 0.576000 (blue)
            Texture UV (on layer 0): 0.391311, 0.392736
        Polygon 35
            Coordinates: -3.009304, -8.129720, -2.204084
            Color vertex (on layer 0): 1.000000 (red), 0.868000 (green), 0.576000 (blue)
            Texture UV (on layer 0): 0.343099, 0.436222
            Coordinates: -2.739321, -6.888658, -1.355776
            Color vertex (on layer 0): 1.000000 (red), 0.868000 (green), 0.576000 (blue)
            Texture UV (on layer 0): 0.391311, 0.392736
            Coordinates: -4.040122, -7.288958, -3.295992
            Color vertex (on layer 0): 1.000000 (red), 0.868000 (green), 0.576000 (blue)
            Texture UV (on layer 0): 0.333288, 0.428808
        Polygon 36
            Coordinates: -6.905703, -3.387143, -7.523986
            Color vertex (on layer 0): 1.000000 (red), 0.868000 (green), 0.576000 (blue)
            Texture UV (on layer 0): 0.407790, 0.377061
            Coordinates: -6.077001, -5.558661, -8.707971
            Color vertex (on layer 0): 1.000000 (red), 0.868000 (green), 0.576000 (blue)
            Texture UV (on layer 0): 0.534559, 0.555569
            Coordinates: -6.111806, -4.696089, -6.048254
            Color vertex (on layer 0): 1.000000 (red), 0.868000 (green), 0.576000 (blue)
            Texture UV (on layer 0): 0.536332, 0.544866
        Polygon 37
            Coordinates: -6.077001, -5.558661, -8.707971
            Color vertex (on layer 0): 1.000000 (red), 0.868000 (green), 0.576000 (blue)
            Texture UV (on layer 0): 0.534559, 0.555569
            Coordinates: -5.734521, -6.002558, -7.660178
            Color vertex (on layer 0): 1.000000 (red), 0.868000 (green), 0.576000 (blue)
            Texture UV (on layer 0): 0.435362, 0.448360
            Coordinates: -6.111806, -4.696089, -6.048254
            Color vertex (on layer 0): 1.000000 (red), 0.868000 (green), 0.576000 (blue)
            Texture UV (on layer 0): 0.536332, 0.544866
        Polygon 38
            Coordinates: -6.077001, -5.558661, -8.707971
            Color vertex (on layer 0): 1.000000 (red), 0.868000 (green), 0.576000 (blue)
            Texture UV (on layer 0): 0.534559, 0.555569
            Coordinates: -4.585809, -7.401169, -6.950488
            Color vertex (on layer 0): 1.000000 (red), 0.868000 (green), 0.576000 (blue)
            Texture UV (on layer 0): 0.435362, 0.448360
            Coordinates: -5.734521, -6.002558, -7.660178
            Color vertex (on layer 0): 1.000000 (red), 0.868000 (green), 0.576000 (blue)
            Texture UV (on layer 0): 0.435362, 0.448360
        Polygon 39
            Coordinates: -4.585809, -7.401169, -6.950488
            Color vertex (on layer 0): 1.000000 (red), 0.868000 (green), 0.576000 (blue)
            Texture UV (on layer 0): 0.435362, 0.448360
            Coordinates: -4.838043, -7.055860, -6.239616
            Color vertex (on layer 0): 1.000000 (red), 0.868000 (green), 0.576000 (blue)
            Texture UV (on layer 0): 0.430651, 0.439106
            Coordinates: -5.734521, -6.002558, -7.660178
            Color vertex (on layer 0): 1.000000 (red), 0.868000 (green), 0.576000 (blue)
            Texture UV (on layer 0): 0.435362, 0.448360
        Polygon 40
            Coordinates: 0.852889, 9.150742, -0.236230
            Color vertex (on layer 0): 1.000000 (red), 0.868000 (green), 0.576000 (blue)
            Texture UV (on layer 0): 0.385914, 0.398043
            Coordinates: -1.701943, 9.080427, -0.249998
            Color vertex (on layer 0): 1.000000 (red), 0.868000 (green), 0.576000 (blue)
            Texture UV (on layer 0): 0.369797, 0.487045
            Coordinates: 0.841054, 6.527106, 0.735773
            Color vertex (on layer 0): 1.000000 (red), 0.868000 (green), 0.576000 (blue)
            Texture UV (on layer 0): 0.388727, 0.460087
        Polygon 41
            Coordinates: 0.841054, 6.527106, 0.735773
            Color vertex (on layer 0): 1.000000 (red), 0.868000 (green), 0.576000 (blue)
            Texture UV (on layer 0): 0.388727, 0.460087
            Coordinates: -1.701943, 9.080427, -0.249998
            Color vertex (on layer 0): 1.000000 (red), 0.868000 (green), 0.576000 (blue)
            Texture UV (on layer 0): 0.369797, 0.487045
            Coordinates: -0.337742, 5.719033, 0.996950
            Color vertex (on layer 0): 1.000000 (red), 0.868000 (green), 0.576000 (blue)
            Texture UV (on layer 0): 0.345623, 0.319608
        Polygon 42
            Coordinates: -1.701943, 9.080427, -0.249998
            Color vertex (on layer 0): 1.000000 (red), 0.868000 (green), 0.576000 (blue)
            Texture UV (on layer 0): 0.369797, 0.487045
            Coordinates: -1.556297, 6.461141, 0.722858
            Color vertex (on layer 0): 1.000000 (red), 0.868000 (green), 0.576000 (blue)
            Texture UV (on layer 0): 0.368844, 0.310362
            Coordinates: -0.337742, 5.719033, 0.996950
            Color vertex (on layer 0): 1.000000 (red), 0.868000 (green), 0.576000 (blue)
            Texture UV (on layer 0): 0.345623, 0.319608
        Polygon 43
            Coordinates: -6.386401, 5.445102, -3.010928
            Color vertex (on layer 0): 1.000000 (red), 0.868000 (green), 0.576000 (blue)
            Texture UV (on layer 0): 0.354221, 0.384401
            Coordinates: -5.633886, 6.389501, -1.867342
            Color vertex (on layer 0): 1.000000 (red), 0.868000 (green), 0.576000 (blue)
            Texture UV (on layer 0): 0.341124, 0.372677
            Coordinates: -6.963015, 7.121422, -4.098456
            Color vertex (on layer 0): 1.000000 (red), 0.868000 (green), 0.576000 (blue)
            Texture UV (on layer 0): 0.345623, 0.319608
        Polygon 44
            Coordinates: -5.117416, -1.938943, -1.819878
            Color vertex (on layer 0): 1.000000 (red), 0.866700 (green), 0.572500 (blue)
            Texture UV (on layer 0): 0.391065, 0.381865
            Coordinates: -4.649904, -0.762805, -1.796464
            Color vertex (on layer 0): 1.000000 (red), 0.868000 (green), 0.576000 (blue)
            Texture UV (on layer 0): 0.396015, 0.397049
            Coordinates: -6.319158, 0.275116, -3.437520
            Color vertex (on layer 0): 1.000000 (red), 0.868000 (green), 0.576000 (blue)
            Texture UV (on layer 0): 0.510383, 0.575835
        Polygon 45
            Coordinates: -6.319158, 0.275116, -3.437520
            Color vertex (on layer 0): 1.000000 (red), 0.868000 (green), 0.576000 (blue)
            Texture UV (on layer 0): 0.510383, 0.575835
            Coordinates: -4.649904, -0.762805, -1.796464
            Color vertex (on layer 0): 1.000000 (red), 0.868000 (green), 0.576000 (blue)
            Texture UV (on layer 0): 0.396015, 0.397049
            Coordinates: -5.833353, 0.489303, -2.765757
            Color vertex (on layer 0): 1.000000 (red), 0.868000 (green), 0.576000 (blue)
            Texture UV (on layer 0): 0.373606, 0.439971
        Polygon 46
            Coordinates: -1.741974, 0.243345, -0.365164
            Color vertex (on layer 0): 1.000000 (red), 0.868000 (green), 0.576000 (blue)
            Texture UV (on layer 0): 0.396054, 0.300873
            Coordinates: -2.580223, -1.937371, -0.405094
            Color vertex (on layer 0): 1.000000 (red), 0.866700 (green), 0.572500 (blue)
            Texture UV (on layer 0): 0.397735, 0.390568
            Coordinates: -0.764911, -0.023328, 0.200990
            Color vertex (on layer 0): 1.000000 (red), 0.868000 (green), 0.576000 (blue)
            Texture UV (on layer 0): 0.645743, 0.604532
        Polygon 47
            Coordinates: -4.835836, -6.227848, -4.036301
            Color vertex (on layer 0): 1.000000 (red), 0.868000 (green), 0.576000 (blue)
            Texture UV (on layer 0): 0.384275, 0.407097
            Coordinates: -4.452909, -5.041531, -2.144348
            Color vertex (on layer 0): 1.000000 (red), 0.868000 (green), 0.576000 (blue)
            Texture UV (on layer 0): 0.386585, 0.370618
            Coordinates: -5.949507, -3.693881, -3.852957
            Color vertex (on layer 0): 1.000000 (red), 0.868000 (green), 0.576000 (blue)
            Texture UV (on layer 0): 0.333288, 0.428808
        Polygon 48
            Coordinates: -5.949507, -3.693881, -3.852957
            Color vertex (on layer 0): 1.000000 (red), 0.868000 (green), 0.576000 (blue)
            Texture UV (on layer 0): 0.333288, 0.428808
            Coordinates: -4.452909, -5.041531, -2.144348
            Color vertex (on layer 0): 1.000000 (red), 0.868000 (green), 0.576000 (blue)
            Texture UV (on layer 0): 0.386585, 0.370618
            Coordinates: -5.656317, -3.002140, -2.720738
            Color vertex (on layer 0): 1.000000 (red), 0.866700 (green), 0.572500 (blue)
            Texture UV (on layer 0): 0.379507, 0.413889
        Polygon 49
            Coordinates: -2.739321, -6.888658, -1.355776
            Color vertex (on layer 0): 1.000000 (red), 0.868000 (green), 0.576000 (blue)
            Texture UV (on layer 0): 0.391311, 0.392736
            Coordinates: -1.946199, -6.173570, -0.644001
            Color vertex (on layer 0): 1.000000 (red), 0.868000 (green), 0.576000 (blue)
            Texture UV (on layer 0): 0.343099, 0.436222
            Coordinates: -2.905028, -4.652115, -0.566307
            Color vertex (on layer 0): 1.000000 (red), 0.866700 (green), 0.572500 (blue)
            Texture UV (on layer 0): 0.393259, 0.373591
        Polygon 50
            Coordinates: -1.417775, -4.658962, 0.138816
            Color vertex (on layer 0): 1.000000 (red), 0.866700 (green), 0.572500 (blue)
            Texture UV (on layer 0): 0.386585, 0.370618
            Coordinates: -1.770207, -5.073244, -0.096126
            Color vertex (on layer 0): 1.000000 (red), 0.868000 (green), 0.576000 (blue)
            Texture UV (on layer 0): 0.403971, 0.295103
            Coordinates: -0.998950, -5.407924, 0.235690
            Color vertex (on layer 0): 1.000000 (red), 0.868000 (green), 0.576000 (blue)
            Texture UV (on layer 0): 0.383514, 0.378089
        Polygon 51
            Coordinates: 1.537857, 1.383568, 0.087970
            Color vertex (on layer 0): 1.000000 (red), 0.868000 (green), 0.576000 (blue)
            Texture UV (on layer 0): 0.318107, 0.377606
            Coordinates: -0.205807, 1.049419, 0.363962
            Color vertex (on layer 0): 1.000000 (red), 0.868000 (green), 0.576000 (blue)
            Texture UV (on layer 0): 0.388141, 0.300114
            Coordinates: 1.378254, 0.501521, -0.200797
            Color vertex (on layer 0): 1.000000 (red), 0.868000 (green), 0.576000 (blue)
            Texture UV (on layer 0): 0.320926, 0.408966
        Polygon 52
            Coordinates: 0.617343, -2.498535, 1.084887
            Color vertex (on layer 0): 1.000000 (red), 0.868000 (green), 0.576000 (blue)
            Texture UV (on layer 0): 0.404840, 0.301924
            Coordinates: 0.302316, -0.753561, 0.576686
            Color vertex (on layer 0): 1.000000 (red), 0.868000 (green), 0.576000 (blue)
            Texture UV (on layer 0): 0.413116, 0.301852
            Coordinates: -0.136107, -1.669364, 1.314746
            Color vertex (on layer 0): 1.000000 (red), 0.868000 (green), 0.576000 (blue)
            Texture UV (on layer 0): 0.408326, 0.312839
        Polygon 53
            Coordinates: -0.159146, -0.718034, 0.731710
            Color vertex (on layer 0): 1.000000 (red), 0.868000 (green), 0.576000 (blue)
            Texture UV (on layer 0): 0.409155, 0.444297
            Coordinates: -0.136107, -1.669364, 1.314746
            Color vertex (on layer 0): 1.000000 (red), 0.868000 (green), 0.576000 (blue)
            Texture UV (on layer 0): 0.408326, 0.312839
            Coordinates: 0.302316, -0.753561, 0.576686
            Color vertex (on layer 0): 1.000000 (red), 0.868000 (green), 0.576000 (blue)
            Texture UV (on layer 0): 0.413116, 0.301852
        Polygon 54
            Coordinates: 2.790048, -1.272465, -0.752084
            Color vertex (on layer 0): 1.000000 (red), 0.868000 (green), 0.576000 (blue)
            Texture UV (on layer 0): 0.637988, 0.558973
            Coordinates: 0.012557, 0.062490, 0.418470
            Color vertex (on layer 0): 1.000000 (red), 0.868000 (green), 0.576000 (blue)
            Texture UV (on layer 0): 0.323277, 0.418031
            Coordinates: 1.615178, -1.170123, -0.133300
            Color vertex (on layer 0): 1.000000 (red), 0.868000 (green), 0.576000 (blue)
            Texture UV (on layer 0): 0.326094, 0.384998
        Polygon 55
            Coordinates: 0.012557, 0.062490, 0.418470
            Color vertex (on layer 0): 1.000000 (red), 0.868000 (green), 0.576000 (blue)
            Texture UV (on layer 0): 0.323277, 0.418031
            Coordinates: 0.912513, -0.915095, 0.212476
            Color vertex (on layer 0): 1.000000 (red), 0.868000 (green), 0.576000 (blue)
            Texture UV (on layer 0): 0.325624, 0.409627
            Coordinates: 1.615178, -1.170123, -0.133300
            Color vertex (on layer 0): 1.000000 (red), 0.868000 (green), 0.576000 (blue)
            Texture UV (on layer 0): 0.326094, 0.384998
        Polygon 56
            Coordinates: 1.562417, -1.773152, 0.116828
            Color vertex (on layer 0): 1.000000 (red), 0.868000 (green), 0.576000 (blue)
            Texture UV (on layer 0): 0.350736, 0.340158
            Coordinates: 0.925643, -1.670620, 0.534636
            Color vertex (on layer 0): 1.000000 (red), 0.868000 (green), 0.576000 (blue)
            Texture UV (on layer 0): 0.369797, 0.487045
            Coordinates: 1.495332, -2.273716, 0.199434
            Color vertex (on layer 0): 1.000000 (red), 0.868000 (green), 0.576000 (blue)
            Texture UV (on layer 0): 0.639406, 0.519589
        Polygon 57
            Coordinates: 0.925643, -1.670620, 0.534636
            Color vertex (on layer 0): 1.000000 (red), 0.868000 (green), 0.576000 (blue)
            Texture UV (on layer 0): 0.369797, 0.487045
            Coordinates: 1.211265, -2.377792, 0.377697
            Color vertex (on layer 0): 1.000000 (red), 0.868000 (green), 0.576000 (blue)
            Texture UV (on layer 0): 0.388727, 0.460087
            Coordinates: 1.495332, -2.273716, 0.199434
            Color vertex (on layer 0): 1.000000 (red), 0.868000 (green), 0.576000 (blue)
            Texture UV (on layer 0): 0.639406, 0.519589
        Polygon 58
            Coordinates: -0.126615, -2.511508, 1.594244
            Color vertex (on layer 0): 1.000000 (red), 0.868000 (green), 0.576000 (blue)
            Texture UV (on layer 0): 0.645743, 0.604532
            Coordinates: -0.042450, -3.118150, 1.658598
            Color vertex (on layer 0): 1.000000 (red), 0.868000 (green), 0.576000 (blue)
            Texture UV (on layer 0): 0.370938, 0.442429
            Coordinates: 0.617343, -2.498535, 1.084887
            Color vertex (on layer 0): 1.000000 (red), 0.868000 (green), 0.576000 (blue)
            Texture UV (on layer 0): 0.363849, 0.432287
        Polygon 59
            Coordinates: 0.633610, -3.148979, 1.212222
            Color vertex (on layer 0): 1.000000 (red), 0.868000 (green), 0.576000 (blue)
            Texture UV (on layer 0): 0.370938, 0.442429
            Coordinates: 0.617343, -2.498535, 1.084887
            Color vertex (on layer 0): 1.000000 (red), 0.868000 (green), 0.576000 (blue)
            Texture UV (on layer 0): 0.363849, 0.432287
            Coordinates: -0.042450, -3.118150, 1.658598
            Color vertex (on layer 0): 1.000000 (red), 0.868000 (green), 0.576000 (blue)
            Texture UV (on layer 0): 0.370938, 0.442429
        Polygon 60
            Coordinates: 0.617343, -2.498535, 1.084887
            Color vertex (on layer 0): 1.000000 (red), 0.868000 (green), 0.576000 (blue)
            Texture UV (on layer 0): 0.404840, 0.301924
            Coordinates: -0.136107, -1.669364, 1.314746
            Color vertex (on layer 0): 1.000000 (red), 0.868000 (green), 0.576000 (blue)
            Texture UV (on layer 0): 0.408326, 0.312839
            Coordinates: -0.126615, -2.511508, 1.594244
            Color vertex (on layer 0): 1.000000 (red), 0.868000 (green), 0.576000 (blue)
            Texture UV (on layer 0): 0.463535, 0.300295
        Polygon 61
            Coordinates: 3.441578, 5.234332, -0.317894
            Color vertex (on layer 0): 1.000000 (red), 0.868000 (green), 0.576000 (blue)
            Texture UV (on layer 0): 0.337135, 0.390748
            Coordinates: 3.679032, 4.136510, -0.485418
            Color vertex (on layer 0): 1.000000 (red), 0.868000 (green), 0.576000 (blue)
            Texture UV (on layer 0): 0.533694, 0.431651
            Coordinates: 4.174277, 5.225214, -0.917132
            Color vertex (on layer 0): 1.000000 (red), 0.868000 (green), 0.576000 (blue)
            Texture UV (on layer 0): 0.533694, 0.431651
        Polygon 62
            Coordinates: 4.174277, 5.225214, -0.917132
            Color vertex (on layer 0): 1.000000 (red), 0.868000 (green), 0.576000 (blue)
            Texture UV (on layer 0): 0.533694, 0.431651
            Coordinates: 3.679032, 4.136510, -0.485418
            Color vertex (on layer 0): 1.000000 (red), 0.868000 (green), 0.576000 (blue)
            Texture UV (on layer 0): 0.533694, 0.431651
            Coordinates: 4.163159, 4.402141, -0.873011
            Color vertex (on layer 0): 1.000000 (red), 0.868000 (green), 0.576000 (blue)
            Texture UV (on layer 0): 0.533608, 0.439786
        Polygon 63
            Coordinates: 6.044310, 4.603888, -3.255338
            Color vertex (on layer 0): 1.000000 (red), 0.868000 (green), 0.576000 (blue)
            Texture UV (on layer 0): 0.400339, 0.467717
            Coordinates: 5.830782, 4.117622, -2.811903
            Color vertex (on layer 0): 1.000000 (red), 0.868000 (green), 0.576000 (blue)
            Texture UV (on layer 0): 0.414057, 0.453677
            Coordinates: 6.301038, 3.686928, -3.725537
            Color vertex (on layer 0): 1.000000 (red), 0.868000 (green), 0.576000 (blue)
            Texture UV (on layer 0): 0.455846, 0.395965
        Polygon 64
            Coordinates: 5.985958, 3.334344, -3.092949
            Color vertex (on layer 0): 1.000000 (red), 0.868000 (green), 0.576000 (blue)
            Texture UV (on layer 0): 0.407535, 0.453782
            Coordinates: 6.301038, 3.686928, -3.725537
            Color vertex (on layer 0): 1.000000 (red), 0.868000 (green), 0.576000 (blue)
            Texture UV (on layer 0): 0.455846, 0.395965
            Coordinates: 5.830782, 4.117622, -2.811903
            Color vertex (on layer 0): 1.000000 (red), 0.868000 (green), 0.576000 (blue)
            Texture UV (on layer 0): 0.414057, 0.453677
        Polygon 65
            Coordinates: 0.788203, 4.090533, 0.882101
            Color vertex (on layer 0): 1.000000 (red), 0.868000 (green), 0.576000 (blue)
            Texture UV (on layer 0): 0.414057, 0.453677
            Coordinates: 1.407243, 4.203573, 0.677844
            Color vertex (on layer 0): 1.000000 (red), 0.868000 (green), 0.576000 (blue)
            Texture UV (on layer 0): 0.400339, 0.467717
            Coordinates: 0.758629, 5.008426, 0.935170
            Color vertex (on layer 0): 1.000000 (red), 0.868000 (green), 0.576000 (blue)
            Texture UV (on layer 0): 0.648626, 0.493934
        Polygon 66
            Coordinates: 1.396831, 5.084139, 0.713356
            Color vertex (on layer 0): 1.000000 (red), 0.868000 (green), 0.576000 (blue)
            Texture UV (on layer 0): 0.400339, 0.467717
            Coordinates: 0.758629, 5.008426, 0.935170
            Color vertex (on layer 0): 1.000000 (red), 0.868000 (green), 0.576000 (blue)
            Texture UV (on layer 0): 0.648626, 0.493934
            Coordinates: 1.407243, 4.203573, 0.677844
            Color vertex (on layer 0): 1.000000 (red), 0.868000 (green), 0.576000 (blue)
            Texture UV (on layer 0): 0.400339, 0.467717
        Polygon 67
            Coordinates: 0.369625, -8.983615, -0.230949
            Color vertex (on layer 0): 1.000000 (red), 0.868000 (green), 0.576000 (blue)
            Texture UV (on layer 0): 0.325571, 0.398751
            Coordinates: 0.097322, -9.705825, -0.958645
            Color vertex (on layer 0): 1.000000 (red), 0.868000 (green), 0.576000 (blue)
            Texture UV (on layer 0): 0.316872, 0.403451
            Coordinates: 0.895706, -9.643839, -1.155914
            Color vertex (on layer 0): 1.000000 (red), 0.868000 (green), 0.576000 (blue)
            Texture UV (on layer 0): 0.650473, 0.543555
        Polygon 68
            Coordinates: 1.586406, -9.491301, -1.498321
            Color vertex (on layer 0): 1.000000 (red), 0.868000 (green), 0.576000 (blue)
            Texture UV (on layer 0): 0.530815, 0.298619
            Coordinates: 2.003691, -9.288850, -3.181288
            Color vertex (on layer 0): 1.000000 (red), 0.868000 (green), 0.576000 (blue)
            Texture UV (on layer 0): 0.545790, 0.309849
            Coordinates: 2.161402, -9.227193, -1.908624
            Color vertex (on layer 0): 1.000000 (red), 0.868000 (green), 0.576000 (blue)
            Texture UV (on layer 0): 0.545790, 0.309849
        Polygon 69
            Coordinates: 1.476075, -8.812088, -0.640095
            Color vertex (on layer 0): 1.000000 (red), 0.868000 (green), 0.576000 (blue)
            Texture UV (on layer 0): 0.652284, 0.556490
            Coordinates: 1.586406, -9.491301, -1.498321
            Color vertex (on layer 0): 1.000000 (red), 0.868000 (green), 0.576000 (blue)
            Texture UV (on layer 0): 0.357375, 0.369279
            Coordinates: 2.294020, -8.536592, -1.335928
            Color vertex (on layer 0): 1.000000 (red), 0.868000 (green), 0.576000 (blue)
            Texture UV (on layer 0): 0.650473, 0.543555
        Polygon 70
            Coordinates: 1.586406, -9.491301, -1.498321
            Color vertex (on layer 0): 1.000000 (red), 0.868000 (green), 0.576000 (blue)
            Texture UV (on layer 0): 0.357375, 0.369279
            Coordinates: 2.161402, -9.227193, -1.908624
            Color vertex (on layer 0): 1.000000 (red), 0.868000 (green), 0.576000 (blue)
            Texture UV (on layer 0): 0.639406, 0.519589
            Coordinates: 2.294020, -8.536592, -1.335928
            Color vertex (on layer 0): 1.000000 (red), 0.868000 (green), 0.576000 (blue)
            Texture UV (on layer 0): 0.650473, 0.543555
        Polygon 71
            Coordinates: 5.982116, 0.943945, -3.340122
            Color vertex (on layer 0): 1.000000 (red), 0.868000 (green), 0.576000 (blue)
            Texture UV (on layer 0): 0.371816, 0.348159
            Coordinates: 5.815093, 1.488203, -3.059456
            Color vertex (on layer 0): 1.000000 (red), 0.868000 (green), 0.576000 (blue)
            Texture UV (on layer 0): 0.350736, 0.340158
            Coordinates: 5.029899, 1.048021, -2.727838
            Color vertex (on layer 0): 1.000000 (red), 0.868000 (green), 0.576000 (blue)
            Texture UV (on layer 0): 0.326094, 0.384998
        Polygon 72
            Coordinates: 5.982116, 0.943945, -3.340122
            Color vertex (on layer 0): 1.000000 (red), 0.868000 (green), 0.576000 (blue)
            Texture UV (on layer 0): 0.522871, 0.376202
            Coordinates: 5.897445, 0.368180, -3.238305
            Color vertex (on layer 0): 1.000000 (red), 0.868000 (green), 0.576000 (blue)
            Texture UV (on layer 0): 0.555008, 0.361158
            Coordinates: 6.461445, 1.546042, -4.135133
            Color vertex (on layer 0): 1.000000 (red), 0.868000 (green), 0.576000 (blue)
            Texture UV (on layer 0): 0.512075, 0.364621
        Polygon 73
            Coordinates: 5.426573, -1.935520, -2.349546
            Color vertex (on layer 0): 1.000000 (red), 0.868000 (green), 0.576000 (blue)
            Texture UV (on layer 0): 0.508373, 0.323904
            Coordinates: 5.487185, -2.459966, -2.596940
            Color vertex (on layer 0): 1.000000 (red), 0.868000 (green), 0.576000 (blue)
            Texture UV (on layer 0): 0.445291, 0.345579
            Coordinates: 5.864899, -1.083424, -3.000611
            Color vertex (on layer 0): 1.000000 (red), 0.868000 (green), 0.576000 (blue)
            Texture UV (on layer 0): 0.536736, 0.330410
        Polygon 74
            Coordinates: 5.487185, -2.459966, -2.596940
            Color vertex (on layer 0): 1.000000 (red), 0.868000 (green), 0.576000 (blue)
            Texture UV (on layer 0): 0.445291, 0.345579
            Coordinates: 6.477028, -1.289844, -4.262444
            Color vertex (on layer 0): 1.000000 (red), 0.868000 (green), 0.576000 (blue)
            Texture UV (on layer 0): 0.555008, 0.361158
            Coordinates: 5.864899, -1.083424, -3.000611
            Color vertex (on layer 0): 1.000000 (red), 0.868000 (green), 0.576000 (blue)
            Texture UV (on layer 0): 0.536736, 0.330410
        Polygon 75
            Coordinates: 6.461445, 1.546042, -4.135133
            Color vertex (on layer 0): 1.000000 (red), 0.868000 (green), 0.576000 (blue)
            Texture UV (on layer 0): 0.512075, 0.364621
            Coordinates: 5.897445, 0.368180, -3.238305
            Color vertex (on layer 0): 1.000000 (red), 0.868000 (green), 0.576000 (blue)
            Texture UV (on layer 0): 0.555008, 0.361158
            Coordinates: 6.296952, -0.266945, -3.898684
            Color vertex (on layer 0): 1.000000 (red), 0.868000 (green), 0.576000 (blue)
            Texture UV (on layer 0): 0.570801, 0.381736
        Polygon 76
            Coordinates: 5.897445, 0.368180, -3.238305
            Color vertex (on layer 0): 1.000000 (red), 0.868000 (green), 0.576000 (blue)
            Texture UV (on layer 0): 0.555008, 0.361158
            Coordinates: 5.656590, -0.236360, -2.818664
            Color vertex (on layer 0): 1.000000 (red), 0.868000 (green), 0.576000 (blue)
            Texture UV (on layer 0): 0.525428, 0.348632
            Coordinates: 6.296952, -0.266945, -3.898684
            Color vertex (on layer 0): 1.000000 (red), 0.868000 (green), 0.576000 (blue)
            Texture UV (on layer 0): 0.570801, 0.381736
        Polygon 77
            Coordinates: 6.804570, -1.529960, -5.573814
            Color vertex (on layer 0): 1.000000 (red), 0.868000 (green), 0.576000 (blue)
            Texture UV (on layer 0): 0.433879, 0.388967
            Coordinates: 6.973054, 0.675532, -6.094205
            Color vertex (on layer 0): 1.000000 (red), 0.868000 (green), 0.576000 (blue)
            Texture UV (on layer 0): 0.453885, 0.402517
            Coordinates: 6.477028, -1.289844, -4.262444
            Color vertex (on layer 0): 1.000000 (red), 0.868000 (green), 0.576000 (blue)
            Texture UV (on layer 0): 0.555008, 0.361158
        Polygon 78
            Coordinates: 4.256788, -0.701434, -1.732867
            Color vertex (on layer 0): 1.000000 (red), 0.868000 (green), 0.576000 (blue)
            Texture UV (on layer 0): 0.371860, 0.329832
            Coordinates: 4.329226, -1.932998, -1.355332
            Color vertex (on layer 0): 1.000000 (red), 0.868000 (green), 0.576000 (blue)
            Texture UV (on layer 0): 0.658637, 0.514089
            Coordinates: 5.013298, -0.982436, -1.994480
            Color vertex (on layer 0): 1.000000 (red), 0.868000 (green), 0.576000 (blue)
            Texture UV (on layer 0): 0.665999, 0.490689
        Polygon 79
            Coordinates: 4.734049, -2.072564, -1.640247
            Color vertex (on layer 0): 1.000000 (red), 0.868000 (green), 0.576000 (blue)
            Texture UV (on layer 0): 0.660396, 0.484069
            Coordinates: 5.013298, -0.982436, -1.994480
            Color vertex (on layer 0): 1.000000 (red), 0.868000 (green), 0.576000 (blue)
            Texture UV (on layer 0): 0.665999, 0.490689
            Coordinates: 4.329226, -1.932998, -1.355332
            Color vertex (on layer 0): 1.000000 (red), 0.868000 (green), 0.576000 (blue)
            Texture UV (on layer 0): 0.658637, 0.514089
        Polygon 80
            Coordinates: 5.890809, -3.339289, -3.900565
            Color vertex (on layer 0): 1.000000 (red), 0.868000 (green), 0.576000 (blue)
            Texture UV (on layer 0): 0.420609, 0.317828
            Coordinates: 6.075979, -4.360665, -5.982566
            Color vertex (on layer 0): 1.000000 (red), 0.868000 (green), 0.576000 (blue)
            Texture UV (on layer 0): 0.413765, 0.328262
            Coordinates: 6.804570, -1.529960, -5.573814
            Color vertex (on layer 0): 1.000000 (red), 0.868000 (green), 0.576000 (blue)
            Texture UV (on layer 0): 0.433879, 0.388967
        Polygon 81
            Coordinates: 6.075979, -4.360665, -5.982566
            Color vertex (on layer 0): 1.000000 (red), 0.868000 (green), 0.576000 (blue)
            Texture UV (on layer 0): 0.413765, 0.328262
            Coordinates: 6.812529, -3.009597, -7.450050
            Color vertex (on layer 0): 1.000000 (red), 0.868000 (green), 0.576000 (blue)
            Texture UV (on layer 0): 0.536736, 0.330410
            Coordinates: 6.804570, -1.529960, -5.573814
            Color vertex (on layer 0): 1.000000 (red), 0.868000 (green), 0.576000 (blue)
            Texture UV (on layer 0): 0.433879, 0.388967
        Polygon 82
            Coordinates: 1.750679, -3.498826, 0.037955
            Color vertex (on layer 0): 1.000000 (red), 0.868000 (green), 0.576000 (blue)
            Texture UV (on layer 0): 0.325624, 0.409627
            Coordinates: 4.329226, -1.932998, -1.355332
            Color vertex (on layer 0): 1.000000 (red), 0.868000 (green), 0.576000 (blue)
            Texture UV (on layer 0): 0.658637, 0.514089
            Coordinates: 1.495332, -2.273716, 0.199434
            Color vertex (on layer 0): 1.000000 (red), 0.868000 (green), 0.576000 (blue)
            Texture UV (on layer 0): 0.639406, 0.519589
        Polygon 83
            Coordinates: 2.728961, -6.840916, -1.320516
            Color vertex (on layer 0): 1.000000 (red), 0.868000 (green), 0.576000 (blue)
            Texture UV (on layer 0): 0.354221, 0.384401
            Coordinates: 4.864591, -5.960877, -3.984017
            Color vertex (on layer 0): 1.000000 (red), 0.868000 (green), 0.576000 (blue)
            Texture UV (on layer 0): 0.636922, 0.493198
            Coordinates: 4.396640, -4.797979, -2.096651
            Color vertex (on layer 0): 1.000000 (red), 0.868000 (green), 0.576000 (blue)
            Texture UV (on layer 0): 0.664840, 0.530451
        Polygon 84
            Coordinates: 4.864591, -5.960877, -3.984017
            Color vertex (on layer 0): 1.000000 (red), 0.868000 (green), 0.576000 (blue)
            Texture UV (on layer 0): 0.536736, 0.330410
            Coordinates: 2.728961, -6.840916, -1.320516
            Color vertex (on layer 0): 1.000000 (red), 0.868000 (green), 0.576000 (blue)
            Texture UV (on layer 0): 0.530815, 0.298619
            Coordinates: 3.126627, -7.961239, -2.170565
            Color vertex (on layer 0): 1.000000 (red), 0.868000 (green), 0.576000 (blue)
            Texture UV (on layer 0): 0.525899, 0.305532
        Polygon 85
            Coordinates: 1.476075, -8.812088, -0.640095
            Color vertex (on layer 0): 1.000000 (red), 0.868000 (green), 0.576000 (blue)
            Texture UV (on layer 0): 0.652284, 0.556490
            Coordinates: 0.959180, -7.255928, -0.282403
            Color vertex (on layer 0): 1.000000 (red), 0.868000 (green), 0.576000 (blue)
            Texture UV (on layer 0): 0.326094, 0.384998
            Coordinates: 0.369625, -8.983615, -0.230949
            Color vertex (on layer 0): 1.000000 (red), 0.868000 (green), 0.576000 (blue)
            Texture UV (on layer 0): 0.325571, 0.398751
        Polygon 86
            Coordinates: 6.812529, -3.009597, -7.450050
            Color vertex (on layer 0): 1.000000 (red), 0.868000 (green), 0.576000 (blue)
            Texture UV (on layer 0): 0.536736, 0.330410
            Coordinates: 6.075979, -4.360665, -5.982566
            Color vertex (on layer 0): 1.000000 (red), 0.868000 (green), 0.576000 (blue)
            Texture UV (on layer 0): 0.413765, 0.328262
            Coordinates: 6.117306, -5.223042, -8.642245
            Color vertex (on layer 0): 1.000000 (red), 0.868000 (green), 0.576000 (blue)
            Texture UV (on layer 0): 0.475650, 0.327226
        Polygon 87
            Coordinates: 5.788502, -5.685430, -7.598072
            Color vertex (on layer 0): 1.000000 (red), 0.868000 (green), 0.576000 (blue)
            Texture UV (on layer 0): 0.558170, 0.336848
            Coordinates: 6.117306, -5.223042, -8.642245
            Color vertex (on layer 0): 1.000000 (red), 0.868000 (green), 0.576000 (blue)
            Texture UV (on layer 0): 0.475650, 0.327226
            Coordinates: 6.075979, -4.360665, -5.982566
            Color vertex (on layer 0): 1.000000 (red), 0.868000 (green), 0.576000 (blue)
            Texture UV (on layer 0): 0.413765, 0.328262
        Polygon 88
            Coordinates: 6.117306, -5.223042, -8.642245
            Color vertex (on layer 0): 1.000000 (red), 0.868000 (green), 0.576000 (blue)
            Texture UV (on layer 0): 0.475650, 0.327226
            Coordinates: 5.788502, -5.685430, -7.598072
            Color vertex (on layer 0): 1.000000 (red), 0.868000 (green), 0.576000 (blue)
            Texture UV (on layer 0): 0.558170, 0.336848
            Coordinates: 4.710880, -7.145311, -6.900381
            Color vertex (on layer 0): 1.000000 (red), 0.868000 (green), 0.576000 (blue)
            Texture UV (on layer 0): 0.558461, 0.309523
        Polygon 89
            Coordinates: 4.936066, -6.786863, -6.186936
            Color vertex (on layer 0): 1.000000 (red), 0.868000 (green), 0.576000 (blue)
            Texture UV (on layer 0): 0.545790, 0.309849
            Coordinates: 4.710880, -7.145311, -6.900381
            Color vertex (on layer 0): 1.000000 (red), 0.868000 (green), 0.576000 (blue)
            Texture UV (on layer 0): 0.558461, 0.309523
            Coordinates: 5.788502, -5.685430, -7.598072
            Color vertex (on layer 0): 1.000000 (red), 0.868000 (green), 0.576000 (blue)
            Texture UV (on layer 0): 0.558170, 0.336848
        Polygon 90
            Coordinates: 3.916486, 3.038688, -0.652941
            Color vertex (on layer 0): 1.000000 (red), 0.868000 (green), 0.576000 (blue)
            Texture UV (on layer 0): 0.354221, 0.384401
            Coordinates: 4.391644, 3.226235, -1.018044
            Color vertex (on layer 0): 1.000000 (red), 0.868000 (green), 0.576000 (blue)
            Texture UV (on layer 0): 0.481286, 0.294466
            Coordinates: 4.390771, 3.657648, -1.017755
            Color vertex (on layer 0): 1.000000 (red), 0.868000 (green), 0.576000 (blue)
            Texture UV (on layer 0): 0.533608, 0.439786
        Polygon 91
            Coordinates: 4.865054, 4.276607, -1.382570
            Color vertex (on layer 0): 1.000000 (red), 0.868000 (green), 0.576000 (blue)
            Texture UV (on layer 0): 0.350736, 0.340158
            Coordinates: 4.390771, 3.657648, -1.017755
            Color vertex (on layer 0): 1.000000 (red), 0.868000 (green), 0.576000 (blue)
            Texture UV (on layer 0): 0.533608, 0.439786
            Coordinates: 4.866805, 3.413781, -1.383147
            Color vertex (on layer 0): 1.000000 (red), 0.868000 (green), 0.576000 (blue)
            Texture UV (on layer 0): 0.331669, 0.344712
        Polygon 92
            Coordinates: 4.866805, 3.413781, -1.383147
            Color vertex (on layer 0): 1.000000 (red), 0.868000 (green), 0.576000 (blue)
            Texture UV (on layer 0): 0.331669, 0.344712
            Coordinates: 4.390771, 3.657648, -1.017755
            Color vertex (on layer 0): 1.000000 (red), 0.868000 (green), 0.576000 (blue)
            Texture UV (on layer 0): 0.533608, 0.439786
            Coordinates: 4.391644, 3.226235, -1.018044
            Color vertex (on layer 0): 1.000000 (red), 0.868000 (green), 0.576000 (blue)
            Texture UV (on layer 0): 0.481286, 0.294466
        Polygon 93
            Coordinates: 6.117306, -5.223042, -8.642245
            Color vertex (on layer 0): 1.000000 (red), 0.868000 (green), 0.576000 (blue)
            Texture UV (on layer 0): 0.475650, 0.327226
            Coordinates: 7.512815, -0.379522, -9.892115
            Color vertex (on layer 0): 1.000000 (red), 0.868000 (green), 0.576000 (blue)
            Texture UV (on layer 0): 0.558170, 0.336848
            Coordinates: 6.812529, -3.009597, -7.450050
            Color vertex (on layer 0): 1.000000 (red), 0.868000 (green), 0.576000 (blue)
            Texture UV (on layer 0): 0.536736, 0.330410
        Polygon 94
            Coordinates: 7.512815, -0.379522, -9.892115
            Color vertex (on layer 0): 1.000000 (red), 0.868000 (green), 0.576000 (blue)
            Texture UV (on layer 0): 0.558170, 0.336848
            Coordinates: 6.804570, -1.529960, -5.573814
            Color vertex (on layer 0): 1.000000 (red), 0.868000 (green), 0.576000 (blue)
            Texture UV (on layer 0): 0.433879, 0.388967
            Coordinates: 6.812529, -3.009597, -7.450050
            Color vertex (on layer 0): 1.000000 (red), 0.868000 (green), 0.576000 (blue)
            Texture UV (on layer 0): 0.536736, 0.330410
        Polygon 95
            Coordinates: 5.015214, 7.708825, -2.248785
            Color vertex (on layer 0): 1.000000 (red), 0.868000 (green), 0.576000 (blue)
            Texture UV (on layer 0): 0.435576, 0.373762
            Coordinates: 4.966238, 6.127102, -1.700971
            Color vertex (on layer 0): 1.000000 (red), 0.868000 (green), 0.576000 (blue)
            Texture UV (on layer 0): 0.531943, 0.389184
            Coordinates: 5.787582, 5.520848, -2.785138
            Color vertex (on layer 0): 1.000000 (red), 0.868000 (green), 0.576000 (blue)
            Texture UV (on layer 0): 0.512037, 0.370858
        Polygon 96
            Coordinates: 6.911779, 4.266639, -5.836686
            Color vertex (on layer 0): 1.000000 (red), 0.868000 (green), 0.576000 (blue)
            Texture UV (on layer 0): 0.545676, 0.389131
            Coordinates: 6.465806, 5.439944, -4.530241
            Color vertex (on layer 0): 1.000000 (red), 0.868000 (green), 0.576000 (blue)
            Texture UV (on layer 0): 0.426910, 0.312199
            Coordinates: 6.772089, 2.546799, -4.914010
            Color vertex (on layer 0): 1.000000 (red), 0.868000 (green), 0.576000 (blue)
            Texture UV (on layer 0): 0.420001, 0.301940
        Polygon 97
            Coordinates: 5.029899, 1.048021, -2.727838
            Color vertex (on layer 0): 1.000000 (red), 0.868000 (green), 0.576000 (blue)
            Texture UV (on layer 0): 0.326094, 0.384998
            Coordinates: 5.815093, 1.488203, -3.059456
            Color vertex (on layer 0): 1.000000 (red), 0.868000 (green), 0.576000 (blue)
            Texture UV (on layer 0): 0.350736, 0.340158
            Coordinates: 5.541035, 1.973756, -2.532809
            Color vertex (on layer 0): 1.000000 (red), 0.868000 (green), 0.576000 (blue)
            Texture UV (on layer 0): 0.331669, 0.344712
        Polygon 98
            Coordinates: 5.656590, -0.236360, -2.818664
            Color vertex (on layer 0): 1.000000 (red), 0.868000 (green), 0.576000 (blue)
            Texture UV (on layer 0): 0.370631, 0.385345
            Coordinates: 4.857607, -0.389700, -2.236090
            Color vertex (on layer 0): 1.000000 (red), 0.868000 (green), 0.576000 (blue)
            Texture UV (on layer 0): 0.328583, 0.451231
            Coordinates: 5.013298, -0.982436, -1.994480
            Color vertex (on layer 0): 1.000000 (red), 0.868000 (green), 0.576000 (blue)
            Texture UV (on layer 0): 0.665999, 0.490689
        Polygon 99
            Coordinates: 4.256788, -0.701434, -1.732867
            Color vertex (on layer 0): 1.000000 (red), 0.868000 (green), 0.576000 (blue)
            Texture UV (on layer 0): 0.371860, 0.329832
            Coordinates: 5.013298, -0.982436, -1.994480
            Color vertex (on layer 0): 1.000000 (red), 0.868000 (green), 0.576000 (blue)
            Texture UV (on layer 0): 0.665999, 0.490689
            Coordinates: 4.857607, -0.389700, -2.236090
            Color vertex (on layer 0): 1.000000 (red), 0.868000 (green), 0.576000 (blue)
            Texture UV (on layer 0): 0.328583, 0.451231
        Polygon 100
            Coordinates: 2.652253, -0.512683, -1.071287
            Color vertex (on layer 0): 1.000000 (red), 0.868000 (green), 0.576000 (blue)
            Texture UV (on layer 0): 0.652284, 0.556490
            Coordinates: 2.790048, -1.272465, -0.752084
            Color vertex (on layer 0): 1.000000 (red), 0.868000 (green), 0.576000 (blue)
            Texture UV (on layer 0): 0.637988, 0.558973
            Coordinates: 4.256788, -0.701434, -1.732867
            Color vertex (on layer 0): 1.000000 (red), 0.868000 (green), 0.576000 (blue)
            Texture UV (on layer 0): 0.371860, 0.329832
        Polygon 101
            Coordinates: 5.890809, -3.339289, -3.900565
            Color vertex (on layer 0): 1.000000 (red), 0.868000 (green), 0.576000 (blue)
            Texture UV (on layer 0): 0.420609, 0.317828
            Coordinates: 5.460217, -3.370260, -2.953182
            Color vertex (on layer 0): 1.000000 (red), 0.868000 (green), 0.576000 (blue)
            Texture UV (on layer 0): 0.408326, 0.312839
            Coordinates: 4.864591, -5.960877, -3.984017
            Color vertex (on layer 0): 1.000000 (red), 0.868000 (green), 0.576000 (blue)
            Texture UV (on layer 0): 0.536736, 0.330410
        Polygon 102
            Coordinates: 4.396640, -4.797979, -2.096651
            Color vertex (on layer 0): 1.000000 (red), 0.868000 (green), 0.576000 (blue)
            Texture UV (on layer 0): 0.558461, 0.309523
            Coordinates: 4.864591, -5.960877, -3.984017
            Color vertex (on layer 0): 1.000000 (red), 0.868000 (green), 0.576000 (blue)
            Texture UV (on layer 0): 0.536736, 0.330410
            Coordinates: 5.460217, -3.370260, -2.953182
            Color vertex (on layer 0): 1.000000 (red), 0.868000 (green), 0.576000 (blue)
            Texture UV (on layer 0): 0.408326, 0.312839
        Polygon 103
            Coordinates: 2.728961, -6.840916, -1.320516
            Color vertex (on layer 0): 1.000000 (red), 0.868000 (green), 0.576000 (blue)
            Texture UV (on layer 0): 0.354221, 0.384401
            Coordinates: 0.959180, -7.255928, -0.282403
            Color vertex (on layer 0): 1.000000 (red), 0.868000 (green), 0.576000 (blue)
            Texture UV (on layer 0): 0.326094, 0.384998
            Coordinates: 1.476075, -8.812088, -0.640095
            Color vertex (on layer 0): 1.000000 (red), 0.868000 (green), 0.576000 (blue)
            Texture UV (on layer 0): 0.652284, 0.556490
        Polygon 104
            Coordinates: 2.704773, -4.475560, -0.508878
            Color vertex (on layer 0): 1.000000 (red), 0.868000 (green), 0.576000 (blue)
            Texture UV (on layer 0): 0.320975, 0.402372
            Coordinates: 1.939967, -6.066620, -0.623051
            Color vertex (on layer 0): 1.000000 (red), 0.868000 (green), 0.576000 (blue)
            Texture UV (on layer 0): 0.635706, 0.543799
            Coordinates: 2.728961, -6.840916, -1.320516
            Color vertex (on layer 0): 1.000000 (red), 0.868000 (green), 0.576000 (blue)
            Texture UV (on layer 0): 0.354221, 0.384401
        Polygon 105
            Coordinates: 2.704773, -4.475560, -0.508878
            Color vertex (on layer 0): 1.000000 (red), 0.868000 (green), 0.576000 (blue)
            Texture UV (on layer 0): 0.320975, 0.402372
            Coordinates: 1.658705, -4.623732, -0.029006
            Color vertex (on layer 0): 1.000000 (red), 0.868000 (green), 0.576000 (blue)
            Texture UV (on layer 0): 0.413116, 0.301852
            Coordinates: 1.661468, -5.003071, -0.064291
            Color vertex (on layer 0): 1.000000 (red), 0.868000 (green), 0.576000 (blue)
            Texture UV (on layer 0): 0.568605, 0.544866
        Polygon 106
            Coordinates: 7.229561, 3.171778, -7.204005
            Color vertex (on layer 0): 1.000000 (red), 0.868000 (green), 0.576000 (blue)
            Texture UV (on layer 0): 0.425479, 0.302752
            Coordinates: 6.772089, 2.546799, -4.914010
            Color vertex (on layer 0): 1.000000 (red), 0.868000 (green), 0.576000 (blue)
            Texture UV (on layer 0): 0.420001, 0.301940
            Coordinates: 6.973054, 0.675532, -6.094205
            Color vertex (on layer 0): 1.000000 (red), 0.868000 (green), 0.576000 (blue)
            Texture UV (on layer 0): 0.453885, 0.402517
        Polygon 107
            Coordinates: -7.260621, 1.418982, -5.442189
            Color vertex (on layer 0): 1.000000 (red), 0.868000 (green), 0.576000 (blue)
            Texture UV (on layer 0): 0.541633, 0.555776
            Coordinates: -7.463646, 2.094967, -6.399013
            Color vertex (on layer 0): 1.000000 (red), 0.868000 (green), 0.576000 (blue)
            Texture UV (on layer 0): 0.534559, 0.555569
            Coordinates: -7.574776, 1.253975, -7.544675
            Color vertex (on layer 0): 1.000000 (red), 0.868000 (green), 0.576000 (blue)
            Texture UV (on layer 0): 0.399365, 0.402058
        Polygon 108
            Coordinates: -7.260621, 1.418982, -5.442189
            Color vertex (on layer 0): 1.000000 (red), 0.868000 (green), 0.576000 (blue)
            Texture UV (on layer 0): 0.541633, 0.555776
            Coordinates: -7.454493, 5.840029, -5.285038
            Color vertex (on layer 0): 1.000000 (red), 0.868000 (green), 0.576000 (blue)
            Texture UV (on layer 0): 0.422508, 0.387463
            Coordinates: -8.209059, 4.587252, -6.935033
            Color vertex (on layer 0): 1.000000 (red), 0.868000 (green), 0.576000 (blue)
            Texture UV (on layer 0): 0.414462, 0.389154
        Polygon 109
            Coordinates: -0.858883, -2.578440, 1.275130
            Color vertex (on layer 0): 1.000000 (red), 0.868000 (green), 0.576000 (blue)
            Texture UV (on layer 0): 0.386585, 0.370618
            Coordinates: -0.776840, -3.177234, 1.265159
            Color vertex (on layer 0): 1.000000 (red), 0.868000 (green), 0.576000 (blue)
            Texture UV (on layer 0): 0.379629, 0.371577
            Coordinates: -0.126615, -2.511508, 1.594244
            Color vertex (on layer 0): 1.000000 (red), 0.868000 (green), 0.576000 (blue)
            Texture UV (on layer 0): 0.645743, 0.604532
        Polygon 110
            Coordinates: -0.776840, -3.177234, 1.265159
            Color vertex (on layer 0): 1.000000 (red), 0.868000 (green), 0.576000 (blue)
            Texture UV (on layer 0): 0.379629, 0.371577
            Coordinates: -0.042450, -3.118150, 1.658598
            Color vertex (on layer 0): 1.000000 (red), 0.868000 (green), 0.576000 (blue)
            Texture UV (on layer 0): 0.370938, 0.442429
            Coordinates: -0.126615, -2.511508, 1.594244
            Color vertex (on layer 0): 1.000000 (red), 0.868000 (green), 0.576000 (blue)
            Texture UV (on layer 0): 0.645743, 0.604532
        Polygon 111
            Coordinates: -0.574177, -4.427757, 0.530098
            Color vertex (on layer 0): 1.000000 (red), 0.868000 (green), 0.576000 (blue)
            Texture UV (on layer 0): 0.646221, 0.612448
            Coordinates: -1.286872, -3.414936, 0.606406
            Color vertex (on layer 0): 1.000000 (red), 0.866700 (green), 0.572500 (blue)
            Texture UV (on layer 0): 0.393259, 0.373591
            Coordinates: -1.417775, -4.658962, 0.138816
            Color vertex (on layer 0): 1.000000 (red), 0.866700 (green), 0.572500 (blue)
            Texture UV (on layer 0): 0.386585, 0.370618
        Polygon 112
            Coordinates: 0.012557, 0.062490, 0.418470
            Color vertex (on layer 0): 1.000000 (red), 0.868000 (green), 0.576000 (blue)
            Texture UV (on layer 0): 0.323277, 0.418031
            Coordinates: -0.205807, 1.049419, 0.363962
            Color vertex (on layer 0): 1.000000 (red), 0.868000 (green), 0.576000 (blue)
            Texture UV (on layer 0): 0.388141, 0.300114
            Coordinates: -0.764911, -0.023328, 0.200990
            Color vertex (on layer 0): 1.000000 (red), 0.868000 (green), 0.576000 (blue)
            Texture UV (on layer 0): 0.645743, 0.604532
        Polygon 113
            Coordinates: -0.764911, -0.023328, 0.200990
            Color vertex (on layer 0): 1.000000 (red), 0.868000 (green), 0.576000 (blue)
            Texture UV (on layer 0): 0.645743, 0.604532
            Coordinates: -0.205807, 1.049419, 0.363962
            Color vertex (on layer 0): 1.000000 (red), 0.868000 (green), 0.576000 (blue)
            Texture UV (on layer 0): 0.388141, 0.300114
            Coordinates: -1.741974, 0.243345, -0.365164
            Color vertex (on layer 0): 1.000000 (red), 0.868000 (green), 0.576000 (blue)
            Texture UV (on layer 0): 0.396054, 0.300873
        Polygon 114
            Coordinates: -0.655774, -1.533689, 0.928661
            Color vertex (on layer 0): 1.000000 (red), 0.868000 (green), 0.576000 (blue)
            Texture UV (on layer 0): 0.648782, 0.612978
            Coordinates: -0.159146, -0.718034, 0.731710
            Color vertex (on layer 0): 1.000000 (red), 0.868000 (green), 0.576000 (blue)
            Texture UV (on layer 0): 0.363849, 0.432287
            Coordinates: -0.764911, -0.023328, 0.200990
            Color vertex (on layer 0): 1.000000 (red), 0.868000 (green), 0.576000 (blue)
            Texture UV (on layer 0): 0.645743, 0.604532
        Polygon 115
            Coordinates: -0.159146, -0.718034, 0.731710
            Color vertex (on layer 0): 1.000000 (red), 0.868000 (green), 0.576000 (blue)
            Texture UV (on layer 0): 0.363849, 0.432287
            Coordinates: 0.012557, 0.062490, 0.418470
            Color vertex (on layer 0): 1.000000 (red), 0.868000 (green), 0.576000 (blue)
            Texture UV (on layer 0): 0.323277, 0.418031
            Coordinates: -0.764911, -0.023328, 0.200990
            Color vertex (on layer 0): 1.000000 (red), 0.868000 (green), 0.576000 (blue)
            Texture UV (on layer 0): 0.645743, 0.604532
        Polygon 116
            Coordinates: -0.764911, -0.023328, 0.200990
            Color vertex (on layer 0): 1.000000 (red), 0.868000 (green), 0.576000 (blue)
            Texture UV (on layer 0): 0.645743, 0.604532
            Coordinates: -1.187717, -1.728782, 0.523244
            Color vertex (on layer 0): 1.000000 (red), 0.868000 (green), 0.576000 (blue)
            Texture UV (on layer 0): 0.393414, 0.414589
            Coordinates: -0.655774, -1.533689, 0.928661
            Color vertex (on layer 0): 1.000000 (red), 0.868000 (green), 0.576000 (blue)
            Texture UV (on layer 0): 0.648782, 0.612978
        Polygon 117
            Coordinates: -2.580223, -1.937371, -0.405094
            Color vertex (on layer 0): 1.000000 (red), 0.866700 (green), 0.572500 (blue)
            Texture UV (on layer 0): 0.397735, 0.390568
            Coordinates: -1.187717, -1.728782, 0.523244
            Color vertex (on layer 0): 1.000000 (red), 0.868000 (green), 0.576000 (blue)
            Texture UV (on layer 0): 0.393414, 0.414589
            Coordinates: -0.764911, -0.023328, 0.200990
            Color vertex (on layer 0): 1.000000 (red), 0.868000 (green), 0.576000 (blue)
            Texture UV (on layer 0): 0.645743, 0.604532
        Polygon 118
            Coordinates: -0.858883, -2.578440, 1.275130
            Color vertex (on layer 0): 1.000000 (red), 0.868000 (green), 0.576000 (blue)
            Texture UV (on layer 0): 0.386585, 0.370618
            Coordinates: -0.126615, -2.511508, 1.594244
            Color vertex (on layer 0): 1.000000 (red), 0.868000 (green), 0.576000 (blue)
            Texture UV (on layer 0): 0.645743, 0.604532
            Coordinates: -0.655774, -1.533689, 0.928661
            Color vertex (on layer 0): 1.000000 (red), 0.868000 (green), 0.576000 (blue)
            Texture UV (on layer 0): 0.648782, 0.612978
        Polygon 119
            Coordinates: -0.655774, -1.533689, 0.928661
            Color vertex (on layer 0): 1.000000 (red), 0.868000 (green), 0.576000 (blue)
            Texture UV (on layer 0): 0.648782, 0.612978
            Coordinates: -0.126615, -2.511508, 1.594244
            Color vertex (on layer 0): 1.000000 (red), 0.868000 (green), 0.576000 (blue)
            Texture UV (on layer 0): 0.645743, 0.604532
            Coordinates: -0.136107, -1.669364, 1.314746
            Color vertex (on layer 0): 1.000000 (red), 0.868000 (green), 0.576000 (blue)
            Texture UV (on layer 0): 0.373606, 0.439971
        Polygon 120
            Coordinates: -1.901074, -3.598467, 0.022904
            Color vertex (on layer 0): 1.000000 (red), 0.866700 (green), 0.572500 (blue)
            Texture UV (on layer 0): 0.383514, 0.378089
            Coordinates: -1.468963, -2.459052, 0.392551
            Color vertex (on layer 0): 1.000000 (red), 0.866700 (green), 0.572500 (blue)
            Texture UV (on layer 0): 0.391065, 0.381865
            Coordinates: -2.580223, -1.937371, -0.405094
            Color vertex (on layer 0): 1.000000 (red), 0.866700 (green), 0.572500 (blue)
            Texture UV (on layer 0): 0.397735, 0.390568
        Polygon 121
            Coordinates: -1.468963, -2.459052, 0.392551
            Color vertex (on layer 0): 1.000000 (red), 0.866700 (green), 0.572500 (blue)
            Texture UV (on layer 0): 0.391065, 0.381865
            Coordinates: -1.187717, -1.728782, 0.523244
            Color vertex (on layer 0): 1.000000 (red), 0.868000 (green), 0.576000 (blue)
            Texture UV (on layer 0): 0.393414, 0.414589
            Coordinates: -2.580223, -1.937371, -0.405094
            Color vertex (on layer 0): 1.000000 (red), 0.866700 (green), 0.572500 (blue)
            Texture UV (on layer 0): 0.397735, 0.390568
        Polygon 122
            Coordinates: 0.299296, -4.276261, 0.668622
            Color vertex (on layer 0): 1.000000 (red), 0.868000 (green), 0.576000 (blue)
            Texture UV (on layer 0): 0.404840, 0.301924
            Coordinates: -0.042450, -3.118150, 1.658598
            Color vertex (on layer 0): 1.000000 (red), 0.868000 (green), 0.576000 (blue)
            Texture UV (on layer 0): 0.370938, 0.442429
            Coordinates: -0.574177, -4.427757, 0.530098
            Color vertex (on layer 0): 1.000000 (red), 0.868000 (green), 0.576000 (blue)
            Texture UV (on layer 0): 0.646221, 0.612448
        Polygon 123
            Coordinates: -0.776840, -3.177234, 1.265159
            Color vertex (on layer 0): 1.000000 (red), 0.868000 (green), 0.576000 (blue)
            Texture UV (on layer 0): 0.379629, 0.371577
            Coordinates: -0.574177, -4.427757, 0.530098
            Color vertex (on layer 0): 1.000000 (red), 0.868000 (green), 0.576000 (blue)
            Texture UV (on layer 0): 0.646221, 0.612448
            Coordinates: -0.042450, -3.118150, 1.658598
            Color vertex (on layer 0): 1.000000 (red), 0.868000 (green), 0.576000 (blue)
            Texture UV (on layer 0): 0.370938, 0.442429
        Polygon 124
            Coordinates: -6.813631, 2.446783, -3.978584
            Color vertex (on layer 0): 1.000000 (red), 0.868000 (green), 0.576000 (blue)
            Texture UV (on layer 0): 0.537641, 0.567538
            Coordinates: -7.454493, 5.840029, -5.285038
            Color vertex (on layer 0): 1.000000 (red), 0.868000 (green), 0.576000 (blue)
            Texture UV (on layer 0): 0.422508, 0.387463
            Coordinates: -7.260621, 1.418982, -5.442189
            Color vertex (on layer 0): 1.000000 (red), 0.868000 (green), 0.576000 (blue)
            Texture UV (on layer 0): 0.541633, 0.555776
        Polygon 125
            Coordinates: -2.794418, 6.031821, 0.372594
            Color vertex (on layer 0): 1.000000 (red), 0.868000 (green), 0.576000 (blue)
            Texture UV (on layer 0): 0.371860, 0.329832
            Coordinates: -4.275616, 6.713736, -0.656622
            Color vertex (on layer 0): 1.000000 (red), 0.868000 (green), 0.576000 (blue)
            Texture UV (on layer 0): 0.648626, 0.493934
            Coordinates: -4.070282, 5.027608, -0.358375
            Color vertex (on layer 0): 1.000000 (red), 0.868000 (green), 0.576000 (blue)
            Texture UV (on layer 0): 0.371860, 0.329832
        Polygon 126
            Coordinates: -5.289804, 4.446753, -1.552831
            Color vertex (on layer 0): 1.000000 (red), 0.868000 (green), 0.576000 (blue)
            Texture UV (on layer 0): 0.415948, 0.444529
            Coordinates: -5.769327, 3.709301, -1.863012
            Color vertex (on layer 0): 1.000000 (red), 0.868000 (green), 0.576000 (blue)
            Texture UV (on layer 0): 0.551826, 0.418320
            Coordinates: -4.739147, 4.312906, -0.879443
            Color vertex (on layer 0): 1.000000 (red), 0.868000 (green), 0.576000 (blue)
            Texture UV (on layer 0): 0.435362, 0.448360
        Polygon 127
            Coordinates: -5.769327, 3.709301, -1.863012
            Color vertex (on layer 0): 1.000000 (red), 0.868000 (green), 0.576000 (blue)
            Texture UV (on layer 0): 0.551826, 0.418320
            Coordinates: -5.408008, 3.598201, -1.400511
            Color vertex (on layer 0): 1.000000 (red), 0.868000 (green), 0.576000 (blue)
            Texture UV (on layer 0): 0.397095, 0.488609
            Coordinates: -4.739147, 4.312906, -0.879443
            Color vertex (on layer 0): 1.000000 (red), 0.868000 (green), 0.576000 (blue)
            Texture UV (on layer 0): 0.435362, 0.448360
        Polygon 128
            Coordinates: -4.275616, 6.713736, -0.656622
            Color vertex (on layer 0): 1.000000 (red), 0.868000 (green), 0.576000 (blue)
            Texture UV (on layer 0): 0.648626, 0.493934
            Coordinates: -5.633886, 6.389501, -1.867342
            Color vertex (on layer 0): 1.000000 (red), 0.868000 (green), 0.576000 (blue)
            Texture UV (on layer 0): 0.341124, 0.372677
            Coordinates: -4.070282, 5.027608, -0.358375
            Color vertex (on layer 0): 1.000000 (red), 0.868000 (green), 0.576000 (blue)
            Texture UV (on layer 0): 0.371860, 0.329832
        Polygon 129
            Coordinates: -6.386401, 5.445102, -3.010928
            Color vertex (on layer 0): 1.000000 (red), 0.868000 (green), 0.576000 (blue)
            Texture UV (on layer 0): 0.354221, 0.384401
            Coordinates: -6.329355, 4.686101, -2.806633
            Color vertex (on layer 0): 1.000000 (red), 0.868000 (green), 0.576000 (blue)
            Texture UV (on layer 0): 0.400339, 0.467717
            Coordinates: -5.633886, 6.389501, -1.867342
            Color vertex (on layer 0): 1.000000 (red), 0.868000 (green), 0.576000 (blue)
            Texture UV (on layer 0): 0.341124, 0.372677
        Polygon 130
            Coordinates: -6.444049, 3.257295, -3.103876
            Color vertex (on layer 0): 1.000000 (red), 0.868000 (green), 0.576000 (blue)
            Texture UV (on layer 0): 0.537641, 0.567538
            Coordinates: -6.386703, 3.971698, -2.955255
            Color vertex (on layer 0): 1.000000 (red), 0.868000 (green), 0.576000 (blue)
            Texture UV (on layer 0): 0.428420, 0.461206
            Coordinates: -7.454493, 5.840029, -5.285038
            Color vertex (on layer 0): 1.000000 (red), 0.868000 (green), 0.576000 (blue)
            Texture UV (on layer 0): 0.422508, 0.387463
        Polygon 131
            Coordinates: -6.386703, 3.971698, -2.955255
            Color vertex (on layer 0): 1.000000 (red), 0.868000 (green), 0.576000 (blue)
            Texture UV (on layer 0): 0.428420, 0.461206
            Coordinates: -6.329355, 4.686101, -2.806633
            Color vertex (on layer 0): 1.000000 (red), 0.868000 (green), 0.576000 (blue)
            Texture UV (on layer 0): 0.414701, 0.384461
            Coordinates: -7.454493, 5.840029, -5.285038
            Color vertex (on layer 0): 1.000000 (red), 0.868000 (green), 0.576000 (blue)
            Texture UV (on layer 0): 0.422508, 0.387463
        Polygon 132
            Coordinates: -6.386401, 5.445102, -3.010928
            Color vertex (on layer 0): 1.000000 (red), 0.868000 (green), 0.576000 (blue)
            Texture UV (on layer 0): 0.408250, 0.387221
            Coordinates: -7.454493, 5.840029, -5.285038
            Color vertex (on layer 0): 1.000000 (red), 0.868000 (green), 0.576000 (blue)
            Texture UV (on layer 0): 0.422508, 0.387463
            Coordinates: -6.329355, 4.686101, -2.806633
            Color vertex (on layer 0): 1.000000 (red), 0.868000 (green), 0.576000 (blue)
            Texture UV (on layer 0): 0.414701, 0.384461
        Polygon 133
            Coordinates: -0.337742, 5.719033, 0.996950
            Color vertex (on layer 0): 1.000000 (red), 0.868000 (green), 0.576000 (blue)
            Texture UV (on layer 0): 0.345623, 0.319608
            Coordinates: -1.392624, 4.949233, 0.923578
            Color vertex (on layer 0): 1.000000 (red), 0.868000 (green), 0.576000 (blue)
            Texture UV (on layer 0): 0.635706, 0.543799
            Coordinates: -0.269059, 3.223391, 0.998672
            Color vertex (on layer 0): 1.000000 (red), 0.868000 (green), 0.576000 (blue)
            Texture UV (on layer 0): 0.316721, 0.383141
        Polygon 134
            Coordinates: -1.392624, 4.949233, 0.923578
            Color vertex (on layer 0): 1.000000 (red), 0.868000 (green), 0.576000 (blue)
            Texture UV (on layer 0): 0.635706, 0.543799
            Coordinates: -1.371093, 4.031109, 0.870462
            Color vertex (on layer 0): 1.000000 (red), 0.868000 (green), 0.576000 (blue)
            Texture UV (on layer 0): 0.428420, 0.461206
            Coordinates: -0.269059, 3.223391, 0.998672
            Color vertex (on layer 0): 1.000000 (red), 0.868000 (green), 0.576000 (blue)
            Texture UV (on layer 0): 0.316721, 0.383141
        Polygon 135
            Coordinates: -1.349562, 3.112985, 0.817347
            Color vertex (on layer 0): 1.000000 (red), 0.868000 (green), 0.576000 (blue)
            Texture UV (on layer 0): 0.328763, 0.370510
            Coordinates: -0.269059, 3.223391, 0.998672
            Color vertex (on layer 0): 1.000000 (red), 0.868000 (green), 0.576000 (blue)
            Texture UV (on layer 0): 0.316721, 0.383141
            Coordinates: -1.371093, 4.031109, 0.870462
            Color vertex (on layer 0): 1.000000 (red), 0.868000 (green), 0.576000 (blue)
            Texture UV (on layer 0): 0.428420, 0.461206
        Polygon 136
            Coordinates: -0.337742, 5.719033, 0.996950
            Color vertex (on layer 0): 1.000000 (red), 0.868000 (green), 0.576000 (blue)
            Texture UV (on layer 0): 0.345623, 0.319608
            Coordinates: -1.556297, 6.461141, 0.722858
            Color vertex (on layer 0): 1.000000 (red), 0.868000 (green), 0.576000 (blue)
            Texture UV (on layer 0): 0.368844, 0.310362
            Coordinates: -1.392624, 4.949233, 0.923578
            Color vertex (on layer 0): 1.000000 (red), 0.868000 (green), 0.576000 (blue)
            Texture UV (on layer 0): 0.635706, 0.543799
        Polygon 137
            Coordinates: -1.556297, 6.461141, 0.722858
            Color vertex (on layer 0): 1.000000 (red), 0.868000 (green), 0.576000 (blue)
            Texture UV (on layer 0): 0.368844, 0.310362
            Coordinates: -2.794418, 6.031821, 0.372594
            Color vertex (on layer 0): 1.000000 (red), 0.868000 (green), 0.576000 (blue)
            Texture UV (on layer 0): 0.371860, 0.329832
            Coordinates: -1.392624, 4.949233, 0.923578
            Color vertex (on layer 0): 1.000000 (red), 0.868000 (green), 0.576000 (blue)
            Texture UV (on layer 0): 0.635706, 0.543799
        Polygon 138
            Coordinates: -4.835836, -6.227848, -4.036301
            Color vertex (on layer 0): 1.000000 (red), 0.868000 (green), 0.576000 (blue)
            Texture UV (on layer 0): 0.435526, 0.440247
            Coordinates: -4.838043, -7.055860, -6.239616
            Color vertex (on layer 0): 1.000000 (red), 0.868000 (green), 0.576000 (blue)
            Texture UV (on layer 0): 0.430651, 0.439106
            Coordinates: -4.040122, -7.288958, -3.295992
            Color vertex (on layer 0): 1.000000 (red), 0.868000 (green), 0.576000 (blue)
            Texture UV (on layer 0): 0.551826, 0.418320
        Polygon 139
            Coordinates: -4.838043, -7.055860, -6.239616
            Color vertex (on layer 0): 1.000000 (red), 0.868000 (green), 0.576000 (blue)
            Texture UV (on layer 0): 0.430651, 0.439106
            Coordinates: -3.684778, -8.095863, -4.558022
            Color vertex (on layer 0): 1.000000 (red), 0.868000 (green), 0.576000 (blue)
            Texture UV (on layer 0): 0.546322, 0.427052
            Coordinates: -4.040122, -7.288958, -3.295992
            Color vertex (on layer 0): 1.000000 (red), 0.868000 (green), 0.576000 (blue)
            Texture UV (on layer 0): 0.551826, 0.418320
        Polygon 140
            Coordinates: -3.684778, -8.095863, -4.558022
            Color vertex (on layer 0): 1.000000 (red), 0.868000 (green), 0.576000 (blue)
            Texture UV (on layer 0): 0.370938, 0.442429
            Coordinates: -2.629173, -8.914371, -2.959619
            Color vertex (on layer 0): 1.000000 (red), 0.868000 (green), 0.576000 (blue)
            Texture UV (on layer 0): 0.355837, 0.431814
            Coordinates: -4.040122, -7.288958, -3.295992
            Color vertex (on layer 0): 1.000000 (red), 0.868000 (green), 0.576000 (blue)
            Texture UV (on layer 0): 0.333288, 0.428808
        Polygon 141
            Coordinates: -2.629173, -8.914371, -2.959619
            Color vertex (on layer 0): 1.000000 (red), 0.868000 (green), 0.576000 (blue)
            Texture UV (on layer 0): 0.355837, 0.431814
            Coordinates: -3.009304, -8.129720, -2.204084
            Color vertex (on layer 0): 1.000000 (red), 0.868000 (green), 0.576000 (blue)
            Texture UV (on layer 0): 0.343099, 0.436222
            Coordinates: -4.040122, -7.288958, -3.295992
            Color vertex (on layer 0): 1.000000 (red), 0.868000 (green), 0.576000 (blue)
            Texture UV (on layer 0): 0.333288, 0.428808
        Polygon 142
            Coordinates: -3.189129, -8.530790, -5.009063
            Color vertex (on layer 0): 1.000000 (red), 0.868000 (green), 0.576000 (blue)
            Texture UV (on layer 0): 0.551907, 0.429834
            Coordinates: -3.684778, -8.095863, -4.558022
            Color vertex (on layer 0): 1.000000 (red), 0.868000 (green), 0.576000 (blue)
            Texture UV (on layer 0): 0.546322, 0.427052
            Coordinates: -4.585809, -7.401169, -6.950488
            Color vertex (on layer 0): 1.000000 (red), 0.868000 (green), 0.576000 (blue)
            Texture UV (on layer 0): 0.435362, 0.448360
        Polygon 143
            Coordinates: -4.838043, -7.055860, -6.239616
            Color vertex (on layer 0): 1.000000 (red), 0.868000 (green), 0.576000 (blue)
            Texture UV (on layer 0): 0.430651, 0.439106
            Coordinates: -4.585809, -7.401169, -6.950488
            Color vertex (on layer 0): 1.000000 (red), 0.868000 (green), 0.576000 (blue)
            Texture UV (on layer 0): 0.435362, 0.448360
            Coordinates: -3.684778, -8.095863, -4.558022
            Color vertex (on layer 0): 1.000000 (red), 0.868000 (green), 0.576000 (blue)
            Texture UV (on layer 0): 0.546322, 0.427052
        Polygon 144
            Coordinates: -1.805045, -9.393671, -3.201813
            Color vertex (on layer 0): 1.000000 (red), 0.868000 (green), 0.576000 (blue)
            Texture UV (on layer 0): 0.551826, 0.418320
            Coordinates: -2.629173, -8.914371, -2.959619
            Color vertex (on layer 0): 1.000000 (red), 0.868000 (green), 0.576000 (blue)
            Texture UV (on layer 0): 0.545538, 0.415808
            Coordinates: -3.189129, -8.530790, -5.009063
            Color vertex (on layer 0): 1.000000 (red), 0.868000 (green), 0.576000 (blue)
            Texture UV (on layer 0): 0.409155, 0.444297
        Polygon 145
            Coordinates: -3.189129, -8.530790, -5.009063
            Color vertex (on layer 0): 1.000000 (red), 0.868000 (green), 0.576000 (blue)
            Texture UV (on layer 0): 0.409155, 0.444297
            Coordinates: -2.629173, -8.914371, -2.959619
            Color vertex (on layer 0): 1.000000 (red), 0.868000 (green), 0.576000 (blue)
            Texture UV (on layer 0): 0.545538, 0.415808
            Coordinates: -3.684778, -8.095863, -4.558022
            Color vertex (on layer 0): 1.000000 (red), 0.868000 (green), 0.576000 (blue)
            Texture UV (on layer 0): 0.401012, 0.453888
        Polygon 146
            Coordinates: -1.014902, -8.971831, -0.492357
            Color vertex (on layer 0): 1.000000 (red), 0.868000 (green), 0.576000 (blue)
            Texture UV (on layer 0): 0.517297, 0.580132
            Coordinates: -1.395406, -9.573346, -1.514390
            Color vertex (on layer 0): 1.000000 (red), 0.868000 (green), 0.576000 (blue)
            Texture UV (on layer 0): 0.393125, 0.310832
            Coordinates: -0.701091, -9.687788, -1.164520
            Color vertex (on layer 0): 1.000000 (red), 0.868000 (green), 0.576000 (blue)
            Texture UV (on layer 0): 0.337135, 0.390748
        Polygon 147
            Coordinates: -1.805045, -9.393671, -3.201813
            Color vertex (on layer 0): 1.000000 (red), 0.868000 (green), 0.576000 (blue)
            Texture UV (on layer 0): 0.551826, 0.418320
            Coordinates: -0.762246, -9.810386, -2.267979
            Color vertex (on layer 0): 1.000000 (red), 0.868000 (green), 0.576000 (blue)
            Texture UV (on layer 0): 0.407535, 0.453782
            Coordinates: -1.395406, -9.573346, -1.514390
            Color vertex (on layer 0): 1.000000 (red), 0.868000 (green), 0.576000 (blue)
            Texture UV (on layer 0): 0.546322, 0.427052
        Polygon 148
            Coordinates: -1.395406, -9.573346, -1.514390
            Color vertex (on layer 0): 1.000000 (red), 0.868000 (green), 0.576000 (blue)
            Texture UV (on layer 0): 0.546322, 0.427052
            Coordinates: -0.762246, -9.810386, -2.267979
            Color vertex (on layer 0): 1.000000 (red), 0.868000 (green), 0.576000 (blue)
            Texture UV (on layer 0): 0.407535, 0.453782
            Coordinates: -0.701091, -9.687788, -1.164520
            Color vertex (on layer 0): 1.000000 (red), 0.868000 (green), 0.576000 (blue)
            Texture UV (on layer 0): 0.401012, 0.453888
        Polygon 149
            Coordinates: -0.762246, -9.810386, -2.267979
            Color vertex (on layer 0): 1.000000 (red), 0.868000 (green), 0.576000 (blue)
            Texture UV (on layer 0): 0.318107, 0.377606
            Coordinates: 0.108240, -9.895237, -2.017071
            Color vertex (on layer 0): 1.000000 (red), 0.868000 (green), 0.576000 (blue)
            Texture UV (on layer 0): 0.322087, 0.373793
            Coordinates: -0.701091, -9.687788, -1.164520
            Color vertex (on layer 0): 1.000000 (red), 0.868000 (green), 0.576000 (blue)
            Texture UV (on layer 0): 0.337135, 0.390748
        Polygon 150
            Coordinates: 0.108240, -9.895237, -2.017071
            Color vertex (on layer 0): 1.000000 (red), 0.868000 (green), 0.576000 (blue)
            Texture UV (on layer 0): 0.322087, 0.373793
            Coordinates: 0.097322, -9.705825, -0.958645
            Color vertex (on layer 0): 1.000000 (red), 0.868000 (green), 0.576000 (blue)
            Texture UV (on layer 0): 0.316872, 0.403451
            Coordinates: -0.701091, -9.687788, -1.164520
            Color vertex (on layer 0): 1.000000 (red), 0.868000 (green), 0.576000 (blue)
            Texture UV (on layer 0): 0.337135, 0.390748
        Polygon 151
            Coordinates: -2.629173, -8.914371, -2.959619
            Color vertex (on layer 0): 1.000000 (red), 0.868000 (green), 0.576000 (blue)
            Texture UV (on layer 0): 0.355837, 0.431814
            Coordinates: -1.979884, -9.341564, -1.930865
            Color vertex (on layer 0): 1.000000 (red), 0.868000 (green), 0.576000 (blue)
            Texture UV (on layer 0): 0.371267, 0.432555
            Coordinates: -3.009304, -8.129720, -2.204084
            Color vertex (on layer 0): 1.000000 (red), 0.868000 (green), 0.576000 (blue)
            Texture UV (on layer 0): 0.343099, 0.436222
        Polygon 152
            Coordinates: -3.009304, -8.129720, -2.204084
            Color vertex (on layer 0): 1.000000 (red), 0.868000 (green), 0.576000 (blue)
            Texture UV (on layer 0): 0.343099, 0.436222
            Coordinates: -1.979884, -9.341564, -1.930865
            Color vertex (on layer 0): 1.000000 (red), 0.868000 (green), 0.576000 (blue)
            Texture UV (on layer 0): 0.371267, 0.432555
            Coordinates: -2.156166, -8.659038, -1.359915
            Color vertex (on layer 0): 1.000000 (red), 0.868000 (green), 0.576000 (blue)
            Texture UV (on layer 0): 0.355837, 0.431814
        Polygon 153
            Coordinates: -1.001723, -7.264717, -0.317012
            Color vertex (on layer 0): 1.000000 (red), 0.868000 (green), 0.576000 (blue)
            Texture UV (on layer 0): 0.650400, 0.609405
            Coordinates: -2.739321, -6.888658, -1.355776
            Color vertex (on layer 0): 1.000000 (red), 0.868000 (green), 0.576000 (blue)
            Texture UV (on layer 0): 0.391311, 0.392736
            Coordinates: -1.014902, -8.971831, -0.492357
            Color vertex (on layer 0): 1.000000 (red), 0.868000 (green), 0.576000 (blue)
            Texture UV (on layer 0): 0.517297, 0.580132
        Polygon 154
            Coordinates: -1.014902, -8.971831, -0.492357
            Color vertex (on layer 0): 1.000000 (red), 0.868000 (green), 0.576000 (blue)
            Texture UV (on layer 0): 0.517297, 0.580132
            Coordinates: -2.739321, -6.888658, -1.355776
            Color vertex (on layer 0): 1.000000 (red), 0.868000 (green), 0.576000 (blue)
            Texture UV (on layer 0): 0.391311, 0.392736
            Coordinates: -2.156166, -8.659038, -1.359915
            Color vertex (on layer 0): 1.000000 (red), 0.868000 (green), 0.576000 (blue)
            Texture UV (on layer 0): 0.355837, 0.431814
        Polygon 155
            Coordinates: -2.739321, -6.888658, -1.355776
            Color vertex (on layer 0): 1.000000 (red), 0.868000 (green), 0.576000 (blue)
            Texture UV (on layer 0): 0.391311, 0.392736
            Coordinates: -3.009304, -8.129720, -2.204084
            Color vertex (on layer 0): 1.000000 (red), 0.868000 (green), 0.576000 (blue)
            Texture UV (on layer 0): 0.343099, 0.436222
            Coordinates: -2.156166, -8.659038, -1.359915
            Color vertex (on layer 0): 1.000000 (red), 0.868000 (green), 0.576000 (blue)
            Texture UV (on layer 0): 0.355837, 0.431814
        Polygon 156
            Coordinates: -6.813631, 2.446783, -3.978584
            Color vertex (on layer 0): 1.000000 (red), 0.868000 (green), 0.576000 (blue)
            Texture UV (on layer 0): 0.537641, 0.567538
            Coordinates: -7.260621, 1.418982, -5.442189
            Color vertex (on layer 0): 1.000000 (red), 0.868000 (green), 0.576000 (blue)
            Texture UV (on layer 0): 0.541633, 0.555776
            Coordinates: -6.525272, 2.034578, -3.377906
            Color vertex (on layer 0): 1.000000 (red), 0.868000 (green), 0.576000 (blue)
            Texture UV (on layer 0): 0.534559, 0.555569
        Polygon 157
            Coordinates: -7.260621, 1.418982, -5.442189
            Color vertex (on layer 0): 1.000000 (red), 0.868000 (green), 0.576000 (blue)
            Texture UV (on layer 0): 0.541633, 0.555776
            Coordinates: -6.805675, 1.315836, -4.079186
            Color vertex (on layer 0): 1.000000 (red), 0.868000 (green), 0.576000 (blue)
            Texture UV (on layer 0): 0.532839, 0.565578
            Coordinates: -6.525272, 2.034578, -3.377906
            Color vertex (on layer 0): 1.000000 (red), 0.868000 (green), 0.576000 (blue)
            Texture UV (on layer 0): 0.534559, 0.555569
        Polygon 158
            Coordinates: -6.237007, 1.420150, -2.939424
            Color vertex (on layer 0): 1.000000 (red), 0.868000 (green), 0.576000 (blue)
            Texture UV (on layer 0): 0.326094, 0.384998
            Coordinates: -6.381140, 1.727364, -3.158665
            Color vertex (on layer 0): 1.000000 (red), 0.868000 (green), 0.576000 (blue)
            Texture UV (on layer 0): 0.424024, 0.440858
            Coordinates: -6.805675, 1.315836, -4.079186
            Color vertex (on layer 0): 1.000000 (red), 0.868000 (green), 0.576000 (blue)
            Texture UV (on layer 0): 0.325676, 0.420502
        Polygon 159
            Coordinates: -6.805675, 1.315836, -4.079186
            Color vertex (on layer 0): 1.000000 (red), 0.868000 (green), 0.576000 (blue)
            Texture UV (on layer 0): 0.325676, 0.420502
            Coordinates: -6.381140, 1.727364, -3.158665
            Color vertex (on layer 0): 1.000000 (red), 0.868000 (green), 0.576000 (blue)
            Texture UV (on layer 0): 0.424024, 0.440858
            Coordinates: -6.525272, 2.034578, -3.377906
            Color vertex (on layer 0): 1.000000 (red), 0.868000 (green), 0.576000 (blue)
            Texture UV (on layer 0): 0.316872, 0.403451
        Polygon 160
            Coordinates: -6.183825, 2.620275, -2.632470
            Color vertex (on layer 0): 1.000000 (red), 0.868000 (green), 0.576000 (blue)
            Texture UV (on layer 0): 0.417839, 0.435382
            Coordinates: -5.819200, 2.594852, -2.159033
            Color vertex (on layer 0): 1.000000 (red), 0.868000 (green), 0.576000 (blue)
            Texture UV (on layer 0): 0.568713, 0.432511
            Coordinates: -6.130643, 3.820400, -2.325514
            Color vertex (on layer 0): 1.000000 (red), 0.868000 (green), 0.576000 (blue)
            Texture UV (on layer 0): 0.636922, 0.493198
        Polygon 161
            Coordinates: -5.769327, 3.709301, -1.863012
            Color vertex (on layer 0): 1.000000 (red), 0.868000 (green), 0.576000 (blue)
            Texture UV (on layer 0): 0.551826, 0.418320
            Coordinates: -6.130643, 3.820400, -2.325514
            Color vertex (on layer 0): 1.000000 (red), 0.868000 (green), 0.576000 (blue)
            Texture UV (on layer 0): 0.636922, 0.493198
            Coordinates: -5.819200, 2.594852, -2.159033
            Color vertex (on layer 0): 1.000000 (red), 0.868000 (green), 0.576000 (blue)
            Texture UV (on layer 0): 0.568713, 0.432511
        Polygon 162
            Coordinates: -6.237007, 1.420150, -2.939424
            Color vertex (on layer 0): 1.000000 (red), 0.868000 (green), 0.576000 (blue)
            Texture UV (on layer 0): 0.326094, 0.384998
            Coordinates: -6.805675, 1.315836, -4.079186
            Color vertex (on layer 0): 1.000000 (red), 0.868000 (green), 0.576000 (blue)
            Texture UV (on layer 0): 0.325676, 0.420502
            Coordinates: -6.319158, 0.275116, -3.437520
            Color vertex (on layer 0): 1.000000 (red), 0.868000 (green), 0.576000 (blue)
            Texture UV (on layer 0): 0.510383, 0.575835
        Polygon 163
            Coordinates: -6.319158, 0.275116, -3.437520
            Color vertex (on layer 0): 1.000000 (red), 0.868000 (green), 0.576000 (blue)
            Texture UV (on layer 0): 0.510383, 0.575835
            Coordinates: -6.805675, 1.315836, -4.079186
            Color vertex (on layer 0): 1.000000 (red), 0.868000 (green), 0.576000 (blue)
            Texture UV (on layer 0): 0.325676, 0.420502
            Coordinates: -6.921423, 0.625910, -4.530737
            Color vertex (on layer 0): 1.000000 (red), 0.868000 (green), 0.576000 (blue)
            Texture UV (on layer 0): 0.510917, 0.563572
        Polygon 164
            Coordinates: -6.805675, 1.315836, -4.079186
            Color vertex (on layer 0): 1.000000 (red), 0.868000 (green), 0.576000 (blue)
            Texture UV (on layer 0): 0.532839, 0.565578
            Coordinates: -7.260621, 1.418982, -5.442189
            Color vertex (on layer 0): 1.000000 (red), 0.868000 (green), 0.576000 (blue)
            Texture UV (on layer 0): 0.541633, 0.555776
            Coordinates: -6.921423, 0.625910, -4.530737
            Color vertex (on layer 0): 1.000000 (red), 0.868000 (green), 0.576000 (blue)
            Texture UV (on layer 0): 0.407093, 0.393033
        Polygon 165
            Coordinates: -7.260621, 1.418982, -5.442189
            Color vertex (on layer 0): 1.000000 (red), 0.868000 (green), 0.576000 (blue)
            Texture UV (on layer 0): 0.541633, 0.555776
            Coordinates: -7.246289, -0.011436, -6.096504
            Color vertex (on layer 0): 1.000000 (red), 0.868000 (green), 0.576000 (blue)
            Texture UV (on layer 0): 0.408250, 0.387221
            Coordinates: -6.921423, 0.625910, -4.530737
            Color vertex (on layer 0): 1.000000 (red), 0.868000 (green), 0.576000 (blue)
            Texture UV (on layer 0): 0.407093, 0.393033
        Polygon 166
            Coordinates: -7.246289, -0.011436, -6.096504
            Color vertex (on layer 0): 1.000000 (red), 0.868000 (green), 0.576000 (blue)
            Texture UV (on layer 0): 0.408250, 0.387221
            Coordinates: -6.843152, 0.039439, -4.502405
            Color vertex (on layer 0): 1.000000 (red), 0.868000 (green), 0.576000 (blue)
            Texture UV (on layer 0): 0.411760, 0.379709
            Coordinates: -6.921423, 0.625910, -4.530737
            Color vertex (on layer 0): 1.000000 (red), 0.868000 (green), 0.576000 (blue)
            Texture UV (on layer 0): 0.407093, 0.393033
        Polygon 167
            Coordinates: -5.656317, -3.002140, -2.720738
            Color vertex (on layer 0): 1.000000 (red), 0.866700 (green), 0.572500 (blue)
            Texture UV (on layer 0): 0.379507, 0.413889
            Coordinates: -4.093946, -4.185636, -1.442170
            Color vertex (on layer 0): 1.000000 (red), 0.866700 (green), 0.572500 (blue)
            Texture UV (on layer 0): 0.386585, 0.370618
            Coordinates: -5.117416, -1.938943, -1.819878
            Color vertex (on layer 0): 1.000000 (red), 0.866700 (green), 0.572500 (blue)
            Texture UV (on layer 0): 0.391065, 0.381865
        Polygon 168
            Coordinates: -5.117416, -1.938943, -1.819878
            Color vertex (on layer 0): 1.000000 (red), 0.866700 (green), 0.572500 (blue)
            Texture UV (on layer 0): 0.391065, 0.381865
            Coordinates: -6.113422, -1.413099, -3.065170
            Color vertex (on layer 0): 1.000000 (red), 0.868000 (green), 0.576000 (blue)
            Texture UV (on layer 0): 0.340557, 0.430075
            Coordinates: -5.656317, -3.002140, -2.720738
            Color vertex (on layer 0): 1.000000 (red), 0.866700 (green), 0.572500 (blue)
            Texture UV (on layer 0): 0.379507, 0.413889
        Polygon 169
            Coordinates: -7.246289, -0.011436, -6.096504
            Color vertex (on layer 0): 1.000000 (red), 0.868000 (green), 0.576000 (blue)
            Texture UV (on layer 0): 0.408250, 0.387221
            Coordinates: -6.947993, -0.826263, -4.964690
            Color vertex (on layer 0): 1.000000 (red), 0.868000 (green), 0.576000 (blue)
            Texture UV (on layer 0): 0.399507, 0.384805
            Coordinates: -6.843152, 0.039439, -4.502405
            Color vertex (on layer 0): 1.000000 (red), 0.868000 (green), 0.576000 (blue)
            Texture UV (on layer 0): 0.411760, 0.379709
        Polygon 170
            Coordinates: -6.843152, 0.039439, -4.502405
            Color vertex (on layer 0): 1.000000 (red), 0.868000 (green), 0.576000 (blue)
            Texture UV (on layer 0): 0.411760, 0.379709
            Coordinates: -6.947993, -0.826263, -4.964690
            Color vertex (on layer 0): 1.000000 (red), 0.868000 (green), 0.576000 (blue)
            Texture UV (on layer 0): 0.399507, 0.384805
            Coordinates: -6.580030, -0.621351, -3.968088
            Color vertex (on layer 0): 1.000000 (red), 0.868000 (green), 0.576000 (blue)
            Texture UV (on layer 0): 0.400374, 0.375211
        Polygon 171
            Coordinates: -6.947993, -0.826263, -4.964690
            Color vertex (on layer 0): 1.000000 (red), 0.868000 (green), 0.576000 (blue)
            Texture UV (on layer 0): 0.399507, 0.384805
            Coordinates: -6.509641, -1.888507, -3.972212
            Color vertex (on layer 0): 1.000000 (red), 0.868000 (green), 0.576000 (blue)
            Texture UV (on layer 0): 0.406908, 0.382773
            Coordinates: -6.580030, -0.621351, -3.968088
            Color vertex (on layer 0): 1.000000 (red), 0.868000 (green), 0.576000 (blue)
            Texture UV (on layer 0): 0.400374, 0.375211
        Polygon 172
            Coordinates: -6.509641, -1.888507, -3.972212
            Color vertex (on layer 0): 1.000000 (red), 0.868000 (green), 0.576000 (blue)
            Texture UV (on layer 0): 0.406908, 0.382773
            Coordinates: -6.113422, -1.413099, -3.065170
            Color vertex (on layer 0): 1.000000 (red), 0.868000 (green), 0.576000 (blue)
            Texture UV (on layer 0): 0.400374, 0.375211
            Coordinates: -6.580030, -0.621351, -3.968088
            Color vertex (on layer 0): 1.000000 (red), 0.868000 (green), 0.576000 (blue)
            Texture UV (on layer 0): 0.400374, 0.375211
        Polygon 173
            Coordinates: -5.117416, -1.938943, -1.819878
            Color vertex (on layer 0): 1.000000 (red), 0.866700 (green), 0.572500 (blue)
            Texture UV (on layer 0): 0.391065, 0.381865
            Coordinates: -6.319158, 0.275116, -3.437520
            Color vertex (on layer 0): 1.000000 (red), 0.868000 (green), 0.576000 (blue)
            Texture UV (on layer 0): 0.510383, 0.575835
            Coordinates: -6.113422, -1.413099, -3.065170
            Color vertex (on layer 0): 1.000000 (red), 0.868000 (green), 0.576000 (blue)
            Texture UV (on layer 0): 0.340557, 0.430075
        Polygon 174
            Coordinates: -6.113422, -1.413099, -3.065170
            Color vertex (on layer 0): 1.000000 (red), 0.868000 (green), 0.576000 (blue)
            Texture UV (on layer 0): 0.340557, 0.430075
            Coordinates: -6.319158, 0.275116, -3.437520
            Color vertex (on layer 0): 1.000000 (red), 0.868000 (green), 0.576000 (blue)
            Texture UV (on layer 0): 0.510383, 0.575835
            Coordinates: -6.580030, -0.621351, -3.968088
            Color vertex (on layer 0): 1.000000 (red), 0.868000 (green), 0.576000 (blue)
            Texture UV (on layer 0): 0.363849, 0.432287
        Polygon 175
            Coordinates: -7.300783, -1.181365, -6.903046
            Color vertex (on layer 0): 1.000000 (red), 0.868000 (green), 0.576000 (blue)
            Texture UV (on layer 0): 0.418696, 0.376044
            Coordinates: -6.905703, -3.387143, -7.523986
            Color vertex (on layer 0): 1.000000 (red), 0.868000 (green), 0.576000 (blue)
            Texture UV (on layer 0): 0.407790, 0.377061
            Coordinates: -6.896820, -2.175578, -5.487358
            Color vertex (on layer 0): 1.000000 (red), 0.868000 (green), 0.576000 (blue)
            Texture UV (on layer 0): 0.541633, 0.555776
        Polygon 176
            Coordinates: -6.896820, -2.175578, -5.487358
            Color vertex (on layer 0): 1.000000 (red), 0.868000 (green), 0.576000 (blue)
            Texture UV (on layer 0): 0.541633, 0.555776
            Coordinates: -6.509641, -1.888507, -3.972212
            Color vertex (on layer 0): 1.000000 (red), 0.868000 (green), 0.576000 (blue)
            Texture UV (on layer 0): 0.406908, 0.382773
            Coordinates: -6.947993, -0.826263, -4.964690
            Color vertex (on layer 0): 1.000000 (red), 0.868000 (green), 0.576000 (blue)
            Texture UV (on layer 0): 0.399507, 0.384805
        Polygon 177
            Coordinates: -2.580223, -1.937371, -0.405094
            Color vertex (on layer 0): 1.000000 (red), 0.866700 (green), 0.572500 (blue)
            Texture UV (on layer 0): 0.397735, 0.390568
            Coordinates: -4.649904, -0.762805, -1.796464
            Color vertex (on layer 0): 1.000000 (red), 0.868000 (green), 0.576000 (blue)
            Texture UV (on layer 0): 0.396015, 0.397049
            Coordinates: -3.834647, -2.402229, -1.010337
            Color vertex (on layer 0): 1.000000 (red), 0.866700 (green), 0.572500 (blue)
            Texture UV (on layer 0): 0.395215, 0.360429
        Polygon 178
            Coordinates: -6.111806, -4.696089, -6.048254
            Color vertex (on layer 0): 1.000000 (red), 0.868000 (green), 0.576000 (blue)
            Texture UV (on layer 0): 0.648782, 0.612978
            Coordinates: -4.835836, -6.227848, -4.036301
            Color vertex (on layer 0): 1.000000 (red), 0.868000 (green), 0.576000 (blue)
            Texture UV (on layer 0): 0.384275, 0.407097
            Coordinates: -6.317101, -3.565342, -4.891085
            Color vertex (on layer 0): 1.000000 (red), 0.868000 (green), 0.576000 (blue)
            Texture UV (on layer 0): 0.360031, 0.441587
        Polygon 179
            Coordinates: -4.835836, -6.227848, -4.036301
            Color vertex (on layer 0): 1.000000 (red), 0.868000 (green), 0.576000 (blue)
            Texture UV (on layer 0): 0.384275, 0.407097
            Coordinates: -5.949507, -3.693881, -3.852957
            Color vertex (on layer 0): 1.000000 (red), 0.868000 (green), 0.576000 (blue)
            Texture UV (on layer 0): 0.333288, 0.428808
            Coordinates: -6.317101, -3.565342, -4.891085
            Color vertex (on layer 0): 1.000000 (red), 0.868000 (green), 0.576000 (blue)
            Texture UV (on layer 0): 0.360031, 0.441587
        Polygon 180
            Coordinates: -6.896820, -2.175578, -5.487358
            Color vertex (on layer 0): 1.000000 (red), 0.868000 (green), 0.576000 (blue)
            Texture UV (on layer 0): 0.541633, 0.555776
            Coordinates: -6.317101, -3.565342, -4.891085
            Color vertex (on layer 0): 1.000000 (red), 0.868000 (green), 0.576000 (blue)
            Texture UV (on layer 0): 0.428165, 0.451037
            Coordinates: -6.509641, -1.888507, -3.972212
            Color vertex (on layer 0): 1.000000 (red), 0.868000 (green), 0.576000 (blue)
            Texture UV (on layer 0): 0.406908, 0.382773
        Polygon 181
            Coordinates: -5.949507, -3.693881, -3.852957
            Color vertex (on layer 0): 1.000000 (red), 0.868000 (green), 0.576000 (blue)
            Texture UV (on layer 0): 0.430651, 0.439106
            Coordinates: -6.509641, -1.888507, -3.972212
            Color vertex (on layer 0): 1.000000 (red), 0.868000 (green), 0.576000 (blue)
            Texture UV (on layer 0): 0.406908, 0.382773
            Coordinates: -6.317101, -3.565342, -4.891085
            Color vertex (on layer 0): 1.000000 (red), 0.868000 (green), 0.576000 (blue)
            Texture UV (on layer 0): 0.428165, 0.451037
        Polygon 182
            Coordinates: -2.739321, -6.888658, -1.355776
            Color vertex (on layer 0): 1.000000 (red), 0.868000 (green), 0.576000 (blue)
            Texture UV (on layer 0): 0.391311, 0.392736
            Coordinates: -2.905028, -4.652115, -0.566307
            Color vertex (on layer 0): 1.000000 (red), 0.866700 (green), 0.572500 (blue)
            Texture UV (on layer 0): 0.393259, 0.373591
            Coordinates: -4.452909, -5.041531, -2.144348
            Color vertex (on layer 0): 1.000000 (red), 0.868000 (green), 0.576000 (blue)
            Texture UV (on layer 0): 0.386585, 0.370618
        Polygon 183
            Coordinates: -1.001723, -7.264717, -0.317012
            Color vertex (on layer 0): 1.000000 (red), 0.868000 (green), 0.576000 (blue)
            Texture UV (on layer 0): 0.650400, 0.609405
            Coordinates: -1.014902, -8.971831, -0.492357
            Color vertex (on layer 0): 1.000000 (red), 0.868000 (green), 0.576000 (blue)
            Texture UV (on layer 0): 0.517297, 0.580132
            Coordinates: 0.034127, -7.563134, -0.174550
            Color vertex (on layer 0): 1.000000 (red), 0.868000 (green), 0.576000 (blue)
            Texture UV (on layer 0): 0.388141, 0.300114
        Polygon 184
            Coordinates: 0.369625, -8.983615, -0.230949
            Color vertex (on layer 0): 1.000000 (red), 0.868000 (green), 0.576000 (blue)
            Texture UV (on layer 0): 0.325571, 0.398751
            Coordinates: 0.034127, -7.563134, -0.174550
            Color vertex (on layer 0): 1.000000 (red), 0.868000 (green), 0.576000 (blue)
            Texture UV (on layer 0): 0.388141, 0.300114
            Coordinates: -1.014902, -8.971831, -0.492357
            Color vertex (on layer 0): 1.000000 (red), 0.868000 (green), 0.576000 (blue)
            Texture UV (on layer 0): 0.517297, 0.580132
        Polygon 185
            Coordinates: -4.835836, -6.227848, -4.036301
            Color vertex (on layer 0): 1.000000 (red), 0.868000 (green), 0.576000 (blue)
            Texture UV (on layer 0): 0.435526, 0.440247
            Coordinates: -6.111806, -4.696089, -6.048254
            Color vertex (on layer 0): 1.000000 (red), 0.868000 (green), 0.576000 (blue)
            Texture UV (on layer 0): 0.536332, 0.544866
            Coordinates: -4.838043, -7.055860, -6.239616
            Color vertex (on layer 0): 1.000000 (red), 0.868000 (green), 0.576000 (blue)
            Texture UV (on layer 0): 0.430651, 0.439106
        Polygon 186
            Coordinates: -5.734521, -6.002558, -7.660178
            Color vertex (on layer 0): 1.000000 (red), 0.868000 (green), 0.576000 (blue)
            Texture UV (on layer 0): 0.435362, 0.448360
            Coordinates: -4.838043, -7.055860, -6.239616
            Color vertex (on layer 0): 1.000000 (red), 0.868000 (green), 0.576000 (blue)
            Texture UV (on layer 0): 0.430651, 0.439106
            Coordinates: -6.111806, -4.696089, -6.048254
            Color vertex (on layer 0): 1.000000 (red), 0.868000 (green), 0.576000 (blue)
            Texture UV (on layer 0): 0.536332, 0.544866
        Polygon 187
            Coordinates: -2.262109, 2.368863, 0.195143
            Color vertex (on layer 0): 1.000000 (red), 0.868000 (green), 0.576000 (blue)
            Texture UV (on layer 0): 0.551988, 0.441349
            Coordinates: -1.575326, 2.252748, 0.387833
            Color vertex (on layer 0): 1.000000 (red), 0.868000 (green), 0.576000 (blue)
            Texture UV (on layer 0): 0.542550, 0.452030
            Coordinates: -1.989079, 3.236153, 0.612606
            Color vertex (on layer 0): 1.000000 (red), 0.868000 (green), 0.576000 (blue)
            Texture UV (on layer 0): 0.413803, 0.465995
        Polygon 188
            Coordinates: -1.575326, 2.252748, 0.387833
            Color vertex (on layer 0): 1.000000 (red), 0.868000 (green), 0.576000 (blue)
            Texture UV (on layer 0): 0.542550, 0.452030
            Coordinates: -1.349562, 3.112985, 0.817347
            Color vertex (on layer 0): 1.000000 (red), 0.868000 (green), 0.576000 (blue)
            Texture UV (on layer 0): 0.328763, 0.370510
            Coordinates: -1.989079, 3.236153, 0.612606
            Color vertex (on layer 0): 1.000000 (red), 0.868000 (green), 0.576000 (blue)
            Texture UV (on layer 0): 0.413803, 0.465995
        Polygon 189
            Coordinates: -4.948372, 2.636791, -1.226353
            Color vertex (on layer 0): 1.000000 (red), 0.868000 (green), 0.576000 (blue)
            Texture UV (on layer 0): 0.544225, 0.442693
            Coordinates: -4.403326, 2.592071, -0.792147
            Color vertex (on layer 0): 1.000000 (red), 0.868000 (green), 0.576000 (blue)
            Texture UV (on layer 0): 0.536462, 0.444037
            Coordinates: -4.906378, 3.406177, -1.022029
            Color vertex (on layer 0): 1.000000 (red), 0.868000 (green), 0.576000 (blue)
            Texture UV (on layer 0): 0.435362, 0.448360
        Polygon 190
            Coordinates: -4.403326, 2.592071, -0.792147
            Color vertex (on layer 0): 1.000000 (red), 0.868000 (green), 0.576000 (blue)
            Texture UV (on layer 0): 0.536462, 0.444037
            Coordinates: -4.404747, 3.214150, -0.643549
            Color vertex (on layer 0): 1.000000 (red), 0.868000 (green), 0.576000 (blue)
            Texture UV (on layer 0): 0.355881, 0.313050
            Coordinates: -4.906378, 3.406177, -1.022029
            Color vertex (on layer 0): 1.000000 (red), 0.868000 (green), 0.576000 (blue)
            Texture UV (on layer 0): 0.435362, 0.448360
        Polygon 191
            Coordinates: -3.516670, 3.286736, -0.117842
            Color vertex (on layer 0): 1.000000 (red), 0.868000 (green), 0.576000 (blue)
            Texture UV (on layer 0): 0.414057, 0.453677
            Coordinates: -3.581424, 2.638886, -0.314539
            Color vertex (on layer 0): 1.000000 (red), 0.868000 (green), 0.576000 (blue)
            Texture UV (on layer 0): 0.544225, 0.442693
            Coordinates: -2.628595, 3.359321, 0.407865
            Color vertex (on layer 0): 1.000000 (red), 0.868000 (green), 0.576000 (blue)
            Texture UV (on layer 0): 0.323953, 0.361496
        Polygon 192
            Coordinates: -2.942671, 2.525062, 0.019549
            Color vertex (on layer 0): 1.000000 (red), 0.868000 (green), 0.576000 (blue)
            Texture UV (on layer 0): 0.551907, 0.429834
            Coordinates: -2.628595, 3.359321, 0.407865
            Color vertex (on layer 0): 1.000000 (red), 0.868000 (green), 0.576000 (blue)
            Texture UV (on layer 0): 0.323953, 0.361496
            Coordinates: -3.581424, 2.638886, -0.314539
            Color vertex (on layer 0): 1.000000 (red), 0.868000 (green), 0.576000 (blue)
            Texture UV (on layer 0): 0.544225, 0.442693
        Polygon 193
            Coordinates: -0.269059, 3.223391, 0.998672
            Color vertex (on layer 0): 1.000000 (red), 0.868000 (green), 0.576000 (blue)
            Texture UV (on layer 0): 0.316721, 0.383141
            Coordinates: -1.349562, 3.112985, 0.817347
            Color vertex (on layer 0): 1.000000 (red), 0.868000 (green), 0.576000 (blue)
            Texture UV (on layer 0): 0.328763, 0.370510
            Coordinates: -0.205807, 1.049419, 0.363962
            Color vertex (on layer 0): 1.000000 (red), 0.868000 (green), 0.576000 (blue)
            Texture UV (on layer 0): 0.388141, 0.300114
        Polygon 194
            Coordinates: -1.349562, 3.112985, 0.817347
            Color vertex (on layer 0): 1.000000 (red), 0.868000 (green), 0.576000 (blue)
            Texture UV (on layer 0): 0.328763, 0.370510
            Coordinates: -1.575326, 2.252748, 0.387833
            Color vertex (on layer 0): 1.000000 (red), 0.868000 (green), 0.576000 (blue)
            Texture UV (on layer 0): 0.542550, 0.452030
            Coordinates: -0.205807, 1.049419, 0.363962
            Color vertex (on layer 0): 1.000000 (red), 0.868000 (green), 0.576000 (blue)
            Texture UV (on layer 0): 0.388141, 0.300114
        Polygon 195
            Coordinates: -2.060724, 1.388721, -0.067328
            Color vertex (on layer 0): 1.000000 (red), 0.868000 (green), 0.576000 (blue)
            Texture UV (on layer 0): 0.381228, 0.300215
            Coordinates: -0.205807, 1.049419, 0.363962
            Color vertex (on layer 0): 1.000000 (red), 0.868000 (green), 0.576000 (blue)
            Texture UV (on layer 0): 0.388141, 0.300114
            Coordinates: -1.575326, 2.252748, 0.387833
            Color vertex (on layer 0): 1.000000 (red), 0.868000 (green), 0.576000 (blue)
            Texture UV (on layer 0): 0.542550, 0.452030
        Polygon 196
            Coordinates: -4.460176, 8.355947, -1.410475
            Color vertex (on layer 0): 1.000000 (red), 0.868000 (green), 0.576000 (blue)
            Texture UV (on layer 0): 0.400339, 0.467717
            Coordinates: -5.701328, 7.533261, -2.346601
            Color vertex (on layer 0): 1.000000 (red), 0.868000 (green), 0.576000 (blue)
            Texture UV (on layer 0): 0.315349, 0.446186
            Coordinates: -4.275616, 6.713736, -0.656622
            Color vertex (on layer 0): 1.000000 (red), 0.868000 (green), 0.576000 (blue)
            Texture UV (on layer 0): 0.648626, 0.493934
        Polygon 197
            Coordinates: -5.701328, 7.533261, -2.346601
            Color vertex (on layer 0): 1.000000 (red), 0.868000 (green), 0.576000 (blue)
            Texture UV (on layer 0): 0.315349, 0.446186
            Coordinates: -5.633886, 6.389501, -1.867342
            Color vertex (on layer 0): 1.000000 (red), 0.868000 (green), 0.576000 (blue)
            Texture UV (on layer 0): 0.341124, 0.372677
            Coordinates: -4.275616, 6.713736, -0.656622
            Color vertex (on layer 0): 1.000000 (red), 0.868000 (green), 0.576000 (blue)
            Texture UV (on layer 0): 0.648626, 0.493934
        Polygon 198
            Coordinates: -7.260621, 1.418982, -5.442189
            Color vertex (on layer 0): 1.000000 (red), 0.868000 (green), 0.576000 (blue)
            Texture UV (on layer 0): 0.541633, 0.555776
            Coordinates: -7.574776, 1.253975, -7.544675
            Color vertex (on layer 0): 1.000000 (red), 0.868000 (green), 0.576000 (blue)
            Texture UV (on layer 0): 0.399365, 0.402058
            Coordinates: -7.246289, -0.011436, -6.096504
            Color vertex (on layer 0): 1.000000 (red), 0.868000 (green), 0.576000 (blue)
            Texture UV (on layer 0): 0.408250, 0.387221
        Polygon 199
            Coordinates: -7.873383, 2.319217, -11.071197
            Color vertex (on layer 0): 1.000000 (red), 0.868000 (green), 0.576000 (blue)
            Texture UV (on layer 0): 0.418696, 0.376044
            Coordinates: -8.297438, -0.584802, -10.675722
            Color vertex (on layer 0): 1.000000 (red), 0.868000 (green), 0.576000 (blue)
            Texture UV (on layer 0): 0.406908, 0.382773
            Coordinates: -7.574776, 1.253975, -7.544675
            Color vertex (on layer 0): 1.000000 (red), 0.868000 (green), 0.576000 (blue)
            Texture UV (on layer 0): 0.399365, 0.402058
        Polygon 200
            Coordinates: -7.246289, -0.011436, -6.096504
            Color vertex (on layer 0): 1.000000 (red), 0.868000 (green), 0.576000 (blue)
            Texture UV (on layer 0): 0.408250, 0.387221
            Coordinates: -7.574776, 1.253975, -7.544675
            Color vertex (on layer 0): 1.000000 (red), 0.868000 (green), 0.576000 (blue)
            Texture UV (on layer 0): 0.399365, 0.402058
            Coordinates: -7.300783, -1.181365, -6.903046
            Color vertex (on layer 0): 1.000000 (red), 0.868000 (green), 0.576000 (blue)
            Texture UV (on layer 0): 0.418696, 0.376044
        Polygon 201
            Coordinates: -7.574776, 1.253975, -7.544675
            Color vertex (on layer 0): 1.000000 (red), 0.868000 (green), 0.576000 (blue)
            Texture UV (on layer 0): 0.399365, 0.402058
            Coordinates: -8.297438, -0.584802, -10.675722
            Color vertex (on layer 0): 1.000000 (red), 0.868000 (green), 0.576000 (blue)
            Texture UV (on layer 0): 0.406908, 0.382773
            Coordinates: -7.300783, -1.181365, -6.903046
            Color vertex (on layer 0): 1.000000 (red), 0.868000 (green), 0.576000 (blue)
            Texture UV (on layer 0): 0.418696, 0.376044
        Polygon 202
            Coordinates: -6.077001, -5.558661, -8.707971
            Color vertex (on layer 0): 1.000000 (red), 0.868000 (green), 0.576000 (blue)
            Texture UV (on layer 0): 0.534559, 0.555569
            Coordinates: -6.905703, -3.387143, -7.523986
            Color vertex (on layer 0): 1.000000 (red), 0.868000 (green), 0.576000 (blue)
            Texture UV (on layer 0): 0.407790, 0.377061
            Coordinates: -8.297438, -0.584802, -10.675722
            Color vertex (on layer 0): 1.000000 (red), 0.868000 (green), 0.576000 (blue)
            Texture UV (on layer 0): 0.406908, 0.382773
        Polygon 203
            Coordinates: -7.300783, -1.181365, -6.903046
            Color vertex (on layer 0): 1.000000 (red), 0.868000 (green), 0.576000 (blue)
            Texture UV (on layer 0): 0.418696, 0.376044
            Coordinates: -8.297438, -0.584802, -10.675722
            Color vertex (on layer 0): 1.000000 (red), 0.868000 (green), 0.576000 (blue)
            Texture UV (on layer 0): 0.406908, 0.382773
            Coordinates: -6.905703, -3.387143, -7.523986
            Color vertex (on layer 0): 1.000000 (red), 0.868000 (green), 0.576000 (blue)
            Texture UV (on layer 0): 0.407790, 0.377061
        Polygon 204
            Coordinates: -1.556297, 6.461141, 0.722858
            Color vertex (on layer 0): 1.000000 (red), 0.868000 (green), 0.576000 (blue)
            Texture UV (on layer 0): 0.368844, 0.310362
            Coordinates: -1.701943, 9.080427, -0.249998
            Color vertex (on layer 0): 1.000000 (red), 0.868000 (green), 0.576000 (blue)
            Texture UV (on layer 0): 0.369797, 0.487045
            Coordinates: -2.794418, 6.031821, 0.372594
            Color vertex (on layer 0): 1.000000 (red), 0.868000 (green), 0.576000 (blue)
            Texture UV (on layer 0): 0.371860, 0.329832
        Polygon 205
            Coordinates: -2.794418, 6.031821, 0.372594
            Color vertex (on layer 0): 1.000000 (red), 0.868000 (green), 0.576000 (blue)
            Texture UV (on layer 0): 0.371860, 0.329832
            Coordinates: -1.701943, 9.080427, -0.249998
            Color vertex (on layer 0): 1.000000 (red), 0.868000 (green), 0.576000 (blue)
            Texture UV (on layer 0): 0.369797, 0.487045
            Coordinates: -4.275616, 6.713736, -0.656622
            Color vertex (on layer 0): 1.000000 (red), 0.868000 (green), 0.576000 (blue)
            Texture UV (on layer 0): 0.648626, 0.493934
        Polygon 206
            Coordinates: -1.701943, 9.080427, -0.249998
            Color vertex (on layer 0): 1.000000 (red), 0.868000 (green), 0.576000 (blue)
            Texture UV (on layer 0): 0.369797, 0.487045
            Coordinates: -4.460176, 8.355947, -1.410475
            Color vertex (on layer 0): 1.000000 (red), 0.868000 (green), 0.576000 (blue)
            Texture UV (on layer 0): 0.400339, 0.467717
            Coordinates: -4.275616, 6.713736, -0.656622
            Color vertex (on layer 0): 1.000000 (red), 0.868000 (green), 0.576000 (blue)
            Texture UV (on layer 0): 0.648626, 0.493934
        Polygon 207
            Coordinates: -5.633886, 6.389501, -1.867342
            Color vertex (on layer 0): 1.000000 (red), 0.868000 (green), 0.576000 (blue)
            Texture UV (on layer 0): 0.341124, 0.372677
            Coordinates: -5.701328, 7.533261, -2.346601
            Color vertex (on layer 0): 1.000000 (red), 0.868000 (green), 0.576000 (blue)
            Texture UV (on layer 0): 0.315349, 0.446186
            Coordinates: -6.963015, 7.121422, -4.098456
            Color vertex (on layer 0): 1.000000 (red), 0.868000 (green), 0.576000 (blue)
            Texture UV (on layer 0): 0.345623, 0.319608
        Polygon 208
            Coordinates: -6.963015, 7.121422, -4.098456
            Color vertex (on layer 0): 1.000000 (red), 0.868000 (green), 0.576000 (blue)
            Texture UV (on layer 0): 0.345623, 0.319608
            Coordinates: -7.454493, 5.840029, -5.285038
            Color vertex (on layer 0): 1.000000 (red), 0.868000 (green), 0.576000 (blue)
            Texture UV (on layer 0): 0.384520, 0.357759
            Coordinates: -6.386401, 5.445102, -3.010928
            Color vertex (on layer 0): 1.000000 (red), 0.868000 (green), 0.576000 (blue)
            Texture UV (on layer 0): 0.354221, 0.384401
        Polygon 209
            Coordinates: -4.452909, -5.041531, -2.144348
            Color vertex (on layer 0): 1.000000 (red), 0.868000 (green), 0.576000 (blue)
            Texture UV (on layer 0): 0.386585, 0.370618
            Coordinates: -4.093946, -4.185636, -1.442170
            Color vertex (on layer 0): 1.000000 (red), 0.866700 (green), 0.572500 (blue)
            Texture UV (on layer 0): 0.386585, 0.370618
            Coordinates: -5.656317, -3.002140, -2.720738
            Color vertex (on layer 0): 1.000000 (red), 0.866700 (green), 0.572500 (blue)
            Texture UV (on layer 0): 0.379507, 0.413889
        Polygon 210
            Coordinates: -5.656317, -3.002140, -2.720738
            Color vertex (on layer 0): 1.000000 (red), 0.866700 (green), 0.572500 (blue)
            Texture UV (on layer 0): 0.379507, 0.413889
            Coordinates: -6.509641, -1.888507, -3.972212
            Color vertex (on layer 0): 1.000000 (red), 0.868000 (green), 0.576000 (blue)
            Texture UV (on layer 0): 0.340595, 0.437622
            Coordinates: -5.949507, -3.693881, -3.852957
            Color vertex (on layer 0): 1.000000 (red), 0.868000 (green), 0.576000 (blue)
            Texture UV (on layer 0): 0.333288, 0.428808
        Polygon 211
            Coordinates: -2.739321, -6.888658, -1.355776
            Color vertex (on layer 0): 1.000000 (red), 0.868000 (green), 0.576000 (blue)
            Texture UV (on layer 0): 0.391311, 0.392736
            Coordinates: -1.001723, -7.264717, -0.317012
            Color vertex (on layer 0): 1.000000 (red), 0.868000 (green), 0.576000 (blue)
            Texture UV (on layer 0): 0.650400, 0.609405
            Coordinates: -1.946199, -6.173570, -0.644001
            Color vertex (on layer 0): 1.000000 (red), 0.868000 (green), 0.576000 (blue)
            Texture UV (on layer 0): 0.343099, 0.436222
        Polygon 212
            Coordinates: 0.016420, -6.991284, 0.190572
            Color vertex (on layer 0): 1.000000 (red), 0.868000 (green), 0.576000 (blue)
            Texture UV (on layer 0): 0.379361, 0.309473
            Coordinates: -0.486329, -6.342722, 0.177505
            Color vertex (on layer 0): 1.000000 (red), 0.868000 (green), 0.576000 (blue)
            Texture UV (on layer 0): 0.501937, 0.564810
            Coordinates: -0.911466, -6.775872, 0.043003
            Color vertex (on layer 0): 1.000000 (red), 0.868000 (green), 0.576000 (blue)
            Texture UV (on layer 0): 0.404840, 0.301924
        Polygon 213
            Coordinates: -0.911466, -6.775872, 0.043003
            Color vertex (on layer 0): 1.000000 (red), 0.868000 (green), 0.576000 (blue)
            Texture UV (on layer 0): 0.404840, 0.301924
            Coordinates: -0.486329, -6.342722, 0.177505
            Color vertex (on layer 0): 1.000000 (red), 0.868000 (green), 0.576000 (blue)
            Texture UV (on layer 0): 0.501937, 0.564810
            Coordinates: -1.946199, -6.173570, -0.644001
            Color vertex (on layer 0): 1.000000 (red), 0.868000 (green), 0.576000 (blue)
            Texture UV (on layer 0): 0.343099, 0.436222
        Polygon 214
            Coordinates: -0.080599, -5.596519, 0.550023
            Color vertex (on layer 0): 1.000000 (red), 0.868000 (green), 0.576000 (blue)
            Texture UV (on layer 0): 0.393125, 0.310832
            Coordinates: -0.574177, -4.427757, 0.530098
            Color vertex (on layer 0): 1.000000 (red), 0.868000 (green), 0.576000 (blue)
            Texture UV (on layer 0): 0.646221, 0.612448
            Coordinates: -0.998950, -5.407924, 0.235690
            Color vertex (on layer 0): 1.000000 (red), 0.868000 (green), 0.576000 (blue)
            Texture UV (on layer 0): 0.383514, 0.378089
        Polygon 215
            Coordinates: -0.574177, -4.427757, 0.530098
            Color vertex (on layer 0): 1.000000 (red), 0.868000 (green), 0.576000 (blue)
            Texture UV (on layer 0): 0.646221, 0.612448
            Coordinates: -1.417775, -4.658962, 0.138816
            Color vertex (on layer 0): 1.000000 (red), 0.866700 (green), 0.572500 (blue)
            Texture UV (on layer 0): 0.386585, 0.370618
            Coordinates: -0.998950, -5.407924, 0.235690
            Color vertex (on layer 0): 1.000000 (red), 0.868000 (green), 0.576000 (blue)
            Texture UV (on layer 0): 0.383514, 0.378089
        Polygon 216
            Coordinates: -1.770207, -5.073244, -0.096126
            Color vertex (on layer 0): 1.000000 (red), 0.868000 (green), 0.576000 (blue)
            Texture UV (on layer 0): 0.403971, 0.295103
            Coordinates: -1.946199, -6.173570, -0.644001
            Color vertex (on layer 0): 1.000000 (red), 0.868000 (green), 0.576000 (blue)
            Texture UV (on layer 0): 0.343099, 0.436222
            Coordinates: -0.998950, -5.407924, 0.235690
            Color vertex (on layer 0): 1.000000 (red), 0.868000 (green), 0.576000 (blue)
            Texture UV (on layer 0): 0.383514, 0.378089
        Polygon 217
            Coordinates: 0.299296, -4.276261, 0.668622
            Color vertex (on layer 0): 1.000000 (red), 0.868000 (green), 0.576000 (blue)
            Texture UV (on layer 0): 0.404840, 0.301924
            Coordinates: 0.758488, -4.751244, 0.383958
            Color vertex (on layer 0): 1.000000 (red), 0.868000 (green), 0.576000 (blue)
            Texture UV (on layer 0): 0.510383, 0.575835
            Coordinates: 1.750679, -3.498826, 0.037955
            Color vertex (on layer 0): 1.000000 (red), 0.868000 (green), 0.576000 (blue)
            Texture UV (on layer 0): 0.325624, 0.409627
        Polygon 218
            Coordinates: 1.658705, -4.623732, -0.029006
            Color vertex (on layer 0): 1.000000 (red), 0.868000 (green), 0.576000 (blue)
            Texture UV (on layer 0): 0.413116, 0.301852
            Coordinates: 2.704773, -4.475560, -0.508878
            Color vertex (on layer 0): 1.000000 (red), 0.868000 (green), 0.576000 (blue)
            Texture UV (on layer 0): 0.320975, 0.402372
            Coordinates: 1.750679, -3.498826, 0.037955
            Color vertex (on layer 0): 1.000000 (red), 0.868000 (green), 0.576000 (blue)
            Texture UV (on layer 0): 0.325624, 0.409627
        Polygon 219
            Coordinates: 0.299296, -4.276261, 0.668622
            Color vertex (on layer 0): 1.000000 (red), 0.868000 (green), 0.576000 (blue)
            Texture UV (on layer 0): 0.404840, 0.301924
            Coordinates: 1.750679, -3.498826, 0.037955
            Color vertex (on layer 0): 1.000000 (red), 0.868000 (green), 0.576000 (blue)
            Texture UV (on layer 0): 0.325624, 0.409627
            Coordinates: 1.100893, -3.349236, 0.619273
            Color vertex (on layer 0): 1.000000 (red), 0.868000 (green), 0.576000 (blue)
            Texture UV (on layer 0): 0.393125, 0.310832
        Polygon 220
            Coordinates: 0.299296, -4.276261, 0.668622
            Color vertex (on layer 0): 1.000000 (red), 0.868000 (green), 0.576000 (blue)
            Texture UV (on layer 0): 0.404840, 0.301924
            Coordinates: -0.574177, -4.427757, 0.530098
            Color vertex (on layer 0): 1.000000 (red), 0.868000 (green), 0.576000 (blue)
            Texture UV (on layer 0): 0.646221, 0.612448
            Coordinates: 0.758488, -4.751244, 0.383958
            Color vertex (on layer 0): 1.000000 (red), 0.868000 (green), 0.576000 (blue)
            Texture UV (on layer 0): 0.510383, 0.575835
        Polygon 221
            Coordinates: -0.205807, 1.049419, 0.363962
            Color vertex (on layer 0): 1.000000 (red), 0.868000 (green), 0.576000 (blue)
            Texture UV (on layer 0): 0.388141, 0.300114
            Coordinates: 0.012557, 0.062490, 0.418470
            Color vertex (on layer 0): 1.000000 (red), 0.868000 (green), 0.576000 (blue)
            Texture UV (on layer 0): 0.323277, 0.418031
            Coordinates: 1.378254, 0.501521, -0.200797
            Color vertex (on layer 0): 1.000000 (red), 0.868000 (green), 0.576000 (blue)
            Texture UV (on layer 0): 0.320926, 0.408966
        Polygon 222
            Coordinates: 0.617343, -2.498535, 1.084887
            Color vertex (on layer 0): 1.000000 (red), 0.868000 (green), 0.576000 (blue)
            Texture UV (on layer 0): 0.404840, 0.301924
            Coordinates: 0.925643, -1.670620, 0.534636
            Color vertex (on layer 0): 1.000000 (red), 0.868000 (green), 0.576000 (blue)
            Texture UV (on layer 0): 0.481286, 0.294466
            Coordinates: 0.302316, -0.753561, 0.576686
            Color vertex (on layer 0): 1.000000 (red), 0.868000 (green), 0.576000 (blue)
            Texture UV (on layer 0): 0.413116, 0.301852
        Polygon 223
            Coordinates: 0.925643, -1.670620, 0.534636
            Color vertex (on layer 0): 1.000000 (red), 0.868000 (green), 0.576000 (blue)
            Texture UV (on layer 0): 0.481286, 0.294466
            Coordinates: 0.912513, -0.915095, 0.212476
            Color vertex (on layer 0): 1.000000 (red), 0.868000 (green), 0.576000 (blue)
            Texture UV (on layer 0): 0.475940, 0.301047
            Coordinates: 0.302316, -0.753561, 0.576686
            Color vertex (on layer 0): 1.000000 (red), 0.868000 (green), 0.576000 (blue)
            Texture UV (on layer 0): 0.413116, 0.301852
        Polygon 224
            Coordinates: 0.912513, -0.915095, 0.212476
            Color vertex (on layer 0): 1.000000 (red), 0.868000 (green), 0.576000 (blue)
            Texture UV (on layer 0): 0.325624, 0.409627
            Coordinates: 0.012557, 0.062490, 0.418470
            Color vertex (on layer 0): 1.000000 (red), 0.868000 (green), 0.576000 (blue)
            Texture UV (on layer 0): 0.323277, 0.418031
            Coordinates: 0.302316, -0.753561, 0.576686
            Color vertex (on layer 0): 1.000000 (red), 0.868000 (green), 0.576000 (blue)
            Texture UV (on layer 0): 0.379361, 0.309473
        Polygon 225
            Coordinates: 0.012557, 0.062490, 0.418470
            Color vertex (on layer 0): 1.000000 (red), 0.868000 (green), 0.576000 (blue)
            Texture UV (on layer 0): 0.323277, 0.418031
            Coordinates: -0.159146, -0.718034, 0.731710
            Color vertex (on layer 0): 1.000000 (red), 0.868000 (green), 0.576000 (blue)
            Texture UV (on layer 0): 0.363849, 0.432287
            Coordinates: 0.302316, -0.753561, 0.576686
            Color vertex (on layer 0): 1.000000 (red), 0.868000 (green), 0.576000 (blue)
            Texture UV (on layer 0): 0.379361, 0.309473
        Polygon 226
            Coordinates: 0.925643, -1.670620, 0.534636
            Color vertex (on layer 0): 1.000000 (red), 0.868000 (green), 0.576000 (blue)
            Texture UV (on layer 0): 0.481286, 0.294466
            Coordinates: 1.562417, -1.773152, 0.116828
            Color vertex (on layer 0): 1.000000 (red), 0.868000 (green), 0.576000 (blue)
            Texture UV (on layer 0): 0.420001, 0.301940
            Coordinates: 0.912513, -0.915095, 0.212476
            Color vertex (on layer 0): 1.000000 (red), 0.868000 (green), 0.576000 (blue)
            Texture UV (on layer 0): 0.475940, 0.301047
        Polygon 227
            Coordinates: 0.912513, -0.915095, 0.212476
            Color vertex (on layer 0): 1.000000 (red), 0.868000 (green), 0.576000 (blue)
            Texture UV (on layer 0): 0.475940, 0.301047
            Coordinates: 1.562417, -1.773152, 0.116828
            Color vertex (on layer 0): 1.000000 (red), 0.868000 (green), 0.576000 (blue)
            Texture UV (on layer 0): 0.420001, 0.301940
            Coordinates: 1.615178, -1.170123, -0.133300
            Color vertex (on layer 0): 1.000000 (red), 0.868000 (green), 0.576000 (blue)
            Texture UV (on layer 0): 0.426910, 0.312199
        Polygon 228
            Coordinates: 1.495332, -2.273716, 0.199434
            Color vertex (on layer 0): 1.000000 (red), 0.868000 (green), 0.576000 (blue)
            Texture UV (on layer 0): 0.639406, 0.519589
            Coordinates: 2.790048, -1.272465, -0.752084
            Color vertex (on layer 0): 1.000000 (red), 0.868000 (green), 0.576000 (blue)
            Texture UV (on layer 0): 0.637988, 0.558973
            Coordinates: 1.562417, -1.773152, 0.116828
            Color vertex (on layer 0): 1.000000 (red), 0.868000 (green), 0.576000 (blue)
            Texture UV (on layer 0): 0.350736, 0.340158
        Polygon 229
            Coordinates: 1.562417, -1.773152, 0.116828
            Color vertex (on layer 0): 1.000000 (red), 0.868000 (green), 0.576000 (blue)
            Texture UV (on layer 0): 0.350736, 0.340158
            Coordinates: 2.790048, -1.272465, -0.752084
            Color vertex (on layer 0): 1.000000 (red), 0.868000 (green), 0.576000 (blue)
            Texture UV (on layer 0): 0.637988, 0.558973
            Coordinates: 1.615178, -1.170123, -0.133300
            Color vertex (on layer 0): 1.000000 (red), 0.868000 (green), 0.576000 (blue)
            Texture UV (on layer 0): 0.326094, 0.384998
        Polygon 230
            Coordinates: 0.633610, -3.148979, 1.212222
            Color vertex (on layer 0): 1.000000 (red), 0.868000 (green), 0.576000 (blue)
            Texture UV (on layer 0): 0.370938, 0.442429
            Coordinates: -0.042450, -3.118150, 1.658598
            Color vertex (on layer 0): 1.000000 (red), 0.868000 (green), 0.576000 (blue)
            Texture UV (on layer 0): 0.370938, 0.442429
            Coordinates: 0.299296, -4.276261, 0.668622
            Color vertex (on layer 0): 1.000000 (red), 0.868000 (green), 0.576000 (blue)
            Texture UV (on layer 0): 0.404840, 0.301924
        Polygon 231
            Coordinates: 0.633610, -3.148979, 1.212222
            Color vertex (on layer 0): 1.000000 (red), 0.868000 (green), 0.576000 (blue)
            Texture UV (on layer 0): 0.370938, 0.442429
            Coordinates: 0.299296, -4.276261, 0.668622
            Color vertex (on layer 0): 1.000000 (red), 0.868000 (green), 0.576000 (blue)
            Texture UV (on layer 0): 0.404840, 0.301924
            Coordinates: 1.100893, -3.349236, 0.619273
            Color vertex (on layer 0): 1.000000 (red), 0.868000 (green), 0.576000 (blue)
            Texture UV (on layer 0): 0.393125, 0.310832
        Polygon 232
            Coordinates: 6.772089, 2.546799, -4.914010
            Color vertex (on layer 0): 1.000000 (red), 0.868000 (green), 0.576000 (blue)
            Texture UV (on layer 0): 0.420001, 0.301940
            Coordinates: 6.465806, 5.439944, -4.530241
            Color vertex (on layer 0): 1.000000 (red), 0.868000 (green), 0.576000 (blue)
            Texture UV (on layer 0): 0.426910, 0.312199
            Coordinates: 6.301038, 3.686928, -3.725537
            Color vertex (on layer 0): 1.000000 (red), 0.868000 (green), 0.576000 (blue)
            Texture UV (on layer 0): 0.455846, 0.395965
        Polygon 233
            Coordinates: 4.906976, 5.216098, -1.516369
            Color vertex (on layer 0): 1.000000 (red), 0.868000 (green), 0.576000 (blue)
            Texture UV (on layer 0): 0.335868, 0.355780
            Coordinates: 3.583452, 6.387257, -0.544540
            Color vertex (on layer 0): 1.000000 (red), 0.868000 (green), 0.576000 (blue)
            Texture UV (on layer 0): 0.371860, 0.329832
            Coordinates: 4.174277, 5.225214, -0.917132
            Color vertex (on layer 0): 1.000000 (red), 0.868000 (green), 0.576000 (blue)
            Texture UV (on layer 0): 0.533694, 0.431651
        Polygon 234
            Coordinates: 3.441578, 5.234332, -0.317894
            Color vertex (on layer 0): 1.000000 (red), 0.868000 (green), 0.576000 (blue)
            Texture UV (on layer 0): 0.337135, 0.390748
            Coordinates: 4.174277, 5.225214, -0.917132
            Color vertex (on layer 0): 1.000000 (red), 0.868000 (green), 0.576000 (blue)
            Texture UV (on layer 0): 0.533694, 0.431651
            Coordinates: 3.583452, 6.387257, -0.544540
            Color vertex (on layer 0): 1.000000 (red), 0.868000 (green), 0.576000 (blue)
            Texture UV (on layer 0): 0.371860, 0.329832
        Polygon 235
            Coordinates: 4.906976, 5.216098, -1.516369
            Color vertex (on layer 0): 1.000000 (red), 0.868000 (green), 0.576000 (blue)
            Texture UV (on layer 0): 0.335868, 0.355780
            Coordinates: 4.966238, 6.127102, -1.700971
            Color vertex (on layer 0): 1.000000 (red), 0.868000 (green), 0.576000 (blue)
            Texture UV (on layer 0): 0.406140, 0.415416
            Coordinates: 3.583452, 6.387257, -0.544540
            Color vertex (on layer 0): 1.000000 (red), 0.868000 (green), 0.576000 (blue)
            Texture UV (on layer 0): 0.371860, 0.329832
        Polygon 236
            Coordinates: 3.441578, 5.234332, -0.317894
            Color vertex (on layer 0): 1.000000 (red), 0.868000 (green), 0.576000 (blue)
            Texture UV (on layer 0): 0.337135, 0.390748
            Coordinates: 2.144454, 6.524559, 0.287026
            Color vertex (on layer 0): 1.000000 (red), 0.868000 (green), 0.576000 (blue)
            Texture UV (on layer 0): 0.384275, 0.407097
            Coordinates: 2.738306, 5.197092, 0.086823
            Color vertex (on layer 0): 1.000000 (red), 0.868000 (green), 0.576000 (blue)
            Texture UV (on layer 0): 0.388727, 0.460087
        Polygon 237
            Coordinates: 2.035033, 5.159853, 0.491539
            Color vertex (on layer 0): 1.000000 (red), 0.868000 (green), 0.576000 (blue)
            Texture UV (on layer 0): 0.374724, 0.466249
            Coordinates: 2.738306, 5.197092, 0.086823
            Color vertex (on layer 0): 1.000000 (red), 0.868000 (green), 0.576000 (blue)
            Texture UV (on layer 0): 0.388727, 0.460087
            Coordinates: 2.144454, 6.524559, 0.287026
            Color vertex (on layer 0): 1.000000 (red), 0.868000 (green), 0.576000 (blue)
            Texture UV (on layer 0): 0.384275, 0.407097
        Polygon 238
            Coordinates: 3.583452, 6.387257, -0.544540
            Color vertex (on layer 0): 1.000000 (red), 0.868000 (green), 0.576000 (blue)
            Texture UV (on layer 0): 0.371860, 0.329832
            Coordinates: 2.144454, 6.524559, 0.287026
            Color vertex (on layer 0): 1.000000 (red), 0.868000 (green), 0.576000 (blue)
            Texture UV (on layer 0): 0.384275, 0.407097
            Coordinates: 3.441578, 5.234332, -0.317894
            Color vertex (on layer 0): 1.000000 (red), 0.868000 (green), 0.576000 (blue)
            Texture UV (on layer 0): 0.337135, 0.390748
        Polygon 239
            Coordinates: 3.001068, 3.263880, -0.109831
            Color vertex (on layer 0): 1.000000 (red), 0.868000 (green), 0.576000 (blue)
            Texture UV (on layer 0): 0.401012, 0.453888
            Coordinates: 2.941611, 4.154397, -0.055143
            Color vertex (on layer 0): 1.000000 (red), 0.868000 (green), 0.576000 (blue)
            Texture UV (on layer 0): 0.388727, 0.460087
            Coordinates: 2.085650, 3.489071, 0.433278
            Color vertex (on layer 0): 1.000000 (red), 0.868000 (green), 0.576000 (blue)
            Texture UV (on layer 0): 0.660396, 0.484069
        Polygon 240
            Coordinates: 2.060341, 4.324461, 0.462409
            Color vertex (on layer 0): 1.000000 (red), 0.868000 (green), 0.576000 (blue)
            Texture UV (on layer 0): 0.400339, 0.467717
            Coordinates: 2.085650, 3.489071, 0.433278
            Color vertex (on layer 0): 1.000000 (red), 0.868000 (green), 0.576000 (blue)
            Texture UV (on layer 0): 0.660396, 0.484069
            Coordinates: 2.941611, 4.154397, -0.055143
            Color vertex (on layer 0): 1.000000 (red), 0.868000 (green), 0.576000 (blue)
            Texture UV (on layer 0): 0.388727, 0.460087
        Polygon 241
            Coordinates: 6.301038, 3.686928, -3.725537
            Color vertex (on layer 0): 1.000000 (red), 0.868000 (green), 0.576000 (blue)
            Texture UV (on layer 0): 0.455846, 0.395965
            Coordinates: 6.465806, 5.439944, -4.530241
            Color vertex (on layer 0): 1.000000 (red), 0.868000 (green), 0.576000 (blue)
            Texture UV (on layer 0): 0.426910, 0.312199
            Coordinates: 6.044310, 4.603888, -3.255338
            Color vertex (on layer 0): 1.000000 (red), 0.868000 (green), 0.576000 (blue)
            Texture UV (on layer 0): 0.400339, 0.467717
        Polygon 242
            Coordinates: 6.465806, 5.439944, -4.530241
            Color vertex (on layer 0): 1.000000 (red), 0.868000 (green), 0.576000 (blue)
            Texture UV (on layer 0): 0.426910, 0.312199
            Coordinates: 5.787582, 5.520848, -2.785138
            Color vertex (on layer 0): 1.000000 (red), 0.868000 (green), 0.576000 (blue)
            Texture UV (on layer 0): 0.512037, 0.370858
            Coordinates: 6.044310, 4.603888, -3.255338
            Color vertex (on layer 0): 1.000000 (red), 0.868000 (green), 0.576000 (blue)
            Texture UV (on layer 0): 0.400339, 0.467717
        Polygon 243
            Coordinates: 5.787582, 5.520848, -2.785138
            Color vertex (on layer 0): 1.000000 (red), 0.868000 (green), 0.576000 (blue)
            Texture UV (on layer 0): 0.512037, 0.370858
            Coordinates: 4.966238, 6.127102, -1.700971
            Color vertex (on layer 0): 1.000000 (red), 0.868000 (green), 0.576000 (blue)
            Texture UV (on layer 0): 0.531943, 0.389184
            Coordinates: 5.347279, 5.368474, -2.150754
            Color vertex (on layer 0): 1.000000 (red), 0.868000 (green), 0.576000 (blue)
            Texture UV (on layer 0): 0.401012, 0.453888
        Polygon 244
            Coordinates: 4.966238, 6.127102, -1.700971
            Color vertex (on layer 0): 1.000000 (red), 0.868000 (green), 0.576000 (blue)
            Texture UV (on layer 0): 0.531943, 0.389184
            Coordinates: 4.906976, 5.216098, -1.516369
            Color vertex (on layer 0): 1.000000 (red), 0.868000 (green), 0.576000 (blue)
            Texture UV (on layer 0): 0.524760, 0.385215
            Coordinates: 5.347279, 5.368474, -2.150754
            Color vertex (on layer 0): 1.000000 (red), 0.868000 (green), 0.576000 (blue)
            Texture UV (on layer 0): 0.401012, 0.453888
        Polygon 245
            Coordinates: 5.332593, 4.653234, -2.034122
            Color vertex (on layer 0): 1.000000 (red), 0.868000 (green), 0.576000 (blue)
            Texture UV (on layer 0): 0.391904, 0.433216
            Coordinates: 4.886016, 4.746351, -1.449470
            Color vertex (on layer 0): 1.000000 (red), 0.868000 (green), 0.576000 (blue)
            Texture UV (on layer 0): 0.391904, 0.433216
            Coordinates: 5.147498, 3.881025, -1.681847
            Color vertex (on layer 0): 1.000000 (red), 0.868000 (green), 0.576000 (blue)
            Texture UV (on layer 0): 0.401012, 0.453888
        Polygon 246
            Coordinates: 4.886016, 4.746351, -1.449470
            Color vertex (on layer 0): 1.000000 (red), 0.868000 (green), 0.576000 (blue)
            Texture UV (on layer 0): 0.391904, 0.433216
            Coordinates: 4.865054, 4.276607, -1.382570
            Color vertex (on layer 0): 1.000000 (red), 0.868000 (green), 0.576000 (blue)
            Texture UV (on layer 0): 0.535915, 0.380036
            Coordinates: 5.147498, 3.881025, -1.681847
            Color vertex (on layer 0): 1.000000 (red), 0.868000 (green), 0.576000 (blue)
            Texture UV (on layer 0): 0.401012, 0.453888
        Polygon 247
            Coordinates: 2.035033, 5.159853, 0.491539
            Color vertex (on layer 0): 1.000000 (red), 0.868000 (green), 0.576000 (blue)
            Texture UV (on layer 0): 0.374724, 0.466249
            Coordinates: 0.841054, 6.527106, 0.735773
            Color vertex (on layer 0): 1.000000 (red), 0.868000 (green), 0.576000 (blue)
            Texture UV (on layer 0): 0.388727, 0.460087
            Coordinates: 1.396831, 5.084139, 0.713356
            Color vertex (on layer 0): 1.000000 (red), 0.868000 (green), 0.576000 (blue)
            Texture UV (on layer 0): 0.400339, 0.467717
        Polygon 248
            Coordinates: 0.758629, 5.008426, 0.935170
            Color vertex (on layer 0): 1.000000 (red), 0.868000 (green), 0.576000 (blue)
            Texture UV (on layer 0): 0.648626, 0.493934
            Coordinates: 1.396831, 5.084139, 0.713356
            Color vertex (on layer 0): 1.000000 (red), 0.868000 (green), 0.576000 (blue)
            Texture UV (on layer 0): 0.400339, 0.467717
            Coordinates: 0.841054, 6.527106, 0.735773
            Color vertex (on layer 0): 1.000000 (red), 0.868000 (green), 0.576000 (blue)
            Texture UV (on layer 0): 0.388727, 0.460087
        Polygon 249
            Coordinates: 2.035033, 5.159853, 0.491539
            Color vertex (on layer 0): 1.000000 (red), 0.868000 (green), 0.576000 (blue)
            Texture UV (on layer 0): 0.374724, 0.466249
            Coordinates: 2.144454, 6.524559, 0.287026
            Color vertex (on layer 0): 1.000000 (red), 0.868000 (green), 0.576000 (blue)
            Texture UV (on layer 0): 0.384275, 0.407097
            Coordinates: 0.841054, 6.527106, 0.735773
            Color vertex (on layer 0): 1.000000 (red), 0.868000 (green), 0.576000 (blue)
            Texture UV (on layer 0): 0.388727, 0.460087
        Polygon 250
            Coordinates: 0.841054, 6.527106, 0.735773
            Color vertex (on layer 0): 1.000000 (red), 0.868000 (green), 0.576000 (blue)
            Texture UV (on layer 0): 0.388727, 0.460087
            Coordinates: -0.337742, 5.719033, 0.996950
            Color vertex (on layer 0): 1.000000 (red), 0.868000 (green), 0.576000 (blue)
            Texture UV (on layer 0): 0.345623, 0.319608
            Coordinates: 0.758629, 5.008426, 0.935170
            Color vertex (on layer 0): 1.000000 (red), 0.868000 (green), 0.576000 (blue)
            Texture UV (on layer 0): 0.648626, 0.493934
        Polygon 251
            Coordinates: -0.337742, 5.719033, 0.996950
            Color vertex (on layer 0): 1.000000 (red), 0.868000 (green), 0.576000 (blue)
            Texture UV (on layer 0): 0.345623, 0.319608
            Coordinates: -0.269059, 3.223391, 0.998672
            Color vertex (on layer 0): 1.000000 (red), 0.868000 (green), 0.576000 (blue)
            Texture UV (on layer 0): 0.316721, 0.383141
            Coordinates: 0.758629, 5.008426, 0.935170
            Color vertex (on layer 0): 1.000000 (red), 0.868000 (green), 0.576000 (blue)
            Texture UV (on layer 0): 0.648626, 0.493934
        Polygon 252
            Coordinates: 0.758629, 5.008426, 0.935170
            Color vertex (on layer 0): 1.000000 (red), 0.868000 (green), 0.576000 (blue)
            Texture UV (on layer 0): 0.648626, 0.493934
            Coordinates: -0.269059, 3.223391, 0.998672
            Color vertex (on layer 0): 1.000000 (red), 0.868000 (green), 0.576000 (blue)
            Texture UV (on layer 0): 0.316721, 0.383141
            Coordinates: 0.788203, 4.090533, 0.882101
            Color vertex (on layer 0): 1.000000 (red), 0.868000 (green), 0.576000 (blue)
            Texture UV (on layer 0): 0.414057, 0.453677
        Polygon 253
            Coordinates: -0.269059, 3.223391, 0.998672
            Color vertex (on layer 0): 1.000000 (red), 0.868000 (green), 0.576000 (blue)
            Texture UV (on layer 0): 0.316721, 0.383141
            Coordinates: 0.817776, 3.172644, 0.829030
            Color vertex (on layer 0): 1.000000 (red), 0.868000 (green), 0.576000 (blue)
            Texture UV (on layer 0): 0.345623, 0.319608
            Coordinates: 0.788203, 4.090533, 0.882101
            Color vertex (on layer 0): 1.000000 (red), 0.868000 (green), 0.576000 (blue)
            Texture UV (on layer 0): 0.414057, 0.453677
        Polygon 254
            Coordinates: 3.126627, -7.961239, -2.170565
            Color vertex (on layer 0): 1.000000 (red), 0.868000 (green), 0.576000 (blue)
            Texture UV (on layer 0): 0.525899, 0.305532
            Coordinates: 2.161402, -9.227193, -1.908624
            Color vertex (on layer 0): 1.000000 (red), 0.868000 (green), 0.576000 (blue)
            Texture UV (on layer 0): 0.545790, 0.309849
            Coordinates: 3.823699, -7.889219, -4.517553
            Color vertex (on layer 0): 1.000000 (red), 0.868000 (green), 0.576000 (blue)
            Texture UV (on layer 0): 0.558461, 0.309523
        Polygon 255
            Coordinates: 3.126627, -7.961239, -2.170565
            Color vertex (on layer 0): 1.000000 (red), 0.868000 (green), 0.576000 (blue)
            Texture UV (on layer 0): 0.525899, 0.305532
            Coordinates: 3.823699, -7.889219, -4.517553
            Color vertex (on layer 0): 1.000000 (red), 0.868000 (green), 0.576000 (blue)
            Texture UV (on layer 0): 0.558461, 0.309523
            Coordinates: 4.864591, -5.960877, -3.984017
            Color vertex (on layer 0): 1.000000 (red), 0.868000 (green), 0.576000 (blue)
            Texture UV (on layer 0): 0.536736, 0.330410
        Polygon 256
            Coordinates: 3.823699, -7.889219, -4.517553
            Color vertex (on layer 0): 1.000000 (red), 0.868000 (green), 0.576000 (blue)
            Texture UV (on layer 0): 0.558461, 0.309523
            Coordinates: 4.936066, -6.786863, -6.186936
            Color vertex (on layer 0): 1.000000 (red), 0.868000 (green), 0.576000 (blue)
            Texture UV (on layer 0): 0.545790, 0.309849
            Coordinates: 4.864591, -5.960877, -3.984017
            Color vertex (on layer 0): 1.000000 (red), 0.868000 (green), 0.576000 (blue)
            Texture UV (on layer 0): 0.536736, 0.330410
        Polygon 257
            Coordinates: 3.823699, -7.889219, -4.517553
            Color vertex (on layer 0): 1.000000 (red), 0.868000 (green), 0.576000 (blue)
            Texture UV (on layer 0): 0.558461, 0.309523
            Coordinates: 2.161402, -9.227193, -1.908624
            Color vertex (on layer 0): 1.000000 (red), 0.868000 (green), 0.576000 (blue)
            Texture UV (on layer 0): 0.545790, 0.309849
            Coordinates: 3.357610, -8.350617, -4.973779
            Color vertex (on layer 0): 1.000000 (red), 0.868000 (green), 0.576000 (blue)
            Texture UV (on layer 0): 0.536736, 0.330410
        Polygon 258
            Coordinates: 2.161402, -9.227193, -1.908624
            Color vertex (on layer 0): 1.000000 (red), 0.868000 (green), 0.576000 (blue)
            Texture UV (on layer 0): 0.545790, 0.309849
            Coordinates: 2.003691, -9.288850, -3.181288
            Color vertex (on layer 0): 1.000000 (red), 0.868000 (green), 0.576000 (blue)
            Texture UV (on layer 0): 0.545790, 0.309849
            Coordinates: 3.357610, -8.350617, -4.973779
            Color vertex (on layer 0): 1.000000 (red), 0.868000 (green), 0.576000 (blue)
            Texture UV (on layer 0): 0.536736, 0.330410
        Polygon 259
            Coordinates: 3.357610, -8.350617, -4.973779
            Color vertex (on layer 0): 1.000000 (red), 0.868000 (green), 0.576000 (blue)
            Texture UV (on layer 0): 0.536736, 0.330410
            Coordinates: 4.710880, -7.145311, -6.900381
            Color vertex (on layer 0): 1.000000 (red), 0.868000 (green), 0.576000 (blue)
            Texture UV (on layer 0): 0.558461, 0.309523
            Coordinates: 3.823699, -7.889219, -4.517553
            Color vertex (on layer 0): 1.000000 (red), 0.868000 (green), 0.576000 (blue)
            Texture UV (on layer 0): 0.558461, 0.309523
        Polygon 260
            Coordinates: 4.710880, -7.145311, -6.900381
            Color vertex (on layer 0): 1.000000 (red), 0.868000 (green), 0.576000 (blue)
            Texture UV (on layer 0): 0.558461, 0.309523
            Coordinates: 4.936066, -6.786863, -6.186936
            Color vertex (on layer 0): 1.000000 (red), 0.868000 (green), 0.576000 (blue)
            Texture UV (on layer 0): 0.545790, 0.309849
            Coordinates: 3.823699, -7.889219, -4.517553
            Color vertex (on layer 0): 1.000000 (red), 0.868000 (green), 0.576000 (blue)
            Texture UV (on layer 0): 0.558461, 0.309523
        Polygon 261
            Coordinates: 0.369625, -8.983615, -0.230949
            Color vertex (on layer 0): 1.000000 (red), 0.868000 (green), 0.576000 (blue)
            Texture UV (on layer 0): 0.325571, 0.398751
            Coordinates: 0.895706, -9.643839, -1.155914
            Color vertex (on layer 0): 1.000000 (red), 0.868000 (green), 0.576000 (blue)
            Texture UV (on layer 0): 0.650473, 0.543555
            Coordinates: 1.476075, -8.812088, -0.640095
            Color vertex (on layer 0): 1.000000 (red), 0.868000 (green), 0.576000 (blue)
            Texture UV (on layer 0): 0.652284, 0.556490
        Polygon 262
            Coordinates: 0.895706, -9.643839, -1.155914
            Color vertex (on layer 0): 1.000000 (red), 0.868000 (green), 0.576000 (blue)
            Texture UV (on layer 0): 0.650473, 0.543555
            Coordinates: 1.586406, -9.491301, -1.498321
            Color vertex (on layer 0): 1.000000 (red), 0.868000 (green), 0.576000 (blue)
            Texture UV (on layer 0): 0.357375, 0.369279
            Coordinates: 1.476075, -8.812088, -0.640095
            Color vertex (on layer 0): 1.000000 (red), 0.868000 (green), 0.576000 (blue)
            Texture UV (on layer 0): 0.652284, 0.556490
        Polygon 263
            Coordinates: 0.975394, -9.762567, -2.258610
            Color vertex (on layer 0): 1.000000 (red), 0.868000 (green), 0.576000 (blue)
            Texture UV (on layer 0): 0.341124, 0.372677
            Coordinates: 0.895706, -9.643839, -1.155914
            Color vertex (on layer 0): 1.000000 (red), 0.868000 (green), 0.576000 (blue)
            Texture UV (on layer 0): 0.650473, 0.543555
            Coordinates: 0.108240, -9.895237, -2.017071
            Color vertex (on layer 0): 1.000000 (red), 0.868000 (green), 0.576000 (blue)
            Texture UV (on layer 0): 0.322087, 0.373793
        Polygon 264
            Coordinates: 0.097322, -9.705825, -0.958645
            Color vertex (on layer 0): 1.000000 (red), 0.868000 (green), 0.576000 (blue)
            Texture UV (on layer 0): 0.316872, 0.403451
            Coordinates: 0.108240, -9.895237, -2.017071
            Color vertex (on layer 0): 1.000000 (red), 0.868000 (green), 0.576000 (blue)
            Texture UV (on layer 0): 0.322087, 0.373793
            Coordinates: 0.895706, -9.643839, -1.155914
            Color vertex (on layer 0): 1.000000 (red), 0.868000 (green), 0.576000 (blue)
            Texture UV (on layer 0): 0.650473, 0.543555
        Polygon 265
            Coordinates: 2.003691, -9.288850, -3.181288
            Color vertex (on layer 0): 1.000000 (red), 0.868000 (green), 0.576000 (blue)
            Texture UV (on layer 0): 0.438111, 0.432178
            Coordinates: 1.586406, -9.491301, -1.498321
            Color vertex (on layer 0): 1.000000 (red), 0.868000 (green), 0.576000 (blue)
            Texture UV (on layer 0): 0.443085, 0.437180
            Coordinates: 0.975394, -9.762567, -2.258610
            Color vertex (on layer 0): 1.000000 (red), 0.868000 (green), 0.576000 (blue)
            Texture UV (on layer 0): 0.438500, 0.427989
        Polygon 266
            Coordinates: 0.975394, -9.762567, -2.258610
            Color vertex (on layer 0): 1.000000 (red), 0.868000 (green), 0.576000 (blue)
            Texture UV (on layer 0): 0.438500, 0.427989
            Coordinates: 1.586406, -9.491301, -1.498321
            Color vertex (on layer 0): 1.000000 (red), 0.868000 (green), 0.576000 (blue)
            Texture UV (on layer 0): 0.443085, 0.437180
            Coordinates: 0.895706, -9.643839, -1.155914
            Color vertex (on layer 0): 1.000000 (red), 0.868000 (green), 0.576000 (blue)
            Texture UV (on layer 0): 0.438111, 0.432178
        Polygon 267
            Coordinates: 2.161402, -9.227193, -1.908624
            Color vertex (on layer 0): 1.000000 (red), 0.868000 (green), 0.576000 (blue)
            Texture UV (on layer 0): 0.545790, 0.309849
            Coordinates: 3.126627, -7.961239, -2.170565
            Color vertex (on layer 0): 1.000000 (red), 0.868000 (green), 0.576000 (blue)
            Texture UV (on layer 0): 0.525899, 0.305532
            Coordinates: 2.294020, -8.536592, -1.335928
            Color vertex (on layer 0): 1.000000 (red), 0.868000 (green), 0.576000 (blue)
            Texture UV (on layer 0): 0.433138, 0.427176
        Polygon 268
            Coordinates: 1.476075, -8.812088, -0.640095
            Color vertex (on layer 0): 1.000000 (red), 0.868000 (green), 0.576000 (blue)
            Texture UV (on layer 0): 0.652284, 0.556490
            Coordinates: 2.294020, -8.536592, -1.335928
            Color vertex (on layer 0): 1.000000 (red), 0.868000 (green), 0.576000 (blue)
            Texture UV (on layer 0): 0.650473, 0.543555
            Coordinates: 2.728961, -6.840916, -1.320516
            Color vertex (on layer 0): 1.000000 (red), 0.868000 (green), 0.576000 (blue)
            Texture UV (on layer 0): 0.354221, 0.384401
        Polygon 269
            Coordinates: 3.126627, -7.961239, -2.170565
            Color vertex (on layer 0): 1.000000 (red), 0.868000 (green), 0.576000 (blue)
            Texture UV (on layer 0): 0.355881, 0.313050
            Coordinates: 2.728961, -6.840916, -1.320516
            Color vertex (on layer 0): 1.000000 (red), 0.868000 (green), 0.576000 (blue)
            Texture UV (on layer 0): 0.354221, 0.384401
            Coordinates: 2.294020, -8.536592, -1.335928
            Color vertex (on layer 0): 1.000000 (red), 0.868000 (green), 0.576000 (blue)
            Texture UV (on layer 0): 0.650473, 0.543555
        Polygon 270
            Coordinates: 5.029899, 1.048021, -2.727838
            Color vertex (on layer 0): 1.000000 (red), 0.868000 (green), 0.576000 (blue)
            Texture UV (on layer 0): 0.326094, 0.384998
            Coordinates: 4.652133, 0.049214, -2.263599
            Color vertex (on layer 0): 1.000000 (red), 0.868000 (green), 0.576000 (blue)
            Texture UV (on layer 0): 0.319856, 0.437251
            Coordinates: 5.982116, 0.943945, -3.340122
            Color vertex (on layer 0): 1.000000 (red), 0.868000 (green), 0.576000 (blue)
            Texture UV (on layer 0): 0.371816, 0.348159
        Polygon 271
            Coordinates: 4.652133, 0.049214, -2.263599
            Color vertex (on layer 0): 1.000000 (red), 0.868000 (green), 0.576000 (blue)
            Texture UV (on layer 0): 0.319856, 0.437251
            Coordinates: 5.897445, 0.368180, -3.238305
            Color vertex (on layer 0): 1.000000 (red), 0.868000 (green), 0.576000 (blue)
            Texture UV (on layer 0): 0.382266, 0.337276
            Coordinates: 5.982116, 0.943945, -3.340122
            Color vertex (on layer 0): 1.000000 (red), 0.868000 (green), 0.576000 (blue)
            Texture UV (on layer 0): 0.371816, 0.348159
        Polygon 272
            Coordinates: 5.322868, 2.564859, -2.107740
            Color vertex (on layer 0): 1.000000 (red), 0.868000 (green), 0.576000 (blue)
            Texture UV (on layer 0): 0.391904, 0.433216
            Coordinates: 5.391218, 2.388205, -2.238868
            Color vertex (on layer 0): 1.000000 (red), 0.868000 (green), 0.576000 (blue)
            Texture UV (on layer 0): 0.402712, 0.444093
            Coordinates: 5.670877, 2.981760, -2.460361
            Color vertex (on layer 0): 1.000000 (red), 0.868000 (green), 0.576000 (blue)
            Texture UV (on layer 0): 0.443718, 0.404269
        Polygon 273
            Coordinates: 5.605955, 2.477759, -2.496585
            Color vertex (on layer 0): 1.000000 (red), 0.868000 (green), 0.576000 (blue)
            Texture UV (on layer 0): 0.487200, 0.314439
            Coordinates: 5.670877, 2.981760, -2.460361
            Color vertex (on layer 0): 1.000000 (red), 0.868000 (green), 0.576000 (blue)
            Texture UV (on layer 0): 0.443718, 0.404269
            Coordinates: 5.391218, 2.388205, -2.238868
            Color vertex (on layer 0): 1.000000 (red), 0.868000 (green), 0.576000 (blue)
            Texture UV (on layer 0): 0.402712, 0.444093
        Polygon 274
            Coordinates: 6.061656, 2.521864, -3.344373
            Color vertex (on layer 0): 1.000000 (red), 0.868000 (green), 0.576000 (blue)
            Texture UV (on layer 0): 0.475940, 0.301047
            Coordinates: 5.985958, 3.334344, -3.092949
            Color vertex (on layer 0): 1.000000 (red), 0.868000 (green), 0.576000 (blue)
            Texture UV (on layer 0): 0.407535, 0.453782
            Coordinates: 5.605955, 2.477759, -2.496585
            Color vertex (on layer 0): 1.000000 (red), 0.868000 (green), 0.576000 (blue)
            Texture UV (on layer 0): 0.487200, 0.314439
        Polygon 275
            Coordinates: 5.985958, 3.334344, -3.092949
            Color vertex (on layer 0): 1.000000 (red), 0.868000 (green), 0.576000 (blue)
            Texture UV (on layer 0): 0.407535, 0.453782
            Coordinates: 5.670877, 2.981760, -2.460361
            Color vertex (on layer 0): 1.000000 (red), 0.868000 (green), 0.576000 (blue)
            Texture UV (on layer 0): 0.443718, 0.404269
            Coordinates: 5.605955, 2.477759, -2.496585
            Color vertex (on layer 0): 1.000000 (red), 0.868000 (green), 0.576000 (blue)
            Texture UV (on layer 0): 0.487200, 0.314439
        Polygon 276
            Coordinates: 6.461445, 1.546042, -4.135133
            Color vertex (on layer 0): 1.000000 (red), 0.868000 (green), 0.576000 (blue)
            Texture UV (on layer 0): 0.512075, 0.364621
            Coordinates: 6.001241, 1.759900, -3.333971
            Color vertex (on layer 0): 1.000000 (red), 0.868000 (green), 0.576000 (blue)
            Texture UV (on layer 0): 0.503157, 0.302339
            Coordinates: 5.815093, 1.488203, -3.059456
            Color vertex (on layer 0): 1.000000 (red), 0.868000 (green), 0.576000 (blue)
            Texture UV (on layer 0): 0.531943, 0.389184
        Polygon 277
            Coordinates: 5.541035, 1.973756, -2.532809
            Color vertex (on layer 0): 1.000000 (red), 0.868000 (green), 0.576000 (blue)
            Texture UV (on layer 0): 0.535712, 0.394320
            Coordinates: 5.815093, 1.488203, -3.059456
            Color vertex (on layer 0): 1.000000 (red), 0.868000 (green), 0.576000 (blue)
            Texture UV (on layer 0): 0.531943, 0.389184
            Coordinates: 6.001241, 1.759900, -3.333971
            Color vertex (on layer 0): 1.000000 (red), 0.868000 (green), 0.576000 (blue)
            Texture UV (on layer 0): 0.503157, 0.302339
        Polygon 278
            Coordinates: 6.301038, 3.686928, -3.725537
            Color vertex (on layer 0): 1.000000 (red), 0.868000 (green), 0.576000 (blue)
            Texture UV (on layer 0): 0.455846, 0.395965
            Coordinates: 6.381242, 2.616484, -3.930336
            Color vertex (on layer 0): 1.000000 (red), 0.868000 (green), 0.576000 (blue)
            Texture UV (on layer 0): 0.487200, 0.314439
            Coordinates: 6.772089, 2.546799, -4.914010
            Color vertex (on layer 0): 1.000000 (red), 0.868000 (green), 0.576000 (blue)
            Texture UV (on layer 0): 0.420001, 0.301940
        Polygon 279
            Coordinates: 6.461445, 1.546042, -4.135133
            Color vertex (on layer 0): 1.000000 (red), 0.868000 (green), 0.576000 (blue)
            Texture UV (on layer 0): 0.512075, 0.364621
            Coordinates: 6.772089, 2.546799, -4.914010
            Color vertex (on layer 0): 1.000000 (red), 0.868000 (green), 0.576000 (blue)
            Texture UV (on layer 0): 0.420001, 0.301940
            Coordinates: 6.381242, 2.616484, -3.930336
            Color vertex (on layer 0): 1.000000 (red), 0.868000 (green), 0.576000 (blue)
            Texture UV (on layer 0): 0.487200, 0.314439
        Polygon 280
            Coordinates: 6.973054, 0.675532, -6.094205
            Color vertex (on layer 0): 1.000000 (red), 0.868000 (green), 0.576000 (blue)
            Texture UV (on layer 0): 0.453885, 0.402517
            Coordinates: 6.772089, 2.546799, -4.914010
            Color vertex (on layer 0): 1.000000 (red), 0.868000 (green), 0.576000 (blue)
            Texture UV (on layer 0): 0.420001, 0.301940
            Coordinates: 6.461445, 1.546042, -4.135133
            Color vertex (on layer 0): 1.000000 (red), 0.868000 (green), 0.576000 (blue)
            Texture UV (on layer 0): 0.512075, 0.364621
        Polygon 281
            Coordinates: 6.461445, 1.546042, -4.135133
            Color vertex (on layer 0): 1.000000 (red), 0.868000 (green), 0.576000 (blue)
            Texture UV (on layer 0): 0.512075, 0.364621
            Coordinates: 5.815093, 1.488203, -3.059456
            Color vertex (on layer 0): 1.000000 (red), 0.868000 (green), 0.576000 (blue)
            Texture UV (on layer 0): 0.531943, 0.389184
            Coordinates: 5.982116, 0.943945, -3.340122
            Color vertex (on layer 0): 1.000000 (red), 0.868000 (green), 0.576000 (blue)
            Texture UV (on layer 0): 0.522871, 0.376202
        Polygon 282
            Coordinates: 5.864899, -1.083424, -3.000611
            Color vertex (on layer 0): 1.000000 (red), 0.868000 (green), 0.576000 (blue)
            Texture UV (on layer 0): 0.536736, 0.330410
            Coordinates: 5.013298, -0.982436, -1.994480
            Color vertex (on layer 0): 1.000000 (red), 0.868000 (green), 0.576000 (blue)
            Texture UV (on layer 0): 0.449269, 0.325549
            Coordinates: 5.426573, -1.935520, -2.349546
            Color vertex (on layer 0): 1.000000 (red), 0.868000 (green), 0.576000 (blue)
            Texture UV (on layer 0): 0.508373, 0.323904
        Polygon 283
            Coordinates: 5.013298, -0.982436, -1.994480
            Color vertex (on layer 0): 1.000000 (red), 0.868000 (green), 0.576000 (blue)
            Texture UV (on layer 0): 0.449269, 0.325549
            Coordinates: 4.734049, -2.072564, -1.640247
            Color vertex (on layer 0): 1.000000 (red), 0.868000 (green), 0.576000 (blue)
            Texture UV (on layer 0): 0.487200, 0.314439
            Coordinates: 5.426573, -1.935520, -2.349546
            Color vertex (on layer 0): 1.000000 (red), 0.868000 (green), 0.576000 (blue)
            Texture UV (on layer 0): 0.508373, 0.323904
        Polygon 284
            Coordinates: 5.487185, -2.459966, -2.596940
            Color vertex (on layer 0): 1.000000 (red), 0.868000 (green), 0.576000 (blue)
            Texture UV (on layer 0): 0.648626, 0.493934
            Coordinates: 5.426573, -1.935520, -2.349546
            Color vertex (on layer 0): 1.000000 (red), 0.868000 (green), 0.576000 (blue)
            Texture UV (on layer 0): 0.369797, 0.487045
            Coordinates: 4.045997, -3.676964, -1.256346
            Color vertex (on layer 0): 1.000000 (red), 0.868000 (green), 0.576000 (blue)
            Texture UV (on layer 0): 0.658637, 0.514089
        Polygon 285
            Coordinates: 4.734049, -2.072564, -1.640247
            Color vertex (on layer 0): 1.000000 (red), 0.868000 (green), 0.576000 (blue)
            Texture UV (on layer 0): 0.660396, 0.484069
            Coordinates: 4.045997, -3.676964, -1.256346
            Color vertex (on layer 0): 1.000000 (red), 0.868000 (green), 0.576000 (blue)
            Texture UV (on layer 0): 0.658637, 0.514089
            Coordinates: 5.426573, -1.935520, -2.349546
            Color vertex (on layer 0): 1.000000 (red), 0.868000 (green), 0.576000 (blue)
            Texture UV (on layer 0): 0.369797, 0.487045
        Polygon 286
            Coordinates: 5.013298, -0.982436, -1.994480
            Color vertex (on layer 0): 1.000000 (red), 0.868000 (green), 0.576000 (blue)
            Texture UV (on layer 0): 0.449269, 0.325549
            Coordinates: 5.864899, -1.083424, -3.000611
            Color vertex (on layer 0): 1.000000 (red), 0.868000 (green), 0.576000 (blue)
            Texture UV (on layer 0): 0.536736, 0.330410
            Coordinates: 5.656590, -0.236360, -2.818664
            Color vertex (on layer 0): 1.000000 (red), 0.868000 (green), 0.576000 (blue)
            Texture UV (on layer 0): 0.525428, 0.348632
        Polygon 287
            Coordinates: 5.656590, -0.236360, -2.818664
            Color vertex (on layer 0): 1.000000 (red), 0.868000 (green), 0.576000 (blue)
            Texture UV (on layer 0): 0.525428, 0.348632
            Coordinates: 5.864899, -1.083424, -3.000611
            Color vertex (on layer 0): 1.000000 (red), 0.868000 (green), 0.576000 (blue)
            Texture UV (on layer 0): 0.536736, 0.330410
            Coordinates: 6.296952, -0.266945, -3.898684
            Color vertex (on layer 0): 1.000000 (red), 0.868000 (green), 0.576000 (blue)
            Texture UV (on layer 0): 0.570801, 0.381736
        Polygon 288
            Coordinates: 5.864899, -1.083424, -3.000611
            Color vertex (on layer 0): 1.000000 (red), 0.868000 (green), 0.576000 (blue)
            Texture UV (on layer 0): 0.536736, 0.330410
            Coordinates: 6.477028, -1.289844, -4.262444
            Color vertex (on layer 0): 1.000000 (red), 0.868000 (green), 0.576000 (blue)
            Texture UV (on layer 0): 0.555008, 0.361158
            Coordinates: 6.296952, -0.266945, -3.898684
            Color vertex (on layer 0): 1.000000 (red), 0.868000 (green), 0.576000 (blue)
            Texture UV (on layer 0): 0.570801, 0.381736
        Polygon 289
            Coordinates: 6.477028, -1.289844, -4.262444
            Color vertex (on layer 0): 1.000000 (red), 0.868000 (green), 0.576000 (blue)
            Texture UV (on layer 0): 0.555008, 0.361158
            Coordinates: 6.973054, 0.675532, -6.094205
            Color vertex (on layer 0): 1.000000 (red), 0.868000 (green), 0.576000 (blue)
            Texture UV (on layer 0): 0.453885, 0.402517
            Coordinates: 6.296952, -0.266945, -3.898684
            Color vertex (on layer 0): 1.000000 (red), 0.868000 (green), 0.576000 (blue)
            Texture UV (on layer 0): 0.570801, 0.381736
        Polygon 290
            Coordinates: 6.973054, 0.675532, -6.094205
            Color vertex (on layer 0): 1.000000 (red), 0.868000 (green), 0.576000 (blue)
            Texture UV (on layer 0): 0.453885, 0.402517
            Coordinates: 6.461445, 1.546042, -4.135133
            Color vertex (on layer 0): 1.000000 (red), 0.868000 (green), 0.576000 (blue)
            Texture UV (on layer 0): 0.512075, 0.364621
            Coordinates: 6.296952, -0.266945, -3.898684
            Color vertex (on layer 0): 1.000000 (red), 0.868000 (green), 0.576000 (blue)
            Texture UV (on layer 0): 0.570801, 0.381736
        Polygon 291
            Coordinates: 4.256788, -0.701434, -1.732867
            Color vertex (on layer 0): 1.000000 (red), 0.868000 (green), 0.576000 (blue)
            Texture UV (on layer 0): 0.371860, 0.329832
            Coordinates: 2.790048, -1.272465, -0.752084
            Color vertex (on layer 0): 1.000000 (red), 0.868000 (green), 0.576000 (blue)
            Texture UV (on layer 0): 0.637988, 0.558973
            Coordinates: 4.329226, -1.932998, -1.355332
            Color vertex (on layer 0): 1.000000 (red), 0.868000 (green), 0.576000 (blue)
            Texture UV (on layer 0): 0.658637, 0.514089
        Polygon 292
            Coordinates: 2.790048, -1.272465, -0.752084
            Color vertex (on layer 0): 1.000000 (red), 0.868000 (green), 0.576000 (blue)
            Texture UV (on layer 0): 0.637988, 0.558973
            Coordinates: 1.495332, -2.273716, 0.199434
            Color vertex (on layer 0): 1.000000 (red), 0.868000 (green), 0.576000 (blue)
            Texture UV (on layer 0): 0.639406, 0.519589
            Coordinates: 4.329226, -1.932998, -1.355332
            Color vertex (on layer 0): 1.000000 (red), 0.868000 (green), 0.576000 (blue)
            Texture UV (on layer 0): 0.658637, 0.514089
        Polygon 293
            Coordinates: 4.329226, -1.932998, -1.355332
            Color vertex (on layer 0): 1.000000 (red), 0.868000 (green), 0.576000 (blue)
            Texture UV (on layer 0): 0.658637, 0.514089
            Coordinates: 4.045997, -3.676964, -1.256346
            Color vertex (on layer 0): 1.000000 (red), 0.868000 (green), 0.576000 (blue)
            Texture UV (on layer 0): 0.658637, 0.514089
            Coordinates: 4.734049, -2.072564, -1.640247
            Color vertex (on layer 0): 1.000000 (red), 0.868000 (green), 0.576000 (blue)
            Texture UV (on layer 0): 0.660396, 0.484069
        Polygon 294
            Coordinates: 6.804570, -1.529960, -5.573814
            Color vertex (on layer 0): 1.000000 (red), 0.868000 (green), 0.576000 (blue)
            Texture UV (on layer 0): 0.433879, 0.388967
            Coordinates: 6.477028, -1.289844, -4.262444
            Color vertex (on layer 0): 1.000000 (red), 0.868000 (green), 0.576000 (blue)
            Texture UV (on layer 0): 0.555008, 0.361158
            Coordinates: 5.890809, -3.339289, -3.900565
            Color vertex (on layer 0): 1.000000 (red), 0.868000 (green), 0.576000 (blue)
            Texture UV (on layer 0): 0.420609, 0.317828
        Polygon 295
            Coordinates: 5.890809, -3.339289, -3.900565
            Color vertex (on layer 0): 1.000000 (red), 0.868000 (green), 0.576000 (blue)
            Texture UV (on layer 0): 0.420609, 0.317828
            Coordinates: 4.864591, -5.960877, -3.984017
            Color vertex (on layer 0): 1.000000 (red), 0.868000 (green), 0.576000 (blue)
            Texture UV (on layer 0): 0.536736, 0.330410
            Coordinates: 6.075979, -4.360665, -5.982566
            Color vertex (on layer 0): 1.000000 (red), 0.868000 (green), 0.576000 (blue)
            Texture UV (on layer 0): 0.413765, 0.328262
        Polygon 296
            Coordinates: 2.704773, -4.475560, -0.508878
            Color vertex (on layer 0): 1.000000 (red), 0.868000 (green), 0.576000 (blue)
            Texture UV (on layer 0): 0.320975, 0.402372
            Coordinates: 4.396640, -4.797979, -2.096651
            Color vertex (on layer 0): 1.000000 (red), 0.868000 (green), 0.576000 (blue)
            Texture UV (on layer 0): 0.664840, 0.530451
            Coordinates: 4.045997, -3.676964, -1.256346
            Color vertex (on layer 0): 1.000000 (red), 0.868000 (green), 0.576000 (blue)
            Texture UV (on layer 0): 0.658637, 0.514089
        Polygon 297
            Coordinates: 0.959180, -7.255928, -0.282403
            Color vertex (on layer 0): 1.000000 (red), 0.868000 (green), 0.576000 (blue)
            Texture UV (on layer 0): 0.326094, 0.384998
            Coordinates: 0.034127, -7.563134, -0.174550
            Color vertex (on layer 0): 1.000000 (red), 0.868000 (green), 0.576000 (blue)
            Texture UV (on layer 0): 0.388141, 0.300114
            Coordinates: 0.369625, -8.983615, -0.230949
            Color vertex (on layer 0): 1.000000 (red), 0.868000 (green), 0.576000 (blue)
            Texture UV (on layer 0): 0.325571, 0.398751
        Polygon 298
            Coordinates: 4.864591, -5.960877, -3.984017
            Color vertex (on layer 0): 1.000000 (red), 0.868000 (green), 0.576000 (blue)
            Texture UV (on layer 0): 0.536736, 0.330410
            Coordinates: 4.936066, -6.786863, -6.186936
            Color vertex (on layer 0): 1.000000 (red), 0.868000 (green), 0.576000 (blue)
            Texture UV (on layer 0): 0.545790, 0.309849
            Coordinates: 6.075979, -4.360665, -5.982566
            Color vertex (on layer 0): 1.000000 (red), 0.868000 (green), 0.576000 (blue)
            Texture UV (on layer 0): 0.413765, 0.328262
        Polygon 299
            Coordinates: 4.936066, -6.786863, -6.186936
            Color vertex (on layer 0): 1.000000 (red), 0.868000 (green), 0.576000 (blue)
            Texture UV (on layer 0): 0.545790, 0.309849
            Coordinates: 5.788502, -5.685430, -7.598072
            Color vertex (on layer 0): 1.000000 (red), 0.868000 (green), 0.576000 (blue)
            Texture UV (on layer 0): 0.558170, 0.336848
            Coordinates: 6.075979, -4.360665, -5.982566
            Color vertex (on layer 0): 1.000000 (red), 0.868000 (green), 0.576000 (blue)
            Texture UV (on layer 0): 0.413765, 0.328262
        Polygon 300
            Coordinates: 1.758842, 2.447171, 0.264427
            Color vertex (on layer 0): 1.000000 (red), 0.868000 (green), 0.576000 (blue)
            Texture UV (on layer 0): 0.503157, 0.302339
            Coordinates: 1.451712, 3.330858, 0.631155
            Color vertex (on layer 0): 1.000000 (red), 0.868000 (green), 0.576000 (blue)
            Texture UV (on layer 0): 0.413803, 0.465995
            Coordinates: 1.092608, 2.267601, 0.492702
            Color vertex (on layer 0): 1.000000 (red), 0.868000 (green), 0.576000 (blue)
            Texture UV (on layer 0): 0.508373, 0.323904
        Polygon 301
            Coordinates: 1.451712, 3.330858, 0.631155
            Color vertex (on layer 0): 1.000000 (red), 0.868000 (green), 0.576000 (blue)
            Texture UV (on layer 0): 0.413803, 0.465995
            Coordinates: 0.817776, 3.172644, 0.829030
            Color vertex (on layer 0): 1.000000 (red), 0.868000 (green), 0.576000 (blue)
            Texture UV (on layer 0): 0.345623, 0.319608
            Coordinates: 1.092608, 2.267601, 0.492702
            Color vertex (on layer 0): 1.000000 (red), 0.868000 (green), 0.576000 (blue)
            Texture UV (on layer 0): 0.508373, 0.323904
        Polygon 302
            Coordinates: 4.445673, 2.593323, -1.204030
            Color vertex (on layer 0): 1.000000 (red), 0.868000 (green), 0.576000 (blue)
            Texture UV (on layer 0): 0.475940, 0.301047
            Coordinates: 3.916486, 3.038688, -0.652941
            Color vertex (on layer 0): 1.000000 (red), 0.868000 (green), 0.576000 (blue)
            Texture UV (on layer 0): 0.354221, 0.384401
            Coordinates: 3.443051, 2.604875, -0.591692
            Color vertex (on layer 0): 1.000000 (red), 0.868000 (green), 0.576000 (blue)
            Texture UV (on layer 0): 0.508373, 0.323904
        Polygon 303
            Coordinates: 3.916486, 3.038688, -0.652941
            Color vertex (on layer 0): 1.000000 (red), 0.868000 (green), 0.576000 (blue)
            Texture UV (on layer 0): 0.354221, 0.384401
            Coordinates: 3.001068, 3.263880, -0.109831
            Color vertex (on layer 0): 1.000000 (red), 0.868000 (green), 0.576000 (blue)
            Texture UV (on layer 0): 0.401012, 0.453888
            Coordinates: 3.443051, 2.604875, -0.591692
            Color vertex (on layer 0): 1.000000 (red), 0.868000 (green), 0.576000 (blue)
            Texture UV (on layer 0): 0.508373, 0.323904
        Polygon 304
            Coordinates: 4.445673, 2.593323, -1.204030
            Color vertex (on layer 0): 1.000000 (red), 0.868000 (green), 0.576000 (blue)
            Texture UV (on layer 0): 0.475940, 0.301047
            Coordinates: 4.574723, 2.833204, -1.261467
            Color vertex (on layer 0): 1.000000 (red), 0.868000 (green), 0.576000 (blue)
            Texture UV (on layer 0): 0.504784, 0.295562
            Coordinates: 3.916486, 3.038688, -0.652941
            Color vertex (on layer 0): 1.000000 (red), 0.868000 (green), 0.576000 (blue)
            Texture UV (on layer 0): 0.354221, 0.384401
        Polygon 305
            Coordinates: 4.391644, 3.226235, -1.018044
            Color vertex (on layer 0): 1.000000 (red), 0.868000 (green), 0.576000 (blue)
            Texture UV (on layer 0): 0.481286, 0.294466
            Coordinates: 3.916486, 3.038688, -0.652941
            Color vertex (on layer 0): 1.000000 (red), 0.868000 (green), 0.576000 (blue)
            Texture UV (on layer 0): 0.354221, 0.384401
            Coordinates: 4.574723, 2.833204, -1.261467
            Color vertex (on layer 0): 1.000000 (red), 0.868000 (green), 0.576000 (blue)
            Texture UV (on layer 0): 0.504784, 0.295562
        Polygon 306
            Coordinates: 5.429938, 3.485443, -1.981123
            Color vertex (on layer 0): 1.000000 (red), 0.868000 (green), 0.576000 (blue)
            Texture UV (on layer 0): 0.512075, 0.364621
            Coordinates: 5.147498, 3.881025, -1.681847
            Color vertex (on layer 0): 1.000000 (red), 0.868000 (green), 0.576000 (blue)
            Texture UV (on layer 0): 0.401012, 0.453888
            Coordinates: 5.148372, 3.449613, -1.682135
            Color vertex (on layer 0): 1.000000 (red), 0.868000 (green), 0.576000 (blue)
            Texture UV (on layer 0): 0.503157, 0.302339
        Polygon 307
            Coordinates: 4.866805, 3.413781, -1.383147
            Color vertex (on layer 0): 1.000000 (red), 0.868000 (green), 0.576000 (blue)
            Texture UV (on layer 0): 0.537621, 0.370696
            Coordinates: 5.148372, 3.449613, -1.682135
            Color vertex (on layer 0): 1.000000 (red), 0.868000 (green), 0.576000 (blue)
            Texture UV (on layer 0): 0.503157, 0.302339
            Coordinates: 4.865054, 4.276607, -1.382570
            Color vertex (on layer 0): 1.000000 (red), 0.868000 (green), 0.576000 (blue)
            Texture UV (on layer 0): 0.535915, 0.380036
        Polygon 308
            Coordinates: 5.147498, 3.881025, -1.681847
            Color vertex (on layer 0): 1.000000 (red), 0.868000 (green), 0.576000 (blue)
            Texture UV (on layer 0): 0.401012, 0.453888
            Coordinates: 4.865054, 4.276607, -1.382570
            Color vertex (on layer 0): 1.000000 (red), 0.868000 (green), 0.576000 (blue)
            Texture UV (on layer 0): 0.535915, 0.380036
            Coordinates: 5.148372, 3.449613, -1.682135
            Color vertex (on layer 0): 1.000000 (red), 0.868000 (green), 0.576000 (blue)
            Texture UV (on layer 0): 0.503157, 0.302339
        Polygon 309
            Coordinates: 4.974858, 2.147958, -1.755119
            Color vertex (on layer 0): 1.000000 (red), 0.868000 (green), 0.576000 (blue)
            Texture UV (on layer 0): 0.326094, 0.384998
            Coordinates: 5.322868, 2.564859, -2.107740
            Color vertex (on layer 0): 1.000000 (red), 0.868000 (green), 0.576000 (blue)
            Texture UV (on layer 0): 0.504784, 0.295562
            Coordinates: 4.920831, 2.780870, -1.569133
            Color vertex (on layer 0): 1.000000 (red), 0.868000 (green), 0.576000 (blue)
            Texture UV (on layer 0): 0.475940, 0.301047
        Polygon 310
            Coordinates: 4.920831, 2.780870, -1.569133
            Color vertex (on layer 0): 1.000000 (red), 0.868000 (green), 0.576000 (blue)
            Texture UV (on layer 0): 0.475940, 0.301047
            Coordinates: 5.322868, 2.564859, -2.107740
            Color vertex (on layer 0): 1.000000 (red), 0.868000 (green), 0.576000 (blue)
            Texture UV (on layer 0): 0.504784, 0.295562
            Coordinates: 5.201155, 2.925586, -1.873058
            Color vertex (on layer 0): 1.000000 (red), 0.868000 (green), 0.576000 (blue)
            Texture UV (on layer 0): 0.504784, 0.295562
        Polygon 311
            Coordinates: -0.269059, 3.223391, 0.998672
            Color vertex (on layer 0): 1.000000 (red), 0.868000 (green), 0.576000 (blue)
            Texture UV (on layer 0): 0.316721, 0.383141
            Coordinates: -0.205807, 1.049419, 0.363962
            Color vertex (on layer 0): 1.000000 (red), 0.868000 (green), 0.576000 (blue)
            Texture UV (on layer 0): 0.388141, 0.300114
            Coordinates: 0.817776, 3.172644, 0.829030
            Color vertex (on layer 0): 1.000000 (red), 0.868000 (green), 0.576000 (blue)
            Texture UV (on layer 0): 0.345623, 0.319608
        Polygon 312
            Coordinates: 0.817776, 3.172644, 0.829030
            Color vertex (on layer 0): 1.000000 (red), 0.868000 (green), 0.576000 (blue)
            Texture UV (on layer 0): 0.345623, 0.319608
            Coordinates: -0.205807, 1.049419, 0.363962
            Color vertex (on layer 0): 1.000000 (red), 0.868000 (green), 0.576000 (blue)
            Texture UV (on layer 0): 0.388141, 0.300114
            Coordinates: 1.092608, 2.267601, 0.492702
            Color vertex (on layer 0): 1.000000 (red), 0.868000 (green), 0.576000 (blue)
            Texture UV (on layer 0): 0.508373, 0.323904
        Polygon 313
            Coordinates: -0.205807, 1.049419, 0.363962
            Color vertex (on layer 0): 1.000000 (red), 0.868000 (green), 0.576000 (blue)
            Texture UV (on layer 0): 0.388141, 0.300114
            Coordinates: 1.537857, 1.383568, 0.087970
            Color vertex (on layer 0): 1.000000 (red), 0.868000 (green), 0.576000 (blue)
            Texture UV (on layer 0): 0.318107, 0.377606
            Coordinates: 1.092608, 2.267601, 0.492702
            Color vertex (on layer 0): 1.000000 (red), 0.868000 (green), 0.576000 (blue)
            Texture UV (on layer 0): 0.508373, 0.323904
        Polygon 314
            Coordinates: 3.583452, 6.387257, -0.544540
            Color vertex (on layer 0): 1.000000 (red), 0.868000 (green), 0.576000 (blue)
            Texture UV (on layer 0): 0.371860, 0.329832
            Coordinates: 3.541158, 7.483526, -0.840488
            Color vertex (on layer 0): 1.000000 (red), 0.868000 (green), 0.576000 (blue)
            Texture UV (on layer 0): 0.393414, 0.414589
            Coordinates: 2.144454, 6.524559, 0.287026
            Color vertex (on layer 0): 1.000000 (red), 0.868000 (green), 0.576000 (blue)
            Texture UV (on layer 0): 0.384275, 0.407097
        Polygon 315
            Coordinates: 0.841054, 6.527106, 0.735773
            Color vertex (on layer 0): 1.000000 (red), 0.868000 (green), 0.576000 (blue)
            Texture UV (on layer 0): 0.388727, 0.460087
            Coordinates: 2.144454, 6.524559, 0.287026
            Color vertex (on layer 0): 1.000000 (red), 0.868000 (green), 0.576000 (blue)
            Texture UV (on layer 0): 0.384275, 0.407097
            Coordinates: 0.852889, 9.150742, -0.236230
            Color vertex (on layer 0): 1.000000 (red), 0.868000 (green), 0.576000 (blue)
            Texture UV (on layer 0): 0.385914, 0.398043
        Polygon 316
            Coordinates: 2.144454, 6.524559, 0.287026
            Color vertex (on layer 0): 1.000000 (red), 0.868000 (green), 0.576000 (blue)
            Texture UV (on layer 0): 0.384275, 0.407097
            Coordinates: 3.541158, 7.483526, -0.840488
            Color vertex (on layer 0): 1.000000 (red), 0.868000 (green), 0.576000 (blue)
            Texture UV (on layer 0): 0.393414, 0.414589
            Coordinates: 0.852889, 9.150742, -0.236230
            Color vertex (on layer 0): 1.000000 (red), 0.868000 (green), 0.576000 (blue)
            Texture UV (on layer 0): 0.385914, 0.398043
        Polygon 317
            Coordinates: 3.541158, 7.483526, -0.840488
            Color vertex (on layer 0): 1.000000 (red), 0.868000 (green), 0.576000 (blue)
            Texture UV (on layer 0): 0.393414, 0.414589
            Coordinates: 3.663848, 8.505201, -1.342108
            Color vertex (on layer 0): 1.000000 (red), 0.868000 (green), 0.576000 (blue)
            Texture UV (on layer 0): 0.403034, 0.408173
            Coordinates: 0.852889, 9.150742, -0.236230
            Color vertex (on layer 0): 1.000000 (red), 0.868000 (green), 0.576000 (blue)
            Texture UV (on layer 0): 0.385914, 0.398043
        Polygon 318
            Coordinates: 5.015214, 7.708825, -2.248785
            Color vertex (on layer 0): 1.000000 (red), 0.868000 (green), 0.576000 (blue)
            Texture UV (on layer 0): 0.435576, 0.373762
            Coordinates: 3.541158, 7.483526, -0.840488
            Color vertex (on layer 0): 1.000000 (red), 0.868000 (green), 0.576000 (blue)
            Texture UV (on layer 0): 0.416360, 0.365084
            Coordinates: 4.966238, 6.127102, -1.700971
            Color vertex (on layer 0): 1.000000 (red), 0.868000 (green), 0.576000 (blue)
            Texture UV (on layer 0): 0.531943, 0.389184
        Polygon 319
            Coordinates: 3.583452, 6.387257, -0.544540
            Color vertex (on layer 0): 1.000000 (red), 0.868000 (green), 0.576000 (blue)
            Texture UV (on layer 0): 0.435576, 0.373762
            Coordinates: 4.966238, 6.127102, -1.700971
            Color vertex (on layer 0): 1.000000 (red), 0.868000 (green), 0.576000 (blue)
            Texture UV (on layer 0): 0.531943, 0.389184
            Coordinates: 3.541158, 7.483526, -0.840488
            Color vertex (on layer 0): 1.000000 (red), 0.868000 (green), 0.576000 (blue)
            Texture UV (on layer 0): 0.416360, 0.365084
        Polygon 320
            Coordinates: 5.015214, 7.708825, -2.248785
            Color vertex (on layer 0): 1.000000 (red), 0.868000 (green), 0.576000 (blue)
            Texture UV (on layer 0): 0.435576, 0.373762
            Coordinates: 3.663848, 8.505201, -1.342108
            Color vertex (on layer 0): 1.000000 (red), 0.868000 (green), 0.576000 (blue)
            Texture UV (on layer 0): 0.555008, 0.361158
            Coordinates: 3.541158, 7.483526, -0.840488
            Color vertex (on layer 0): 1.000000 (red), 0.868000 (green), 0.576000 (blue)
            Texture UV (on layer 0): 0.416360, 0.365084
        Polygon 321
            Coordinates: 5.787582, 5.520848, -2.785138
            Color vertex (on layer 0): 1.000000 (red), 0.868000 (green), 0.576000 (blue)
            Texture UV (on layer 0): 0.512037, 0.370858
            Coordinates: 6.465806, 5.439944, -4.530241
            Color vertex (on layer 0): 1.000000 (red), 0.868000 (green), 0.576000 (blue)
            Texture UV (on layer 0): 0.426910, 0.312199
            Coordinates: 5.868396, 6.640864, -3.324292
            Color vertex (on layer 0): 1.000000 (red), 0.868000 (green), 0.576000 (blue)
            Texture UV (on layer 0): 0.535915, 0.380036
        Polygon 322
            Coordinates: 5.868396, 6.640864, -3.324292
            Color vertex (on layer 0): 1.000000 (red), 0.868000 (green), 0.576000 (blue)
            Texture UV (on layer 0): 0.535915, 0.380036
            Coordinates: 5.015214, 7.708825, -2.248785
            Color vertex (on layer 0): 1.000000 (red), 0.868000 (green), 0.576000 (blue)
            Texture UV (on layer 0): 0.435576, 0.373762
            Coordinates: 5.787582, 5.520848, -2.785138
            Color vertex (on layer 0): 1.000000 (red), 0.868000 (green), 0.576000 (blue)
            Texture UV (on layer 0): 0.512037, 0.370858
        Polygon 323
            Coordinates: 6.772089, 2.546799, -4.914010
            Color vertex (on layer 0): 1.000000 (red), 0.868000 (green), 0.576000 (blue)
            Texture UV (on layer 0): 0.420001, 0.301940
            Coordinates: 7.229561, 3.171778, -7.204005
            Color vertex (on layer 0): 1.000000 (red), 0.868000 (green), 0.576000 (blue)
            Texture UV (on layer 0): 0.425479, 0.302752
            Coordinates: 6.911779, 4.266639, -5.836686
            Color vertex (on layer 0): 1.000000 (red), 0.868000 (green), 0.576000 (blue)
            Texture UV (on layer 0): 0.545676, 0.389131
        Polygon 324
            Coordinates: 4.974858, 2.147958, -1.755119
            Color vertex (on layer 0): 1.000000 (red), 0.868000 (green), 0.576000 (blue)
            Texture UV (on layer 0): 0.326094, 0.384998
            Coordinates: 5.029899, 1.048021, -2.727838
            Color vertex (on layer 0): 1.000000 (red), 0.868000 (green), 0.576000 (blue)
            Texture UV (on layer 0): 0.326094, 0.384998
            Coordinates: 5.257947, 2.060857, -2.143964
            Color vertex (on layer 0): 1.000000 (red), 0.868000 (green), 0.576000 (blue)
            Texture UV (on layer 0): 0.404413, 0.434299
        Polygon 325
            Coordinates: 5.541035, 1.973756, -2.532809
            Color vertex (on layer 0): 1.000000 (red), 0.868000 (green), 0.576000 (blue)
            Texture UV (on layer 0): 0.331669, 0.344712
            Coordinates: 5.257947, 2.060857, -2.143964
            Color vertex (on layer 0): 1.000000 (red), 0.868000 (green), 0.576000 (blue)
            Texture UV (on layer 0): 0.404413, 0.434299
            Coordinates: 5.029899, 1.048021, -2.727838
            Color vertex (on layer 0): 1.000000 (red), 0.868000 (green), 0.576000 (blue)
            Texture UV (on layer 0): 0.326094, 0.384998
        Polygon 326
            Coordinates: 5.897445, 0.368180, -3.238305
            Color vertex (on layer 0): 1.000000 (red), 0.868000 (green), 0.576000 (blue)
            Texture UV (on layer 0): 0.555008, 0.361158
            Coordinates: 4.652133, 0.049214, -2.263599
            Color vertex (on layer 0): 1.000000 (red), 0.868000 (green), 0.576000 (blue)
            Texture UV (on layer 0): 0.418696, 0.376044
            Coordinates: 5.656590, -0.236360, -2.818664
            Color vertex (on layer 0): 1.000000 (red), 0.868000 (green), 0.576000 (blue)
            Texture UV (on layer 0): 0.525428, 0.348632
        Polygon 327
            Coordinates: 5.656590, -0.236360, -2.818664
            Color vertex (on layer 0): 1.000000 (red), 0.868000 (green), 0.576000 (blue)
            Texture UV (on layer 0): 0.525428, 0.348632
            Coordinates: 4.652133, 0.049214, -2.263599
            Color vertex (on layer 0): 1.000000 (red), 0.868000 (green), 0.576000 (blue)
            Texture UV (on layer 0): 0.418696, 0.376044
            Coordinates: 4.857607, -0.389700, -2.236090
            Color vertex (on layer 0): 1.000000 (red), 0.868000 (green), 0.576000 (blue)
            Texture UV (on layer 0): 0.431042, 0.334243
        Polygon 328
            Coordinates: 4.652133, 0.049214, -2.263599
            Color vertex (on layer 0): 1.000000 (red), 0.868000 (green), 0.576000 (blue)
            Texture UV (on layer 0): 0.319856, 0.437251
            Coordinates: 2.652253, -0.512683, -1.071287
            Color vertex (on layer 0): 1.000000 (red), 0.868000 (green), 0.576000 (blue)
            Texture UV (on layer 0): 0.652284, 0.556490
            Coordinates: 4.857607, -0.389700, -2.236090
            Color vertex (on layer 0): 1.000000 (red), 0.868000 (green), 0.576000 (blue)
            Texture UV (on layer 0): 0.328583, 0.451231
        Polygon 329
            Coordinates: 2.652253, -0.512683, -1.071287
            Color vertex (on layer 0): 1.000000 (red), 0.868000 (green), 0.576000 (blue)
            Texture UV (on layer 0): 0.652284, 0.556490
            Coordinates: 4.256788, -0.701434, -1.732867
            Color vertex (on layer 0): 1.000000 (red), 0.868000 (green), 0.576000 (blue)
            Texture UV (on layer 0): 0.371860, 0.329832
            Coordinates: 4.857607, -0.389700, -2.236090
            Color vertex (on layer 0): 1.000000 (red), 0.868000 (green), 0.576000 (blue)
            Texture UV (on layer 0): 0.328583, 0.451231
        Polygon 330
            Coordinates: 2.652253, -0.512683, -1.071287
            Color vertex (on layer 0): 1.000000 (red), 0.868000 (green), 0.576000 (blue)
            Texture UV (on layer 0): 0.652284, 0.556490
            Coordinates: 1.378254, 0.501521, -0.200797
            Color vertex (on layer 0): 1.000000 (red), 0.868000 (green), 0.576000 (blue)
            Texture UV (on layer 0): 0.320926, 0.408966
            Coordinates: 2.790048, -1.272465, -0.752084
            Color vertex (on layer 0): 1.000000 (red), 0.868000 (green), 0.576000 (blue)
            Texture UV (on layer 0): 0.637988, 0.558973
        Polygon 331
            Coordinates: 5.487185, -2.459966, -2.596940
            Color vertex (on layer 0): 1.000000 (red), 0.868000 (green), 0.576000 (blue)
            Texture UV (on layer 0): 0.445291, 0.345579
            Coordinates: 5.460217, -3.370260, -2.953182
            Color vertex (on layer 0): 1.000000 (red), 0.868000 (green), 0.576000 (blue)
            Texture UV (on layer 0): 0.408326, 0.312839
            Coordinates: 6.477028, -1.289844, -4.262444
            Color vertex (on layer 0): 1.000000 (red), 0.868000 (green), 0.576000 (blue)
            Texture UV (on layer 0): 0.555008, 0.361158
        Polygon 332
            Coordinates: 5.890809, -3.339289, -3.900565
            Color vertex (on layer 0): 1.000000 (red), 0.868000 (green), 0.576000 (blue)
            Texture UV (on layer 0): 0.420609, 0.317828
            Coordinates: 6.477028, -1.289844, -4.262444
            Color vertex (on layer 0): 1.000000 (red), 0.868000 (green), 0.576000 (blue)
            Texture UV (on layer 0): 0.555008, 0.361158
            Coordinates: 5.460217, -3.370260, -2.953182
            Color vertex (on layer 0): 1.000000 (red), 0.868000 (green), 0.576000 (blue)
            Texture UV (on layer 0): 0.408326, 0.312839
        Polygon 333
            Coordinates: 4.045997, -3.676964, -1.256346
            Color vertex (on layer 0): 1.000000 (red), 0.868000 (green), 0.576000 (blue)
            Texture UV (on layer 0): 0.658637, 0.514089
            Coordinates: 4.396640, -4.797979, -2.096651
            Color vertex (on layer 0): 1.000000 (red), 0.868000 (green), 0.576000 (blue)
            Texture UV (on layer 0): 0.664840, 0.530451
            Coordinates: 5.487185, -2.459966, -2.596940
            Color vertex (on layer 0): 1.000000 (red), 0.868000 (green), 0.576000 (blue)
            Texture UV (on layer 0): 0.648626, 0.493934
        Polygon 334
            Coordinates: 5.487185, -2.459966, -2.596940
            Color vertex (on layer 0): 1.000000 (red), 0.868000 (green), 0.576000 (blue)
            Texture UV (on layer 0): 0.648626, 0.493934
            Coordinates: 4.396640, -4.797979, -2.096651
            Color vertex (on layer 0): 1.000000 (red), 0.868000 (green), 0.576000 (blue)
            Texture UV (on layer 0): 0.664840, 0.530451
            Coordinates: 5.460217, -3.370260, -2.953182
            Color vertex (on layer 0): 1.000000 (red), 0.868000 (green), 0.576000 (blue)
            Texture UV (on layer 0): 0.658637, 0.514089
        Polygon 335
            Coordinates: 1.939967, -6.066620, -0.623051
            Color vertex (on layer 0): 1.000000 (red), 0.868000 (green), 0.576000 (blue)
            Texture UV (on layer 0): 0.635706, 0.543799
            Coordinates: 0.959180, -7.255928, -0.282403
            Color vertex (on layer 0): 1.000000 (red), 0.868000 (green), 0.576000 (blue)
            Texture UV (on layer 0): 0.326094, 0.384998
            Coordinates: 2.728961, -6.840916, -1.320516
            Color vertex (on layer 0): 1.000000 (red), 0.868000 (green), 0.576000 (blue)
            Texture UV (on layer 0): 0.354221, 0.384401
        Polygon 336
            Coordinates: -0.080599, -5.596519, 0.550023
            Color vertex (on layer 0): 1.000000 (red), 0.868000 (green), 0.576000 (blue)
            Texture UV (on layer 0): 0.393125, 0.310832
            Coordinates: 0.971622, -5.351866, 0.229674
            Color vertex (on layer 0): 1.000000 (red), 0.868000 (green), 0.576000 (blue)
            Texture UV (on layer 0): 0.510917, 0.563572
            Coordinates: 0.758488, -4.751244, 0.383958
            Color vertex (on layer 0): 1.000000 (red), 0.868000 (green), 0.576000 (blue)
            Texture UV (on layer 0): 0.510383, 0.575835
        Polygon 337
            Coordinates: 0.758488, -4.751244, 0.383958
            Color vertex (on layer 0): 1.000000 (red), 0.868000 (green), 0.576000 (blue)
            Texture UV (on layer 0): 0.510383, 0.575835
            Coordinates: -0.574177, -4.427757, 0.530098
            Color vertex (on layer 0): 1.000000 (red), 0.868000 (green), 0.576000 (blue)
            Texture UV (on layer 0): 0.646221, 0.612448
            Coordinates: -0.080599, -5.596519, 0.550023
            Color vertex (on layer 0): 1.000000 (red), 0.868000 (green), 0.576000 (blue)
            Texture UV (on layer 0): 0.393125, 0.310832
        Polygon 338
            Coordinates: 1.661468, -5.003071, -0.064291
            Color vertex (on layer 0): 1.000000 (red), 0.868000 (green), 0.576000 (blue)
            Texture UV (on layer 0): 0.568605, 0.544866
            Coordinates: 1.939967, -6.066620, -0.623051
            Color vertex (on layer 0): 1.000000 (red), 0.868000 (green), 0.576000 (blue)
            Texture UV (on layer 0): 0.635706, 0.543799
            Coordinates: 2.704773, -4.475560, -0.508878
            Color vertex (on layer 0): 1.000000 (red), 0.868000 (green), 0.576000 (blue)
            Texture UV (on layer 0): 0.320975, 0.402372
        Polygon 339
            Coordinates: 6.804570, -1.529960, -5.573814
            Color vertex (on layer 0): 1.000000 (red), 0.868000 (green), 0.576000 (blue)
            Texture UV (on layer 0): 0.433879, 0.388967
            Coordinates: 7.512815, -0.379522, -9.892115
            Color vertex (on layer 0): 1.000000 (red), 0.868000 (green), 0.576000 (blue)
            Texture UV (on layer 0): 0.558170, 0.336848
            Coordinates: 6.973054, 0.675532, -6.094205
            Color vertex (on layer 0): 1.000000 (red), 0.868000 (green), 0.576000 (blue)
            Texture UV (on layer 0): 0.453885, 0.402517
        Polygon 340
            Coordinates: 6.973054, 0.675532, -6.094205
            Color vertex (on layer 0): 1.000000 (red), 0.868000 (green), 0.576000 (blue)
            Texture UV (on layer 0): 0.453885, 0.402517
            Coordinates: 7.512815, -0.379522, -9.892115
            Color vertex (on layer 0): 1.000000 (red), 0.868000 (green), 0.576000 (blue)
            Texture UV (on layer 0): 0.558170, 0.336848
            Coordinates: 7.400999, 2.204827, -8.602002
            Color vertex (on layer 0): 1.000000 (red), 0.868000 (green), 0.576000 (blue)
            Texture UV (on layer 0): 0.522871, 0.376202
        Polygon 341
            Coordinates: 7.400999, 2.204827, -8.602002
            Color vertex (on layer 0): 1.000000 (red), 0.868000 (green), 0.576000 (blue)
            Texture UV (on layer 0): 0.522871, 0.376202
            Coordinates: 7.229561, 3.171778, -7.204005
            Color vertex (on layer 0): 1.000000 (red), 0.868000 (green), 0.576000 (blue)
            Texture UV (on layer 0): 0.425479, 0.302752
            Coordinates: 6.973054, 0.675532, -6.094205
            Color vertex (on layer 0): 1.000000 (red), 0.868000 (green), 0.576000 (blue)
            Texture UV (on layer 0): 0.453885, 0.402517
        Polygon 342
            Coordinates: -7.873383, 2.319217, -11.071197
            Color vertex (on layer 0): 1.000000 (red), 0.868000 (green), 0.576000 (blue)
            Texture UV (on layer 0): 0.418696, 0.376044
            Coordinates: -7.574776, 1.253975, -7.544675
            Color vertex (on layer 0): 1.000000 (red), 0.868000 (green), 0.576000 (blue)
            Texture UV (on layer 0): 0.399365, 0.402058
            Coordinates: -7.739493, 3.295938, -9.675262
            Color vertex (on layer 0): 1.000000 (red), 0.868000 (green), 0.576000 (blue)
            Texture UV (on layer 0): 0.399365, 0.402058
        Polygon 343
            Coordinates: -7.463646, 2.094967, -6.399013
            Color vertex (on layer 0): 1.000000 (red), 0.868000 (green), 0.576000 (blue)
            Texture UV (on layer 0): 0.534559, 0.555569
            Coordinates: -7.739493, 3.295938, -9.675262
            Color vertex (on layer 0): 1.000000 (red), 0.868000 (green), 0.576000 (blue)
            Texture UV (on layer 0): 0.399365, 0.402058
            Coordinates: -7.574776, 1.253975, -7.544675
            Color vertex (on layer 0): 1.000000 (red), 0.868000 (green), 0.576000 (blue)
            Texture UV (on layer 0): 0.399365, 0.402058
        Polygon 344
            Coordinates: -7.260621, 1.418982, -5.442189
            Color vertex (on layer 0): 1.000000 (red), 0.868000 (green), 0.576000 (blue)
            Texture UV (on layer 0): 0.541633, 0.555776
            Coordinates: -8.209059, 4.587252, -6.935033
            Color vertex (on layer 0): 1.000000 (red), 0.868000 (green), 0.576000 (blue)
            Texture UV (on layer 0): 0.414462, 0.389154
            Coordinates: -7.463646, 2.094967, -6.399013
            Color vertex (on layer 0): 1.000000 (red), 0.868000 (green), 0.576000 (blue)
            Texture UV (on layer 0): 0.534559, 0.555569
        Polygon 345
            Coordinates: -8.209059, 4.587252, -6.935033
            Color vertex (on layer 0): 1.000000 (red), 0.868000 (green), 0.576000 (blue)
            Texture UV (on layer 0): 0.414462, 0.389154
            Coordinates: -7.739493, 3.295938, -9.675262
            Color vertex (on layer 0): 1.000000 (red), 0.868000 (green), 0.576000 (blue)
            Texture UV (on layer 0): 0.399365, 0.402058
            Coordinates: -7.463646, 2.094967, -6.399013
            Color vertex (on layer 0): 1.000000 (red), 0.868000 (green), 0.576000 (blue)
            Texture UV (on layer 0): 0.534559, 0.555569
        Polygon 346
            Coordinates: 0.617343, -2.498535, 1.084887
            Color vertex (on layer 0): 1.000000 (red), 0.868000 (green), 0.576000 (blue)
            Texture UV (on layer 0): 0.404840, 0.301924
            Coordinates: 1.211265, -2.377792, 0.377697
            Color vertex (on layer 0): 1.000000 (red), 0.868000 (green), 0.576000 (blue)
            Texture UV (on layer 0): 0.420609, 0.317828
            Coordinates: 0.925643, -1.670620, 0.534636
            Color vertex (on layer 0): 1.000000 (red), 0.868000 (green), 0.576000 (blue)
            Texture UV (on layer 0): 0.481286, 0.294466
        Polygon 347
            Coordinates: -0.486329, -6.342722, 0.177505
            Color vertex (on layer 0): 1.000000 (red), 0.868000 (green), 0.576000 (blue)
            Texture UV (on layer 0): 0.501937, 0.564810
            Coordinates: 0.016420, -6.991284, 0.190572
            Color vertex (on layer 0): 1.000000 (red), 0.868000 (green), 0.576000 (blue)
            Texture UV (on layer 0): 0.379361, 0.309473
            Coordinates: 0.669146, -6.273172, 0.114121
            Color vertex (on layer 0): 1.000000 (red), 0.868000 (green), 0.576000 (blue)
            Texture UV (on layer 0): 0.323277, 0.418031
        Polygon 348
            Coordinates: 0.669146, -6.273172, 0.114121
            Color vertex (on layer 0): 1.000000 (red), 0.868000 (green), 0.576000 (blue)
            Texture UV (on layer 0): 0.323277, 0.418031
            Coordinates: 0.016420, -6.991284, 0.190572
            Color vertex (on layer 0): 1.000000 (red), 0.868000 (green), 0.576000 (blue)
            Texture UV (on layer 0): 0.379361, 0.309473
            Coordinates: 0.923312, -6.756922, 0.055615
            Color vertex (on layer 0): 1.000000 (red), 0.868000 (green), 0.576000 (blue)
            Texture UV (on layer 0): 0.320877, 0.415560
        Polygon 349
            Coordinates: 1.939967, -6.066620, -0.623051
            Color vertex (on layer 0): 1.000000 (red), 0.868000 (green), 0.576000 (blue)
            Texture UV (on layer 0): 0.635706, 0.543799
            Coordinates: 0.669146, -6.273172, 0.114121
            Color vertex (on layer 0): 1.000000 (red), 0.868000 (green), 0.576000 (blue)
            Texture UV (on layer 0): 0.323277, 0.418031
            Coordinates: 0.923312, -6.756922, 0.055615
            Color vertex (on layer 0): 1.000000 (red), 0.868000 (green), 0.576000 (blue)
            Texture UV (on layer 0): 0.320877, 0.415560
        Polygon 350
            Coordinates: -3.247222, 0.374087, 0.014036
            Color vertex (on layer 0): 0.000000 (red), 0.000000 (green), 0.000000 (blue)
            Texture UV (on layer 0): 0.443863, 0.428802
            Coordinates: -3.714409, 0.231009, -0.005437
            Color vertex (on layer 0): 0.439000 (red), 0.484900 (green), 0.938000 (blue)
            Texture UV (on layer 0): 0.443863, 0.428802
            Coordinates: -3.315155, -0.198529, -0.143729
            Color vertex (on layer 0): 0.000000 (red), 0.000000 (green), 0.000000 (blue)
            Texture UV (on layer 0): 0.438500, 0.427989
        Polygon 351
            Coordinates: -3.714409, 0.231009, -0.005437
            Color vertex (on layer 0): 0.439000 (red), 0.484900 (green), 0.938000 (blue)
            Texture UV (on layer 0): 0.443863, 0.428802
            Coordinates: -3.751686, -0.137105, -0.109117
            Color vertex (on layer 0): 0.439000 (red), 0.484900 (green), 0.938000 (blue)
            Texture UV (on layer 0): 0.438111, 0.432178
            Coordinates: -3.315155, -0.198529, -0.143729
            Color vertex (on layer 0): 0.000000 (red), 0.000000 (green), 0.000000 (blue)
            Texture UV (on layer 0): 0.438500, 0.427989
        Polygon 352
            Coordinates: -4.944579, 0.498781, -0.967186
            Color vertex (on layer 0): 0.000000 (red), 0.000000 (green), 0.000000 (blue)
            Texture UV (on layer 0): 0.508373, 0.323904
            Coordinates: -4.659794, 0.347466, -0.541984
            Color vertex (on layer 0): 0.439000 (red), 0.484900 (green), 0.938000 (blue)
            Texture UV (on layer 0): 0.433879, 0.388967
            Coordinates: -4.755962, 0.929662, -0.771639
            Color vertex (on layer 0): 0.000000 (red), 0.000000 (green), 0.000000 (blue)
            Texture UV (on layer 0): 0.423919, 0.401546
        Polygon 353
            Coordinates: -4.755962, 0.929662, -0.771639
            Color vertex (on layer 0): 0.000000 (red), 0.000000 (green), 0.000000 (blue)
            Texture UV (on layer 0): 0.423919, 0.401546
            Coordinates: -4.659794, 0.347466, -0.541984
            Color vertex (on layer 0): 0.439000 (red), 0.484900 (green), 0.938000 (blue)
            Texture UV (on layer 0): 0.433879, 0.388967
            Coordinates: -4.615044, 0.632125, -0.450732
            Color vertex (on layer 0): 0.439000 (red), 0.484900 (green), 0.938000 (blue)
            Texture UV (on layer 0): 0.422508, 0.387463
        Polygon 354
            Coordinates: -4.468606, 1.045212, -0.475902
            Color vertex (on layer 0): 0.000000 (red), 0.000000 (green), 0.000000 (blue)
            Texture UV (on layer 0): 0.443718, 0.404269
            Coordinates: -4.755962, 0.929662, -0.771639
            Color vertex (on layer 0): 0.000000 (red), 0.000000 (green), 0.000000 (blue)
            Texture UV (on layer 0): 0.423919, 0.401546
            Coordinates: -4.506985, 0.801128, -0.344172
            Color vertex (on layer 0): 0.439000 (red), 0.484900 (green), 0.938000 (blue)
            Texture UV (on layer 0): 0.453885, 0.402517
        Polygon 355
            Coordinates: -4.755962, 0.929662, -0.771639
            Color vertex (on layer 0): 0.000000 (red), 0.000000 (green), 0.000000 (blue)
            Texture UV (on layer 0): 0.423919, 0.401546
            Coordinates: -4.615044, 0.632125, -0.450732
            Color vertex (on layer 0): 0.439000 (red), 0.484900 (green), 0.938000 (blue)
            Texture UV (on layer 0): 0.422508, 0.387463
            Coordinates: -4.506985, 0.801128, -0.344172
            Color vertex (on layer 0): 0.439000 (red), 0.484900 (green), 0.938000 (blue)
            Texture UV (on layer 0): 0.453885, 0.402517
        Polygon 356
            Coordinates: -3.759517, 0.441523, 0.014618
            Color vertex (on layer 0): 0.439000 (red), 0.484900 (green), 0.938000 (blue)
            Texture UV (on layer 0): 0.594894, 0.351098
            Coordinates: -3.432007, 0.910554, 0.032592
            Color vertex (on layer 0): 0.000000 (red), 0.000000 (green), 0.000000 (blue)
            Texture UV (on layer 0): 0.558461, 0.309523
            Coordinates: -3.850250, 0.665593, 0.013448
            Color vertex (on layer 0): 0.439000 (red), 0.484900 (green), 0.938000 (blue)
            Texture UV (on layer 0): 0.542550, 0.452030
        Polygon 357
            Coordinates: -3.900164, 1.064041, -0.138158
            Color vertex (on layer 0): 0.000000 (red), 0.000000 (green), 0.000000 (blue)
            Texture UV (on layer 0): 0.558170, 0.336848
            Coordinates: -4.017457, 0.863106, -0.033525
            Color vertex (on layer 0): 0.439000 (red), 0.484900 (green), 0.938000 (blue)
            Texture UV (on layer 0): 0.551769, 0.462155
            Coordinates: -3.432007, 0.910554, 0.032592
            Color vertex (on layer 0): 0.000000 (red), 0.000000 (green), 0.000000 (blue)
            Texture UV (on layer 0): 0.558461, 0.309523
        Polygon 358
            Coordinates: -3.432007, 0.910554, 0.032592
            Color vertex (on layer 0): 0.000000 (red), 0.000000 (green), 0.000000 (blue)
            Texture UV (on layer 0): 0.558461, 0.309523
            Coordinates: -4.017457, 0.863106, -0.033525
            Color vertex (on layer 0): 0.439000 (red), 0.484900 (green), 0.938000 (blue)
            Texture UV (on layer 0): 0.551769, 0.462155
            Coordinates: -3.850250, 0.665593, 0.013448
            Color vertex (on layer 0): 0.439000 (red), 0.484900 (green), 0.938000 (blue)
            Texture UV (on layer 0): 0.542550, 0.452030
        Polygon 359
            Coordinates: -3.553623, -0.581865, -0.349763
            Color vertex (on layer 0): 0.000000 (red), 0.000000 (green), 0.000000 (blue)
            Texture UV (on layer 0): 0.555008, 0.361158
            Coordinates: -3.918899, -0.379741, -0.262120
            Color vertex (on layer 0): 0.439000 (red), 0.484900 (green), 0.938000 (blue)
            Texture UV (on layer 0): 0.594894, 0.351098
            Coordinates: -4.184662, -0.610489, -0.633379
            Color vertex (on layer 0): 0.000000 (red), 0.000000 (green), 0.000000 (blue)
            Texture UV (on layer 0): 0.568713, 0.432511
        Polygon 360
            Coordinates: -4.184662, -0.610489, -0.633379
            Color vertex (on layer 0): 0.000000 (red), 0.000000 (green), 0.000000 (blue)
            Texture UV (on layer 0): 0.568713, 0.432511
            Coordinates: -3.918899, -0.379741, -0.262120
            Color vertex (on layer 0): 0.439000 (red), 0.484900 (green), 0.938000 (blue)
            Texture UV (on layer 0): 0.594894, 0.351098
            Coordinates: -4.262448, -0.397055, -0.469820
            Color vertex (on layer 0): 0.439000 (red), 0.484900 (green), 0.938000 (blue)
            Texture UV (on layer 0): 0.560714, 0.405142
        Polygon 361
            Coordinates: -4.667028, -0.424209, -0.978970
            Color vertex (on layer 0): 0.000000 (red), 0.000000 (green), 0.000000 (blue)
            Texture UV (on layer 0): 0.448640, 0.383295
            Coordinates: -4.184662, -0.610489, -0.633379
            Color vertex (on layer 0): 0.000000 (red), 0.000000 (green), 0.000000 (blue)
            Texture UV (on layer 0): 0.568713, 0.432511
            Coordinates: -4.527711, -0.216977, -0.587674
            Color vertex (on layer 0): 0.439000 (red), 0.484900 (green), 0.938000 (blue)
            Texture UV (on layer 0): 0.446395, 0.391983
        Polygon 362
            Coordinates: -4.184662, -0.610489, -0.633379
            Color vertex (on layer 0): 0.000000 (red), 0.000000 (green), 0.000000 (blue)
            Texture UV (on layer 0): 0.568713, 0.432511
            Coordinates: -4.262448, -0.397055, -0.469820
            Color vertex (on layer 0): 0.439000 (red), 0.484900 (green), 0.938000 (blue)
            Texture UV (on layer 0): 0.560714, 0.405142
            Coordinates: -4.527711, -0.216977, -0.587674
            Color vertex (on layer 0): 0.439000 (red), 0.484900 (green), 0.938000 (blue)
            Texture UV (on layer 0): 0.446395, 0.391983
        Polygon 363
            Coordinates: -4.667028, -0.424209, -0.978970
            Color vertex (on layer 0): 0.000000 (red), 0.000000 (green), 0.000000 (blue)
            Texture UV (on layer 0): 0.448640, 0.383295
            Coordinates: -4.527711, -0.216977, -0.587674
            Color vertex (on layer 0): 0.439000 (red), 0.484900 (green), 0.938000 (blue)
            Texture UV (on layer 0): 0.446395, 0.391983
            Coordinates: -4.885604, -0.083653, -1.044011
            Color vertex (on layer 0): 0.000000 (red), 0.000000 (green), 0.000000 (blue)
            Texture UV (on layer 0): 0.511254, 0.354098
        Polygon 364
            Coordinates: -4.885604, -0.083653, -1.044011
            Color vertex (on layer 0): 0.000000 (red), 0.000000 (green), 0.000000 (blue)
            Texture UV (on layer 0): 0.511254, 0.354098
            Coordinates: -4.527711, -0.216977, -0.587674
            Color vertex (on layer 0): 0.439000 (red), 0.484900 (green), 0.938000 (blue)
            Texture UV (on layer 0): 0.446395, 0.391983
            Coordinates: -4.675907, 0.037913, -0.622709
            Color vertex (on layer 0): 0.439000 (red), 0.484900 (green), 0.938000 (blue)
            Texture UV (on layer 0): 0.525428, 0.348632
        Polygon 365
            Coordinates: -4.885604, -0.083653, -1.044011
            Color vertex (on layer 0): 0.000000 (red), 0.000000 (green), 0.000000 (blue)
            Texture UV (on layer 0): 0.511254, 0.354098
            Coordinates: -4.675907, 0.037913, -0.622709
            Color vertex (on layer 0): 0.439000 (red), 0.484900 (green), 0.938000 (blue)
            Texture UV (on layer 0): 0.525428, 0.348632
            Coordinates: -4.944579, 0.498781, -0.967186
            Color vertex (on layer 0): 0.000000 (red), 0.000000 (green), 0.000000 (blue)
            Texture UV (on layer 0): 0.508373, 0.323904
        Polygon 366
            Coordinates: -4.944579, 0.498781, -0.967186
            Color vertex (on layer 0): 0.000000 (red), 0.000000 (green), 0.000000 (blue)
            Texture UV (on layer 0): 0.508373, 0.323904
            Coordinates: -4.675907, 0.037913, -0.622709
            Color vertex (on layer 0): 0.439000 (red), 0.484900 (green), 0.938000 (blue)
            Texture UV (on layer 0): 0.525428, 0.348632
            Coordinates: -4.659794, 0.347466, -0.541984
            Color vertex (on layer 0): 0.439000 (red), 0.484900 (green), 0.938000 (blue)
            Texture UV (on layer 0): 0.433879, 0.388967
        Polygon 367
            Coordinates: -3.432007, 0.910554, 0.032592
            Color vertex (on layer 0): 0.000000 (red), 0.000000 (green), 0.000000 (blue)
            Texture UV (on layer 0): 0.558461, 0.309523
            Coordinates: -3.759517, 0.441523, 0.014618
            Color vertex (on layer 0): 0.439000 (red), 0.484900 (green), 0.938000 (blue)
            Texture UV (on layer 0): 0.594894, 0.351098
            Coordinates: -3.247222, 0.374087, 0.014036
            Color vertex (on layer 0): 0.000000 (red), 0.000000 (green), 0.000000 (blue)
            Texture UV (on layer 0): 0.443863, 0.428802
        Polygon 368
            Coordinates: -3.759517, 0.441523, 0.014618
            Color vertex (on layer 0): 0.439000 (red), 0.484900 (green), 0.938000 (blue)
            Texture UV (on layer 0): 0.594894, 0.351098
            Coordinates: -3.714409, 0.231009, -0.005437
            Color vertex (on layer 0): 0.439000 (red), 0.484900 (green), 0.938000 (blue)
            Texture UV (on layer 0): 0.443863, 0.428802
            Coordinates: -3.247222, 0.374087, 0.014036
            Color vertex (on layer 0): 0.000000 (red), 0.000000 (green), 0.000000 (blue)
            Texture UV (on layer 0): 0.443863, 0.428802
        Polygon 369
            Coordinates: -3.315155, -0.198529, -0.143729
            Color vertex (on layer 0): 0.000000 (red), 0.000000 (green), 0.000000 (blue)
            Texture UV (on layer 0): 0.438500, 0.427989
            Coordinates: -3.751686, -0.137105, -0.109117
            Color vertex (on layer 0): 0.439000 (red), 0.484900 (green), 0.938000 (blue)
            Texture UV (on layer 0): 0.438111, 0.432178
            Coordinates: -3.553623, -0.581865, -0.349763
            Color vertex (on layer 0): 0.000000 (red), 0.000000 (green), 0.000000 (blue)
            Texture UV (on layer 0): 0.555008, 0.361158
        Polygon 370
            Coordinates: -3.751686, -0.137105, -0.109117
            Color vertex (on layer 0): 0.439000 (red), 0.484900 (green), 0.938000 (blue)
            Texture UV (on layer 0): 0.438111, 0.432178
            Coordinates: -3.918899, -0.379741, -0.262120
            Color vertex (on layer 0): 0.439000 (red), 0.484900 (green), 0.938000 (blue)
            Texture UV (on layer 0): 0.594894, 0.351098
            Coordinates: -3.553623, -0.581865, -0.349763
            Color vertex (on layer 0): 0.000000 (red), 0.000000 (green), 0.000000 (blue)
            Texture UV (on layer 0): 0.555008, 0.361158
        Polygon 371
            Coordinates: -3.751686, -0.137105, -0.109117
            Color vertex (on layer 0): 0.439000 (red), 0.484900 (green), 0.938000 (blue)
            Texture UV (on layer 0): 0.438111, 0.432178
            Coordinates: -3.714409, 0.231009, -0.005437
            Color vertex (on layer 0): 0.439000 (red), 0.484900 (green), 0.938000 (blue)
            Texture UV (on layer 0): 0.443863, 0.428802
            Coordinates: -3.949018, 0.246954, -0.072856
            Color vertex (on layer 0): 0.439000 (red), 0.484900 (green), 0.938000 (blue)
            Texture UV (on layer 0): 0.558170, 0.336848
        Polygon 372
            Coordinates: -3.714409, 0.231009, -0.005437
            Color vertex (on layer 0): 0.439000 (red), 0.484900 (green), 0.938000 (blue)
            Texture UV (on layer 0): 0.443863, 0.428802
            Coordinates: -3.759517, 0.441523, 0.014618
            Color vertex (on layer 0): 0.439000 (red), 0.484900 (green), 0.938000 (blue)
            Texture UV (on layer 0): 0.594894, 0.351098
            Coordinates: -3.949018, 0.246954, -0.072856
            Color vertex (on layer 0): 0.439000 (red), 0.484900 (green), 0.938000 (blue)
            Texture UV (on layer 0): 0.558170, 0.336848
        Polygon 373
            Coordinates: -4.659794, 0.347466, -0.541984
            Color vertex (on layer 0): 0.439000 (red), 0.484900 (green), 0.938000 (blue)
            Texture UV (on layer 0): 0.433879, 0.388967
            Coordinates: -4.675907, 0.037913, -0.622709
            Color vertex (on layer 0): 0.439000 (red), 0.484900 (green), 0.938000 (blue)
            Texture UV (on layer 0): 0.525428, 0.348632
            Coordinates: -4.465008, 0.333439, -0.487071
            Color vertex (on layer 0): 0.439000 (red), 0.484900 (green), 0.938000 (blue)
            Texture UV (on layer 0): 0.433879, 0.388967
        Polygon 374
            Coordinates: -3.949018, 0.246954, -0.072856
            Color vertex (on layer 0): 0.439000 (red), 0.484900 (green), 0.938000 (blue)
            Texture UV (on layer 0): 0.558170, 0.336848
            Coordinates: -4.465008, 0.333439, -0.487071
            Color vertex (on layer 0): 0.439000 (red), 0.484900 (green), 0.938000 (blue)
            Texture UV (on layer 0): 0.433879, 0.388967
            Coordinates: -3.751686, -0.137105, -0.109117
            Color vertex (on layer 0): 0.439000 (red), 0.484900 (green), 0.938000 (blue)
            Texture UV (on layer 0): 0.438111, 0.432178
        Polygon 375
            Coordinates: -3.751686, -0.137105, -0.109117
            Color vertex (on layer 0): 0.439000 (red), 0.484900 (green), 0.938000 (blue)
            Texture UV (on layer 0): 0.438111, 0.432178
            Coordinates: -4.465008, 0.333439, -0.487071
            Color vertex (on layer 0): 0.439000 (red), 0.484900 (green), 0.938000 (blue)
            Texture UV (on layer 0): 0.433879, 0.388967
            Coordinates: -3.918899, -0.379741, -0.262120
            Color vertex (on layer 0): 0.439000 (red), 0.484900 (green), 0.938000 (blue)
            Texture UV (on layer 0): 0.594894, 0.351098
        Polygon 376
            Coordinates: -3.918899, -0.379741, -0.262120
            Color vertex (on layer 0): 0.439000 (red), 0.484900 (green), 0.938000 (blue)
            Texture UV (on layer 0): 0.594894, 0.351098
            Coordinates: -4.465008, 0.333439, -0.487071
            Color vertex (on layer 0): 0.439000 (red), 0.484900 (green), 0.938000 (blue)
            Texture UV (on layer 0): 0.433879, 0.388967
            Coordinates: -4.262448, -0.397055, -0.469820
            Color vertex (on layer 0): 0.439000 (red), 0.484900 (green), 0.938000 (blue)
            Texture UV (on layer 0): 0.560714, 0.405142
        Polygon 377
            Coordinates: -4.262448, -0.397055, -0.469820
            Color vertex (on layer 0): 0.439000 (red), 0.484900 (green), 0.938000 (blue)
            Texture UV (on layer 0): 0.560714, 0.405142
            Coordinates: -4.465008, 0.333439, -0.487071
            Color vertex (on layer 0): 0.439000 (red), 0.484900 (green), 0.938000 (blue)
            Texture UV (on layer 0): 0.433879, 0.388967
            Coordinates: -4.527711, -0.216977, -0.587674
            Color vertex (on layer 0): 0.439000 (red), 0.484900 (green), 0.938000 (blue)
            Texture UV (on layer 0): 0.446395, 0.391983
        Polygon 378
            Coordinates: -4.675907, 0.037913, -0.622709
            Color vertex (on layer 0): 0.439000 (red), 0.484900 (green), 0.938000 (blue)
            Texture UV (on layer 0): 0.525428, 0.348632
            Coordinates: -4.527711, -0.216977, -0.587674
            Color vertex (on layer 0): 0.439000 (red), 0.484900 (green), 0.938000 (blue)
            Texture UV (on layer 0): 0.446395, 0.391983
            Coordinates: -4.465008, 0.333439, -0.487071
            Color vertex (on layer 0): 0.439000 (red), 0.484900 (green), 0.938000 (blue)
            Texture UV (on layer 0): 0.433879, 0.388967
        Polygon 379
            Coordinates: -4.506985, 0.801128, -0.344172
            Color vertex (on layer 0): 0.439000 (red), 0.484900 (green), 0.938000 (blue)
            Texture UV (on layer 0): 0.453885, 0.402517
            Coordinates: -4.615044, 0.632125, -0.450732
            Color vertex (on layer 0): 0.439000 (red), 0.484900 (green), 0.938000 (blue)
            Texture UV (on layer 0): 0.422508, 0.387463
            Coordinates: -4.465008, 0.333439, -0.487071
            Color vertex (on layer 0): 0.439000 (red), 0.484900 (green), 0.938000 (blue)
            Texture UV (on layer 0): 0.433879, 0.388967
        Polygon 380
            Coordinates: -4.615044, 0.632125, -0.450732
            Color vertex (on layer 0): 0.439000 (red), 0.484900 (green), 0.938000 (blue)
            Texture UV (on layer 0): 0.422508, 0.387463
            Coordinates: -4.659794, 0.347466, -0.541984
            Color vertex (on layer 0): 0.439000 (red), 0.484900 (green), 0.938000 (blue)
            Texture UV (on layer 0): 0.433879, 0.388967
            Coordinates: -4.465008, 0.333439, -0.487071
            Color vertex (on layer 0): 0.439000 (red), 0.484900 (green), 0.938000 (blue)
            Texture UV (on layer 0): 0.433879, 0.388967
        Polygon 381
            Coordinates: -4.036495, 0.565832, -0.216106
            Color vertex (on layer 0): 1.000000 (red), 1.000000 (green), 1.000000 (blue)
            Texture UV (on layer 0): 0.551988, 0.441349
            Coordinates: -4.071233, 0.651618, -0.216556
            Color vertex (on layer 0): 1.000000 (red), 1.000000 (green), 1.000000 (blue)
            Texture UV (on layer 0): 0.453970, 0.386861
            Coordinates: -4.150037, 0.499843, -0.297646
            Color vertex (on layer 0): 1.000000 (red), 1.000000 (green), 1.000000 (blue)
            Texture UV (on layer 0): 0.573198, 0.412224
        Polygon 382
            Coordinates: -4.150037, 0.499843, -0.297646
            Color vertex (on layer 0): 1.000000 (red), 1.000000 (green), 1.000000 (blue)
            Texture UV (on layer 0): 0.573198, 0.412224
            Coordinates: -4.071233, 0.651618, -0.216556
            Color vertex (on layer 0): 1.000000 (red), 1.000000 (green), 1.000000 (blue)
            Texture UV (on layer 0): 0.453970, 0.386861
            Coordinates: -4.281951, 0.568754, -0.361272
            Color vertex (on layer 0): 1.000000 (red), 1.000000 (green), 1.000000 (blue)
            Texture UV (on layer 0): 0.446395, 0.391983
        Polygon 383
            Coordinates: -4.281951, 0.568754, -0.361272
            Color vertex (on layer 0): 1.000000 (red), 1.000000 (green), 1.000000 (blue)
            Texture UV (on layer 0): 0.446395, 0.391983
            Coordinates: -4.071233, 0.651618, -0.216556
            Color vertex (on layer 0): 1.000000 (red), 1.000000 (green), 1.000000 (blue)
            Texture UV (on layer 0): 0.453970, 0.386861
            Coordinates: -4.269223, 0.710278, -0.319555
            Color vertex (on layer 0): 1.000000 (red), 1.000000 (green), 1.000000 (blue)
            Texture UV (on layer 0): 0.448640, 0.383295
        Polygon 384
            Coordinates: -4.071233, 0.651618, -0.216556
            Color vertex (on layer 0): 1.000000 (red), 1.000000 (green), 1.000000 (blue)
            Texture UV (on layer 0): 0.453970, 0.386861
            Coordinates: -4.135255, 0.727239, -0.234540
            Color vertex (on layer 0): 1.000000 (red), 1.000000 (green), 1.000000 (blue)
            Texture UV (on layer 0): 0.451097, 0.409624
            Coordinates: -4.269223, 0.710278, -0.319555
            Color vertex (on layer 0): 1.000000 (red), 1.000000 (green), 1.000000 (blue)
            Texture UV (on layer 0): 0.448640, 0.383295
        Polygon 385
            Coordinates: -3.900164, 1.064041, -0.138158
            Color vertex (on layer 0): 0.000000 (red), 0.000000 (green), 0.000000 (blue)
            Texture UV (on layer 0): 0.558170, 0.336848
            Coordinates: -4.468606, 1.045212, -0.475902
            Color vertex (on layer 0): 0.000000 (red), 0.000000 (green), 0.000000 (blue)
            Texture UV (on layer 0): 0.443718, 0.404269
            Coordinates: -4.017457, 0.863106, -0.033525
            Color vertex (on layer 0): 0.439000 (red), 0.484900 (green), 0.938000 (blue)
            Texture UV (on layer 0): 0.551769, 0.462155
        Polygon 386
            Coordinates: -4.468606, 1.045212, -0.475902
            Color vertex (on layer 0): 0.000000 (red), 0.000000 (green), 0.000000 (blue)
            Texture UV (on layer 0): 0.443718, 0.404269
            Coordinates: -4.506985, 0.801128, -0.344172
            Color vertex (on layer 0): 0.439000 (red), 0.484900 (green), 0.938000 (blue)
            Texture UV (on layer 0): 0.453885, 0.402517
            Coordinates: -4.017457, 0.863106, -0.033525
            Color vertex (on layer 0): 0.439000 (red), 0.484900 (green), 0.938000 (blue)
            Texture UV (on layer 0): 0.551769, 0.462155
        Polygon 387
            Coordinates: -3.850250, 0.665593, 0.013448
            Color vertex (on layer 0): 0.439000 (red), 0.484900 (green), 0.938000 (blue)
            Texture UV (on layer 0): 0.542550, 0.452030
            Coordinates: -4.017457, 0.863106, -0.033525
            Color vertex (on layer 0): 0.439000 (red), 0.484900 (green), 0.938000 (blue)
            Texture UV (on layer 0): 0.551769, 0.462155
            Coordinates: -4.071233, 0.651618, -0.216556
            Color vertex (on layer 0): 1.000000 (red), 1.000000 (green), 1.000000 (blue)
            Texture UV (on layer 0): 0.453970, 0.386861
        Polygon 388
            Coordinates: -4.017457, 0.863106, -0.033525
            Color vertex (on layer 0): 0.439000 (red), 0.484900 (green), 0.938000 (blue)
            Texture UV (on layer 0): 0.551769, 0.462155
            Coordinates: -4.135255, 0.727239, -0.234540
            Color vertex (on layer 0): 1.000000 (red), 1.000000 (green), 1.000000 (blue)
            Texture UV (on layer 0): 0.451097, 0.409624
            Coordinates: -4.071233, 0.651618, -0.216556
            Color vertex (on layer 0): 1.000000 (red), 1.000000 (green), 1.000000 (blue)
            Texture UV (on layer 0): 0.453970, 0.386861
        Polygon 389
            Coordinates: -3.759517, 0.441523, 0.014618
            Color vertex (on layer 0): 0.439000 (red), 0.484900 (green), 0.938000 (blue)
            Texture UV (on layer 0): 0.594894, 0.351098
            Coordinates: -3.850250, 0.665593, 0.013448
            Color vertex (on layer 0): 0.439000 (red), 0.484900 (green), 0.938000 (blue)
            Texture UV (on layer 0): 0.542550, 0.452030
            Coordinates: -4.036495, 0.565832, -0.216106
            Color vertex (on layer 0): 1.000000 (red), 1.000000 (green), 1.000000 (blue)
            Texture UV (on layer 0): 0.551988, 0.441349
        Polygon 390
            Coordinates: -3.850250, 0.665593, 0.013448
            Color vertex (on layer 0): 0.439000 (red), 0.484900 (green), 0.938000 (blue)
            Texture UV (on layer 0): 0.542550, 0.452030
            Coordinates: -4.071233, 0.651618, -0.216556
            Color vertex (on layer 0): 1.000000 (red), 1.000000 (green), 1.000000 (blue)
            Texture UV (on layer 0): 0.453970, 0.386861
            Coordinates: -4.036495, 0.565832, -0.216106
            Color vertex (on layer 0): 1.000000 (red), 1.000000 (green), 1.000000 (blue)
            Texture UV (on layer 0): 0.551988, 0.441349
        Polygon 391
            Coordinates: -4.150037, 0.499843, -0.297646
            Color vertex (on layer 0): 1.000000 (red), 1.000000 (green), 1.000000 (blue)
            Texture UV (on layer 0): 0.573198, 0.412224
            Coordinates: -3.949018, 0.246954, -0.072856
            Color vertex (on layer 0): 0.439000 (red), 0.484900 (green), 0.938000 (blue)
            Texture UV (on layer 0): 0.558170, 0.336848
            Coordinates: -4.036495, 0.565832, -0.216106
            Color vertex (on layer 0): 1.000000 (red), 1.000000 (green), 1.000000 (blue)
            Texture UV (on layer 0): 0.551988, 0.441349
        Polygon 392
            Coordinates: -3.759517, 0.441523, 0.014618
            Color vertex (on layer 0): 0.439000 (red), 0.484900 (green), 0.938000 (blue)
            Texture UV (on layer 0): 0.594894, 0.351098
            Coordinates: -4.036495, 0.565832, -0.216106
            Color vertex (on layer 0): 1.000000 (red), 1.000000 (green), 1.000000 (blue)
            Texture UV (on layer 0): 0.551988, 0.441349
            Coordinates: -3.949018, 0.246954, -0.072856
            Color vertex (on layer 0): 0.439000 (red), 0.484900 (green), 0.938000 (blue)
            Texture UV (on layer 0): 0.558170, 0.336848
        Polygon 393
            Coordinates: -4.281951, 0.568754, -0.361272
            Color vertex (on layer 0): 1.000000 (red), 1.000000 (green), 1.000000 (blue)
            Texture UV (on layer 0): 0.446395, 0.391983
            Coordinates: -4.465008, 0.333439, -0.487071
            Color vertex (on layer 0): 0.439000 (red), 0.484900 (green), 0.938000 (blue)
            Texture UV (on layer 0): 0.433879, 0.388967
            Coordinates: -4.150037, 0.499843, -0.297646
            Color vertex (on layer 0): 1.000000 (red), 1.000000 (green), 1.000000 (blue)
            Texture UV (on layer 0): 0.573198, 0.412224
        Polygon 394
            Coordinates: -3.949018, 0.246954, -0.072856
            Color vertex (on layer 0): 0.439000 (red), 0.484900 (green), 0.938000 (blue)
            Texture UV (on layer 0): 0.558170, 0.336848
            Coordinates: -4.150037, 0.499843, -0.297646
            Color vertex (on layer 0): 1.000000 (red), 1.000000 (green), 1.000000 (blue)
            Texture UV (on layer 0): 0.573198, 0.412224
            Coordinates: -4.465008, 0.333439, -0.487071
            Color vertex (on layer 0): 0.439000 (red), 0.484900 (green), 0.938000 (blue)
            Texture UV (on layer 0): 0.433879, 0.388967
        Polygon 395
            Coordinates: -4.017457, 0.863106, -0.033525
            Color vertex (on layer 0): 0.439000 (red), 0.484900 (green), 0.938000 (blue)
            Texture UV (on layer 0): 0.551769, 0.462155
            Coordinates: -4.506985, 0.801128, -0.344172
            Color vertex (on layer 0): 0.439000 (red), 0.484900 (green), 0.938000 (blue)
            Texture UV (on layer 0): 0.453885, 0.402517
            Coordinates: -4.135255, 0.727239, -0.234540
            Color vertex (on layer 0): 1.000000 (red), 1.000000 (green), 1.000000 (blue)
            Texture UV (on layer 0): 0.451097, 0.409624
        Polygon 396
            Coordinates: -4.506985, 0.801128, -0.344172
            Color vertex (on layer 0): 0.439000 (red), 0.484900 (green), 0.938000 (blue)
            Texture UV (on layer 0): 0.453885, 0.402517
            Coordinates: -4.269223, 0.710278, -0.319555
            Color vertex (on layer 0): 1.000000 (red), 1.000000 (green), 1.000000 (blue)
            Texture UV (on layer 0): 0.448640, 0.383295
            Coordinates: -4.135255, 0.727239, -0.234540
            Color vertex (on layer 0): 1.000000 (red), 1.000000 (green), 1.000000 (blue)
            Texture UV (on layer 0): 0.451097, 0.409624
        Polygon 397
            Coordinates: -4.506985, 0.801128, -0.344172
            Color vertex (on layer 0): 0.439000 (red), 0.484900 (green), 0.938000 (blue)
            Texture UV (on layer 0): 0.453885, 0.402517
            Coordinates: -4.465008, 0.333439, -0.487071
            Color vertex (on layer 0): 0.439000 (red), 0.484900 (green), 0.938000 (blue)
            Texture UV (on layer 0): 0.433879, 0.388967
            Coordinates: -4.269223, 0.710278, -0.319555
            Color vertex (on layer 0): 1.000000 (red), 1.000000 (green), 1.000000 (blue)
            Texture UV (on layer 0): 0.448640, 0.383295
        Polygon 398
            Coordinates: -4.465008, 0.333439, -0.487071
            Color vertex (on layer 0): 0.439000 (red), 0.484900 (green), 0.938000 (blue)
            Texture UV (on layer 0): 0.433879, 0.388967
            Coordinates: -4.281951, 0.568754, -0.361272
            Color vertex (on layer 0): 1.000000 (red), 1.000000 (green), 1.000000 (blue)
            Texture UV (on layer 0): 0.446395, 0.391983
            Coordinates: -4.269223, 0.710278, -0.319555
            Color vertex (on layer 0): 1.000000 (red), 1.000000 (green), 1.000000 (blue)
            Texture UV (on layer 0): 0.448640, 0.383295
        Polygon 399
            Coordinates: 0.337796, -5.512824, 0.850439
            Color vertex (on layer 0): 1.000000 (red), 0.098000 (green), 0.589700 (blue)
            Texture UV (on layer 0): 0.508373, 0.323904
            Coordinates: -0.079108, -5.651153, 0.904887
            Color vertex (on layer 0): 1.000000 (red), 0.098000 (green), 0.589700 (blue)
            Texture UV (on layer 0): 0.511254, 0.354098
            Coordinates: 0.350383, -5.927471, 0.800772
            Color vertex (on layer 0): 1.000000 (red), 0.098000 (green), 0.589700 (blue)
            Texture UV (on layer 0): 0.494914, 0.343934
        Polygon 400
            Coordinates: 0.350383, -5.927471, 0.800772
            Color vertex (on layer 0): 1.000000 (red), 0.098000 (green), 0.589700 (blue)
            Texture UV (on layer 0): 0.494914, 0.343934
            Coordinates: -0.079108, -5.651153, 0.904887
            Color vertex (on layer 0): 1.000000 (red), 0.098000 (green), 0.589700 (blue)
            Texture UV (on layer 0): 0.511254, 0.354098
            Coordinates: -0.072767, -5.874412, 0.868507
            Color vertex (on layer 0): 1.000000 (red), 0.098000 (green), 0.589700 (blue)
            Texture UV (on layer 0): 0.431042, 0.334243
        Polygon 401
            Coordinates: 0.575134, -7.244278, 0.376458
            Color vertex (on layer 0): 1.000000 (red), 0.098000 (green), 0.589700 (blue)
            Texture UV (on layer 0): 0.385914, 0.398043
            Coordinates: 1.110161, -6.982990, 0.211315
            Color vertex (on layer 0): 1.000000 (red), 0.098000 (green), 0.589700 (blue)
            Texture UV (on layer 0): 0.399365, 0.402058
            Coordinates: 0.491935, -6.975770, 0.547323
            Color vertex (on layer 0): 1.000000 (red), 0.098000 (green), 0.589700 (blue)
            Texture UV (on layer 0): 0.399507, 0.384805
        Polygon 402
            Coordinates: 1.110161, -6.982990, 0.211315
            Color vertex (on layer 0): 1.000000 (red), 0.098000 (green), 0.589700 (blue)
            Texture UV (on layer 0): 0.399365, 0.402058
            Coordinates: 1.025823, -6.764158, 0.360569
            Color vertex (on layer 0): 1.000000 (red), 0.098000 (green), 0.589700 (blue)
            Texture UV (on layer 0): 0.393414, 0.414589
            Coordinates: 0.491935, -6.975770, 0.547323
            Color vertex (on layer 0): 1.000000 (red), 0.098000 (green), 0.589700 (blue)
            Texture UV (on layer 0): 0.399507, 0.384805
        Polygon 403
            Coordinates: 0.386860, -6.425016, 0.543692
            Color vertex (on layer 0): 0.588700 (red), 0.057700 (green), 0.347100 (blue)
            Texture UV (on layer 0): 0.427454, 0.351349
            Coordinates: 0.891858, -6.369611, 0.373815
            Color vertex (on layer 0): 0.588700 (red), 0.057700 (green), 0.347100 (blue)
            Texture UV (on layer 0): 0.579094, 0.396898
            Coordinates: 0.350383, -5.927471, 0.800772
            Color vertex (on layer 0): 1.000000 (red), 0.098000 (green), 0.589700 (blue)
            Texture UV (on layer 0): 0.494914, 0.343934
        Polygon 404
            Coordinates: 0.812543, -5.962764, 0.611052
            Color vertex (on layer 0): 1.000000 (red), 0.098000 (green), 0.589700 (blue)
            Texture UV (on layer 0): 0.413765, 0.328262
            Coordinates: 0.350383, -5.927471, 0.800772
            Color vertex (on layer 0): 1.000000 (red), 0.098000 (green), 0.589700 (blue)
            Texture UV (on layer 0): 0.494914, 0.343934
            Coordinates: 0.891858, -6.369611, 0.373815
            Color vertex (on layer 0): 0.588700 (red), 0.057700 (green), 0.347100 (blue)
            Texture UV (on layer 0): 0.579094, 0.396898
        Polygon 405
            Coordinates: 0.891858, -6.369611, 0.373815
            Color vertex (on layer 0): 0.588700 (red), 0.057700 (green), 0.347100 (blue)
            Texture UV (on layer 0): 0.579094, 0.396898
            Coordinates: 1.470428, -6.234502, 0.048890
            Color vertex (on layer 0): 0.588700 (red), 0.057700 (green), 0.347100 (blue)
            Texture UV (on layer 0): 0.632266, 0.588337
            Coordinates: 0.812543, -5.962764, 0.611052
            Color vertex (on layer 0): 1.000000 (red), 0.098000 (green), 0.589700 (blue)
            Texture UV (on layer 0): 0.413765, 0.328262
        Polygon 406
            Coordinates: 1.447739, -5.914135, 0.208926
            Color vertex (on layer 0): 1.000000 (red), 0.098000 (green), 0.589700 (blue)
            Texture UV (on layer 0): 0.421232, 0.350172
            Coordinates: 0.812543, -5.962764, 0.611052
            Color vertex (on layer 0): 1.000000 (red), 0.098000 (green), 0.589700 (blue)
            Texture UV (on layer 0): 0.413765, 0.328262
            Coordinates: 1.470428, -6.234502, 0.048890
            Color vertex (on layer 0): 0.588700 (red), 0.057700 (green), 0.347100 (blue)
            Texture UV (on layer 0): 0.632266, 0.588337
        Polygon 407
            Coordinates: 0.575134, -7.244278, 0.376458
            Color vertex (on layer 0): 1.000000 (red), 0.098000 (green), 0.589700 (blue)
            Texture UV (on layer 0): 0.385914, 0.398043
            Coordinates: 0.491935, -6.975770, 0.547323
            Color vertex (on layer 0): 1.000000 (red), 0.098000 (green), 0.589700 (blue)
            Texture UV (on layer 0): 0.399507, 0.384805
            Coordinates: -0.030242, -7.340672, 0.465608
            Color vertex (on layer 0): 1.000000 (red), 0.098000 (green), 0.589700 (blue)
            Texture UV (on layer 0): 0.396015, 0.397049
        Polygon 408
            Coordinates: 0.491935, -6.975770, 0.547323
            Color vertex (on layer 0): 1.000000 (red), 0.098000 (green), 0.589700 (blue)
            Texture UV (on layer 0): 0.399507, 0.384805
            Coordinates: -0.039174, -7.043289, 0.604455
            Color vertex (on layer 0): 1.000000 (red), 0.098000 (green), 0.589700 (blue)
            Texture UV (on layer 0): 0.395215, 0.360429
            Coordinates: -0.030242, -7.340672, 0.465608
            Color vertex (on layer 0): 1.000000 (red), 0.098000 (green), 0.589700 (blue)
            Texture UV (on layer 0): 0.396015, 0.397049
        Polygon 409
            Coordinates: 0.411771, -6.650222, 0.534000
            Color vertex (on layer 0): 0.588700 (red), 0.057700 (green), 0.347100 (blue)
            Texture UV (on layer 0): 0.625594, 0.577925
            Coordinates: 0.386860, -6.425016, 0.543692
            Color vertex (on layer 0): 0.588700 (red), 0.057700 (green), 0.347100 (blue)
            Texture UV (on layer 0): 0.427454, 0.351349
            Coordinates: -0.047830, -6.660913, 0.577302
            Color vertex (on layer 0): 0.588700 (red), 0.057700 (green), 0.347100 (blue)
            Texture UV (on layer 0): 0.618590, 0.564329
        Polygon 410
            Coordinates: 0.386860, -6.425016, 0.543692
            Color vertex (on layer 0): 0.588700 (red), 0.057700 (green), 0.347100 (blue)
            Texture UV (on layer 0): 0.427454, 0.351349
            Coordinates: -0.056307, -6.416677, 0.583590
            Color vertex (on layer 0): 0.588700 (red), 0.057700 (green), 0.347100 (blue)
            Texture UV (on layer 0): 0.431042, 0.334243
            Coordinates: -0.047830, -6.660913, 0.577302
            Color vertex (on layer 0): 0.588700 (red), 0.057700 (green), 0.347100 (blue)
            Texture UV (on layer 0): 0.618590, 0.564329
        Polygon 411
            Coordinates: 0.411771, -6.650222, 0.534000
            Color vertex (on layer 0): 0.588700 (red), 0.057700 (green), 0.347100 (blue)
            Texture UV (on layer 0): 0.625594, 0.577925
            Coordinates: 0.923851, -6.570225, 0.360780
            Color vertex (on layer 0): 0.588700 (red), 0.057700 (green), 0.347100 (blue)
            Texture UV (on layer 0): 0.391065, 0.381865
            Coordinates: 0.386860, -6.425016, 0.543692
            Color vertex (on layer 0): 0.588700 (red), 0.057700 (green), 0.347100 (blue)
            Texture UV (on layer 0): 0.427454, 0.351349
        Polygon 412
            Coordinates: 0.923851, -6.570225, 0.360780
            Color vertex (on layer 0): 0.588700 (red), 0.057700 (green), 0.347100 (blue)
            Texture UV (on layer 0): 0.391065, 0.381865
            Coordinates: 0.891858, -6.369611, 0.373815
            Color vertex (on layer 0): 0.588700 (red), 0.057700 (green), 0.347100 (blue)
            Texture UV (on layer 0): 0.579094, 0.396898
            Coordinates: 0.386860, -6.425016, 0.543692
            Color vertex (on layer 0): 0.588700 (red), 0.057700 (green), 0.347100 (blue)
            Texture UV (on layer 0): 0.427454, 0.351349
        Polygon 413
            Coordinates: 0.861289, -5.491625, 0.626906
            Color vertex (on layer 0): 1.000000 (red), 0.098000 (green), 0.589700 (blue)
            Texture UV (on layer 0): 0.420609, 0.317828
            Coordinates: 0.337796, -5.512824, 0.850439
            Color vertex (on layer 0): 1.000000 (red), 0.098000 (green), 0.589700 (blue)
            Texture UV (on layer 0): 0.508373, 0.323904
            Coordinates: 0.812543, -5.962764, 0.611052
            Color vertex (on layer 0): 1.000000 (red), 0.098000 (green), 0.589700 (blue)
            Texture UV (on layer 0): 0.413765, 0.328262
        Polygon 414
            Coordinates: 0.812543, -5.962764, 0.611052
            Color vertex (on layer 0): 1.000000 (red), 0.098000 (green), 0.589700 (blue)
            Texture UV (on layer 0): 0.413765, 0.328262
            Coordinates: 0.337796, -5.512824, 0.850439
            Color vertex (on layer 0): 1.000000 (red), 0.098000 (green), 0.589700 (blue)
            Texture UV (on layer 0): 0.508373, 0.323904
            Coordinates: 0.350383, -5.927471, 0.800772
            Color vertex (on layer 0): 1.000000 (red), 0.098000 (green), 0.589700 (blue)
            Texture UV (on layer 0): 0.494914, 0.343934
        Polygon 415
            Coordinates: 0.861289, -5.491625, 0.626906
            Color vertex (on layer 0): 1.000000 (red), 0.098000 (green), 0.589700 (blue)
            Texture UV (on layer 0): 0.420609, 0.317828
            Coordinates: 0.812543, -5.962764, 0.611052
            Color vertex (on layer 0): 1.000000 (red), 0.098000 (green), 0.589700 (blue)
            Texture UV (on layer 0): 0.413765, 0.328262
            Coordinates: 1.509232, -5.643215, 0.170613
            Color vertex (on layer 0): 1.000000 (red), 0.098000 (green), 0.589700 (blue)
            Texture UV (on layer 0): 0.418264, 0.353564
        Polygon 416
            Coordinates: 1.509232, -5.643215, 0.170613
            Color vertex (on layer 0): 1.000000 (red), 0.098000 (green), 0.589700 (blue)
            Texture UV (on layer 0): 0.418264, 0.353564
            Coordinates: 0.812543, -5.962764, 0.611052
            Color vertex (on layer 0): 1.000000 (red), 0.098000 (green), 0.589700 (blue)
            Texture UV (on layer 0): 0.413765, 0.328262
            Coordinates: 1.447739, -5.914135, 0.208926
            Color vertex (on layer 0): 1.000000 (red), 0.098000 (green), 0.589700 (blue)
            Texture UV (on layer 0): 0.421232, 0.350172
        Polygon 417
            Coordinates: 1.509232, -5.643215, 0.170613
            Color vertex (on layer 0): 1.000000 (red), 0.098000 (green), 0.589700 (blue)
            Texture UV (on layer 0): 0.418264, 0.353564
            Coordinates: 1.447739, -5.914135, 0.208926
            Color vertex (on layer 0): 1.000000 (red), 0.098000 (green), 0.589700 (blue)
            Texture UV (on layer 0): 0.421232, 0.350172
            Coordinates: 2.135774, -5.839451, -0.319665
            Color vertex (on layer 0): 1.000000 (red), 0.098000 (green), 0.589700 (blue)
            Texture UV (on layer 0): 0.609877, 0.599354
        Polygon 418
            Coordinates: 1.447739, -5.914135, 0.208926
            Color vertex (on layer 0): 1.000000 (red), 0.098000 (green), 0.589700 (blue)
            Texture UV (on layer 0): 0.421232, 0.350172
            Coordinates: 1.470428, -6.234502, 0.048890
            Color vertex (on layer 0): 0.588700 (red), 0.057700 (green), 0.347100 (blue)
            Texture UV (on layer 0): 0.632266, 0.588337
            Coordinates: 2.135774, -5.839451, -0.319665
            Color vertex (on layer 0): 1.000000 (red), 0.098000 (green), 0.589700 (blue)
            Texture UV (on layer 0): 0.609877, 0.599354
        Polygon 419
            Coordinates: 2.081264, -6.072978, -0.354201
            Color vertex (on layer 0): 0.588700 (red), 0.057700 (green), 0.347100 (blue)
            Texture UV (on layer 0): 0.618961, 0.619529
            Coordinates: 2.135774, -5.839451, -0.319665
            Color vertex (on layer 0): 1.000000 (red), 0.098000 (green), 0.589700 (blue)
            Texture UV (on layer 0): 0.609877, 0.599354
            Coordinates: 1.470428, -6.234502, 0.048890
            Color vertex (on layer 0): 0.588700 (red), 0.057700 (green), 0.347100 (blue)
            Texture UV (on layer 0): 0.632266, 0.588337
        Polygon 420
            Coordinates: 1.415975, -7.133404, -0.164345
            Color vertex (on layer 0): 1.000000 (red), 0.098000 (green), 0.589700 (blue)
            Texture UV (on layer 0): 0.399507, 0.384805
            Coordinates: 1.871292, -6.672536, -0.325921
            Color vertex (on layer 0): 1.000000 (red), 0.098000 (green), 0.589700 (blue)
            Texture UV (on layer 0): 0.385914, 0.398043
            Coordinates: 1.110161, -6.982990, 0.211315
            Color vertex (on layer 0): 1.000000 (red), 0.098000 (green), 0.589700 (blue)
            Texture UV (on layer 0): 0.399365, 0.402058
        Polygon 421
            Coordinates: 1.871292, -6.672536, -0.325921
            Color vertex (on layer 0): 1.000000 (red), 0.098000 (green), 0.589700 (blue)
            Texture UV (on layer 0): 0.385914, 0.398043
            Coordinates: 1.582493, -6.594171, -0.028362
            Color vertex (on layer 0): 1.000000 (red), 0.098000 (green), 0.589700 (blue)
            Texture UV (on layer 0): 0.396015, 0.397049
            Coordinates: 1.110161, -6.982990, 0.211315
            Color vertex (on layer 0): 1.000000 (red), 0.098000 (green), 0.589700 (blue)
            Texture UV (on layer 0): 0.399365, 0.402058
        Polygon 422
            Coordinates: 1.415975, -7.133404, -0.164345
            Color vertex (on layer 0): 1.000000 (red), 0.098000 (green), 0.589700 (blue)
            Texture UV (on layer 0): 0.399507, 0.384805
            Coordinates: 1.110161, -6.982990, 0.211315
            Color vertex (on layer 0): 1.000000 (red), 0.098000 (green), 0.589700 (blue)
            Texture UV (on layer 0): 0.399365, 0.402058
            Coordinates: 0.659266, -7.527677, 0.138229
            Color vertex (on layer 0): 1.000000 (red), 0.098000 (green), 0.589700 (blue)
            Texture UV (on layer 0): 0.391065, 0.381865
        Polygon 423
            Coordinates: 0.659266, -7.527677, 0.138229
            Color vertex (on layer 0): 1.000000 (red), 0.098000 (green), 0.589700 (blue)
            Texture UV (on layer 0): 0.391065, 0.381865
            Coordinates: 1.110161, -6.982990, 0.211315
            Color vertex (on layer 0): 1.000000 (red), 0.098000 (green), 0.589700 (blue)
            Texture UV (on layer 0): 0.399365, 0.402058
            Coordinates: 0.575134, -7.244278, 0.376458
            Color vertex (on layer 0): 1.000000 (red), 0.098000 (green), 0.589700 (blue)
            Texture UV (on layer 0): 0.385914, 0.398043
        Polygon 424
            Coordinates: 0.659266, -7.527677, 0.138229
            Color vertex (on layer 0): 1.000000 (red), 0.098000 (green), 0.589700 (blue)
            Texture UV (on layer 0): 0.391065, 0.381865
            Coordinates: 0.575134, -7.244278, 0.376458
            Color vertex (on layer 0): 1.000000 (red), 0.098000 (green), 0.589700 (blue)
            Texture UV (on layer 0): 0.385914, 0.398043
            Coordinates: -0.020291, -7.654585, 0.222337
            Color vertex (on layer 0): 1.000000 (red), 0.098000 (green), 0.589700 (blue)
            Texture UV (on layer 0): 0.385914, 0.398043
        Polygon 425
            Coordinates: -0.030242, -7.340672, 0.465608
            Color vertex (on layer 0): 1.000000 (red), 0.098000 (green), 0.589700 (blue)
            Texture UV (on layer 0): 0.396015, 0.397049
            Coordinates: -0.020291, -7.654585, 0.222337
            Color vertex (on layer 0): 1.000000 (red), 0.098000 (green), 0.589700 (blue)
            Texture UV (on layer 0): 0.385914, 0.398043
            Coordinates: 0.575134, -7.244278, 0.376458
            Color vertex (on layer 0): 1.000000 (red), 0.098000 (green), 0.589700 (blue)
            Texture UV (on layer 0): 0.385914, 0.398043
        Polygon 426
            Coordinates: 2.081264, -6.072978, -0.354201
            Color vertex (on layer 0): 0.588700 (red), 0.057700 (green), 0.347100 (blue)
            Texture UV (on layer 0): 0.618961, 0.619529
            Coordinates: 2.463229, -5.945171, -0.534935
            Color vertex (on layer 0): 1.000000 (red), 0.098000 (green), 0.589700 (blue)
            Texture UV (on layer 0): 0.384520, 0.357759
            Coordinates: 2.135774, -5.839451, -0.319665
            Color vertex (on layer 0): 1.000000 (red), 0.098000 (green), 0.589700 (blue)
            Texture UV (on layer 0): 0.609877, 0.599354
        Polygon 427
            Coordinates: 1.514933, -6.421923, 0.026091
            Color vertex (on layer 0): 0.588700 (red), 0.057700 (green), 0.347100 (blue)
            Texture UV (on layer 0): 0.386585, 0.370618
            Coordinates: 1.470428, -6.234502, 0.048890
            Color vertex (on layer 0): 0.588700 (red), 0.057700 (green), 0.347100 (blue)
            Texture UV (on layer 0): 0.632266, 0.588337
            Coordinates: 0.923851, -6.570225, 0.360780
            Color vertex (on layer 0): 0.588700 (red), 0.057700 (green), 0.347100 (blue)
            Texture UV (on layer 0): 0.391065, 0.381865
        Polygon 428
            Coordinates: 1.470428, -6.234502, 0.048890
            Color vertex (on layer 0): 0.588700 (red), 0.057700 (green), 0.347100 (blue)
            Texture UV (on layer 0): 0.632266, 0.588337
            Coordinates: 0.891858, -6.369611, 0.373815
            Color vertex (on layer 0): 0.588700 (red), 0.057700 (green), 0.347100 (blue)
            Texture UV (on layer 0): 0.579094, 0.396898
            Coordinates: 0.923851, -6.570225, 0.360780
            Color vertex (on layer 0): 0.588700 (red), 0.057700 (green), 0.347100 (blue)
            Texture UV (on layer 0): 0.391065, 0.381865
        Polygon 429
            Coordinates: 2.081264, -6.072978, -0.354201
            Color vertex (on layer 0): 0.588700 (red), 0.057700 (green), 0.347100 (blue)
            Texture UV (on layer 0): 0.618961, 0.619529
            Coordinates: 1.470428, -6.234502, 0.048890
            Color vertex (on layer 0): 0.588700 (red), 0.057700 (green), 0.347100 (blue)
            Texture UV (on layer 0): 0.632266, 0.588337
            Coordinates: 2.042202, -6.267788, -0.354864
            Color vertex (on layer 0): 0.588700 (red), 0.057700 (green), 0.347100 (blue)
            Texture UV (on layer 0): 0.399365, 0.402058
        Polygon 430
            Coordinates: 1.470428, -6.234502, 0.048890
            Color vertex (on layer 0): 0.588700 (red), 0.057700 (green), 0.347100 (blue)
            Texture UV (on layer 0): 0.632266, 0.588337
            Coordinates: 1.514933, -6.421923, 0.026091
            Color vertex (on layer 0): 0.588700 (red), 0.057700 (green), 0.347100 (blue)
            Texture UV (on layer 0): 0.386585, 0.370618
            Coordinates: 2.042202, -6.267788, -0.354864
            Color vertex (on layer 0): 0.588700 (red), 0.057700 (green), 0.347100 (blue)
            Texture UV (on layer 0): 0.399365, 0.402058
        Polygon 431
            Coordinates: -0.072767, -5.874412, 0.868507
            Color vertex (on layer 0): 1.000000 (red), 0.098000 (green), 0.589700 (blue)
            Texture UV (on layer 0): 0.431042, 0.334243
            Coordinates: -0.056307, -6.416677, 0.583590
            Color vertex (on layer 0): 0.588700 (red), 0.057700 (green), 0.347100 (blue)
            Texture UV (on layer 0): 0.431042, 0.334243
            Coordinates: 0.350383, -5.927471, 0.800772
            Color vertex (on layer 0): 1.000000 (red), 0.098000 (green), 0.589700 (blue)
            Texture UV (on layer 0): 0.494914, 0.343934
        Polygon 432
            Coordinates: 0.350383, -5.927471, 0.800772
            Color vertex (on layer 0): 1.000000 (red), 0.098000 (green), 0.589700 (blue)
            Texture UV (on layer 0): 0.494914, 0.343934
            Coordinates: -0.056307, -6.416677, 0.583590
            Color vertex (on layer 0): 0.588700 (red), 0.057700 (green), 0.347100 (blue)
            Texture UV (on layer 0): 0.431042, 0.334243
            Coordinates: 0.386860, -6.425016, 0.543692
            Color vertex (on layer 0): 0.588700 (red), 0.057700 (green), 0.347100 (blue)
            Texture UV (on layer 0): 0.427454, 0.351349
        Polygon 433
            Coordinates: 0.491935, -6.975770, 0.547323
            Color vertex (on layer 0): 1.000000 (red), 0.098000 (green), 0.589700 (blue)
            Texture UV (on layer 0): 0.399507, 0.384805
            Coordinates: 0.411771, -6.650222, 0.534000
            Color vertex (on layer 0): 0.588700 (red), 0.057700 (green), 0.347100 (blue)
            Texture UV (on layer 0): 0.625594, 0.577925
            Coordinates: -0.039174, -7.043289, 0.604455
            Color vertex (on layer 0): 1.000000 (red), 0.098000 (green), 0.589700 (blue)
            Texture UV (on layer 0): 0.395215, 0.360429
        Polygon 434
            Coordinates: 0.411771, -6.650222, 0.534000
            Color vertex (on layer 0): 0.588700 (red), 0.057700 (green), 0.347100 (blue)
            Texture UV (on layer 0): 0.625594, 0.577925
            Coordinates: -0.047830, -6.660913, 0.577302
            Color vertex (on layer 0): 0.588700 (red), 0.057700 (green), 0.347100 (blue)
            Texture UV (on layer 0): 0.618590, 0.564329
            Coordinates: -0.039174, -7.043289, 0.604455
            Color vertex (on layer 0): 1.000000 (red), 0.098000 (green), 0.589700 (blue)
            Texture UV (on layer 0): 0.395215, 0.360429
        Polygon 435
            Coordinates: 1.025823, -6.764158, 0.360569
            Color vertex (on layer 0): 1.000000 (red), 0.098000 (green), 0.589700 (blue)
            Texture UV (on layer 0): 0.393414, 0.414589
            Coordinates: 0.923851, -6.570225, 0.360780
            Color vertex (on layer 0): 0.588700 (red), 0.057700 (green), 0.347100 (blue)
            Texture UV (on layer 0): 0.391065, 0.381865
            Coordinates: 0.491935, -6.975770, 0.547323
            Color vertex (on layer 0): 1.000000 (red), 0.098000 (green), 0.589700 (blue)
            Texture UV (on layer 0): 0.399507, 0.384805
        Polygon 436
            Coordinates: 0.491935, -6.975770, 0.547323
            Color vertex (on layer 0): 1.000000 (red), 0.098000 (green), 0.589700 (blue)
            Texture UV (on layer 0): 0.399507, 0.384805
            Coordinates: 0.923851, -6.570225, 0.360780
            Color vertex (on layer 0): 0.588700 (red), 0.057700 (green), 0.347100 (blue)
            Texture UV (on layer 0): 0.391065, 0.381865
            Coordinates: 0.411771, -6.650222, 0.534000
            Color vertex (on layer 0): 0.588700 (red), 0.057700 (green), 0.347100 (blue)
            Texture UV (on layer 0): 0.625594, 0.577925
        Polygon 437
            Coordinates: 0.923851, -6.570225, 0.360780
            Color vertex (on layer 0): 0.588700 (red), 0.057700 (green), 0.347100 (blue)
            Texture UV (on layer 0): 0.391065, 0.381865
            Coordinates: 1.025823, -6.764158, 0.360569
            Color vertex (on layer 0): 1.000000 (red), 0.098000 (green), 0.589700 (blue)
            Texture UV (on layer 0): 0.393414, 0.414589
            Coordinates: 1.514933, -6.421923, 0.026091
            Color vertex (on layer 0): 0.588700 (red), 0.057700 (green), 0.347100 (blue)
            Texture UV (on layer 0): 0.386585, 0.370618
        Polygon 438
            Coordinates: 1.514933, -6.421923, 0.026091
            Color vertex (on layer 0): 0.588700 (red), 0.057700 (green), 0.347100 (blue)
            Texture UV (on layer 0): 0.386585, 0.370618
            Coordinates: 1.025823, -6.764158, 0.360569
            Color vertex (on layer 0): 1.000000 (red), 0.098000 (green), 0.589700 (blue)
            Texture UV (on layer 0): 0.393414, 0.414589
            Coordinates: 1.582493, -6.594171, -0.028362
            Color vertex (on layer 0): 1.000000 (red), 0.098000 (green), 0.589700 (blue)
            Texture UV (on layer 0): 0.396015, 0.397049
        Polygon 439
            Coordinates: 1.582493, -6.594171, -0.028362
            Color vertex (on layer 0): 1.000000 (red), 0.098000 (green), 0.589700 (blue)
            Texture UV (on layer 0): 0.396015, 0.397049
            Coordinates: 1.025823, -6.764158, 0.360569
            Color vertex (on layer 0): 1.000000 (red), 0.098000 (green), 0.589700 (blue)
            Texture UV (on layer 0): 0.393414, 0.414589
            Coordinates: 1.110161, -6.982990, 0.211315
            Color vertex (on layer 0): 1.000000 (red), 0.098000 (green), 0.589700 (blue)
            Texture UV (on layer 0): 0.399365, 0.402058
        Polygon 440
            Coordinates: 1.514933, -6.421923, 0.026091
            Color vertex (on layer 0): 0.588700 (red), 0.057700 (green), 0.347100 (blue)
            Texture UV (on layer 0): 0.386585, 0.370618
            Coordinates: 1.582493, -6.594171, -0.028362
            Color vertex (on layer 0): 1.000000 (red), 0.098000 (green), 0.589700 (blue)
            Texture UV (on layer 0): 0.396015, 0.397049
            Coordinates: 2.042202, -6.267788, -0.354864
            Color vertex (on layer 0): 0.588700 (red), 0.057700 (green), 0.347100 (blue)
            Texture UV (on layer 0): 0.399365, 0.402058
        Polygon 441
            Coordinates: 1.871292, -6.672536, -0.325921
            Color vertex (on layer 0): 1.000000 (red), 0.098000 (green), 0.589700 (blue)
            Texture UV (on layer 0): 0.385914, 0.398043
            Coordinates: 2.042202, -6.267788, -0.354864
            Color vertex (on layer 0): 0.588700 (red), 0.057700 (green), 0.347100 (blue)
            Texture UV (on layer 0): 0.399365, 0.402058
            Coordinates: 1.582493, -6.594171, -0.028362
            Color vertex (on layer 0): 1.000000 (red), 0.098000 (green), 0.589700 (blue)
            Texture UV (on layer 0): 0.396015, 0.397049
        Polygon 442
            Coordinates: -1.020639, -6.623738, 0.350300
            Color vertex (on layer 0): 0.588700 (red), 0.057700 (green), 0.347100 (blue)
            Texture UV (on layer 0): 0.385914, 0.398043
            Coordinates: -1.615344, -6.508070, 0.009216
            Color vertex (on layer 0): 0.588700 (red), 0.057700 (green), 0.347100 (blue)
            Texture UV (on layer 0): 0.391311, 0.392736
            Coordinates: -1.115223, -6.823083, 0.349031
            Color vertex (on layer 0): 1.000000 (red), 0.098000 (green), 0.589700 (blue)
            Texture UV (on layer 0): 0.385669, 0.385927
        Polygon 443
            Coordinates: -1.185786, -7.046178, 0.198945
            Color vertex (on layer 0): 1.000000 (red), 0.098000 (green), 0.589700 (blue)
            Texture UV (on layer 0): 0.391311, 0.392736
            Coordinates: -1.115223, -6.823083, 0.349031
            Color vertex (on layer 0): 1.000000 (red), 0.098000 (green), 0.589700 (blue)
            Texture UV (on layer 0): 0.385669, 0.385927
            Coordinates: -1.676178, -6.683854, -0.045930
            Color vertex (on layer 0): 1.000000 (red), 0.098000 (green), 0.589700 (blue)
            Texture UV (on layer 0): 0.399507, 0.384805
        Polygon 444
            Coordinates: -1.676178, -6.683854, -0.045930
            Color vertex (on layer 0): 1.000000 (red), 0.098000 (green), 0.589700 (blue)
            Texture UV (on layer 0): 0.399507, 0.384805
            Coordinates: -1.115223, -6.823083, 0.349031
            Color vertex (on layer 0): 1.000000 (red), 0.098000 (green), 0.589700 (blue)
            Texture UV (on layer 0): 0.385669, 0.385927
            Coordinates: -1.615344, -6.508070, 0.009216
            Color vertex (on layer 0): 0.588700 (red), 0.057700 (green), 0.347100 (blue)
            Texture UV (on layer 0): 0.391311, 0.392736
        Polygon 445
            Coordinates: -0.502378, -5.535945, 0.845912
            Color vertex (on layer 0): 1.000000 (red), 0.098000 (green), 0.589700 (blue)
            Texture UV (on layer 0): 0.419950, 0.339436
            Coordinates: -0.491603, -5.950644, 0.796231
            Color vertex (on layer 0): 1.000000 (red), 0.098000 (green), 0.589700 (blue)
            Texture UV (on layer 0): 0.427454, 0.351349
            Coordinates: -0.079108, -5.651153, 0.904887
            Color vertex (on layer 0): 1.000000 (red), 0.098000 (green), 0.589700 (blue)
            Texture UV (on layer 0): 0.511254, 0.354098
        Polygon 446
            Coordinates: -0.491603, -5.950644, 0.796231
            Color vertex (on layer 0): 1.000000 (red), 0.098000 (green), 0.589700 (blue)
            Texture UV (on layer 0): 0.427454, 0.351349
            Coordinates: -0.072767, -5.874412, 0.868507
            Color vertex (on layer 0): 1.000000 (red), 0.098000 (green), 0.589700 (blue)
            Texture UV (on layer 0): 0.431042, 0.334243
            Coordinates: -0.079108, -5.651153, 0.904887
            Color vertex (on layer 0): 1.000000 (red), 0.098000 (green), 0.589700 (blue)
            Texture UV (on layer 0): 0.511254, 0.354098
        Polygon 447
            Coordinates: -0.639008, -7.277693, 0.369912
            Color vertex (on layer 0): 1.000000 (red), 0.098000 (green), 0.589700 (blue)
            Texture UV (on layer 0): 0.385914, 0.398043
            Coordinates: -0.572547, -7.005066, 0.541587
            Color vertex (on layer 0): 1.000000 (red), 0.098000 (green), 0.589700 (blue)
            Texture UV (on layer 0): 0.385914, 0.398043
            Coordinates: -1.185786, -7.046178, 0.198945
            Color vertex (on layer 0): 1.000000 (red), 0.098000 (green), 0.589700 (blue)
            Texture UV (on layer 0): 0.391311, 0.392736
        Polygon 448
            Coordinates: -1.185786, -7.046178, 0.198945
            Color vertex (on layer 0): 1.000000 (red), 0.098000 (green), 0.589700 (blue)
            Texture UV (on layer 0): 0.391311, 0.392736
            Coordinates: -0.572547, -7.005066, 0.541587
            Color vertex (on layer 0): 1.000000 (red), 0.098000 (green), 0.589700 (blue)
            Texture UV (on layer 0): 0.385914, 0.398043
            Coordinates: -1.115223, -6.823083, 0.349031
            Color vertex (on layer 0): 1.000000 (red), 0.098000 (green), 0.589700 (blue)
            Texture UV (on layer 0): 0.385669, 0.385927
        Polygon 449
            Coordinates: -0.639008, -7.277693, 0.369912
            Color vertex (on layer 0): 1.000000 (red), 0.098000 (green), 0.589700 (blue)
            Texture UV (on layer 0): 0.385914, 0.398043
            Coordinates: -0.030242, -7.340672, 0.465608
            Color vertex (on layer 0): 1.000000 (red), 0.098000 (green), 0.589700 (blue)
            Texture UV (on layer 0): 0.396015, 0.397049
            Coordinates: -0.572547, -7.005066, 0.541587
            Color vertex (on layer 0): 1.000000 (red), 0.098000 (green), 0.589700 (blue)
            Texture UV (on layer 0): 0.385914, 0.398043
        Polygon 450
            Coordinates: -0.572547, -7.005066, 0.541587
            Color vertex (on layer 0): 1.000000 (red), 0.098000 (green), 0.589700 (blue)
            Texture UV (on layer 0): 0.385914, 0.398043
            Coordinates: -0.030242, -7.340672, 0.465608
            Color vertex (on layer 0): 1.000000 (red), 0.098000 (green), 0.589700 (blue)
            Texture UV (on layer 0): 0.396015, 0.397049
            Coordinates: -0.039174, -7.043289, 0.604455
            Color vertex (on layer 0): 1.000000 (red), 0.098000 (green), 0.589700 (blue)
            Texture UV (on layer 0): 0.395215, 0.360429
        Polygon 451
            Coordinates: -0.506830, -6.675501, 0.529049
            Color vertex (on layer 0): 0.588700 (red), 0.057700 (green), 0.347100 (blue)
            Texture UV (on layer 0): 0.393259, 0.373591
            Coordinates: -0.047830, -6.660913, 0.577302
            Color vertex (on layer 0): 0.588700 (red), 0.057700 (green), 0.347100 (blue)
            Texture UV (on layer 0): 0.618590, 0.564329
            Coordinates: -0.497888, -6.449365, 0.538922
            Color vertex (on layer 0): 0.588700 (red), 0.057700 (green), 0.347100 (blue)
            Texture UV (on layer 0): 0.560714, 0.405142
        Polygon 452
            Coordinates: -0.047830, -6.660913, 0.577302
            Color vertex (on layer 0): 0.588700 (red), 0.057700 (green), 0.347100 (blue)
            Texture UV (on layer 0): 0.618590, 0.564329
            Coordinates: -0.056307, -6.416677, 0.583590
            Color vertex (on layer 0): 0.588700 (red), 0.057700 (green), 0.347100 (blue)
            Texture UV (on layer 0): 0.431042, 0.334243
            Coordinates: -0.497888, -6.449365, 0.538922
            Color vertex (on layer 0): 0.588700 (red), 0.057700 (green), 0.347100 (blue)
            Texture UV (on layer 0): 0.560714, 0.405142
        Polygon 453
            Coordinates: -0.506830, -6.675501, 0.529049
            Color vertex (on layer 0): 0.588700 (red), 0.057700 (green), 0.347100 (blue)
            Texture UV (on layer 0): 0.393259, 0.373591
            Coordinates: -0.497888, -6.449365, 0.538922
            Color vertex (on layer 0): 0.588700 (red), 0.057700 (green), 0.347100 (blue)
            Texture UV (on layer 0): 0.560714, 0.405142
            Coordinates: -1.020639, -6.623738, 0.350300
            Color vertex (on layer 0): 0.588700 (red), 0.057700 (green), 0.347100 (blue)
            Texture UV (on layer 0): 0.385914, 0.398043
        Polygon 454
            Coordinates: -0.497888, -6.449365, 0.538922
            Color vertex (on layer 0): 0.588700 (red), 0.057700 (green), 0.347100 (blue)
            Texture UV (on layer 0): 0.560714, 0.405142
            Coordinates: -1.003311, -6.421769, 0.363601
            Color vertex (on layer 0): 0.588700 (red), 0.057700 (green), 0.347100 (blue)
            Texture UV (on layer 0): 0.399507, 0.384805
            Coordinates: -1.020639, -6.623738, 0.350300
            Color vertex (on layer 0): 0.588700 (red), 0.057700 (green), 0.347100 (blue)
            Texture UV (on layer 0): 0.385914, 0.398043
        Polygon 455
            Coordinates: -1.023805, -5.543505, 0.616747
            Color vertex (on layer 0): 1.000000 (red), 0.098000 (green), 0.589700 (blue)
            Texture UV (on layer 0): 0.632266, 0.588337
            Coordinates: -0.949054, -6.011247, 0.601558
            Color vertex (on layer 0): 1.000000 (red), 0.098000 (green), 0.589700 (blue)
            Texture UV (on layer 0): 0.570801, 0.381736
            Coordinates: -0.502378, -5.535945, 0.845912
            Color vertex (on layer 0): 1.000000 (red), 0.098000 (green), 0.589700 (blue)
            Texture UV (on layer 0): 0.419950, 0.339436
        Polygon 456
            Coordinates: -0.949054, -6.011247, 0.601558
            Color vertex (on layer 0): 1.000000 (red), 0.098000 (green), 0.589700 (blue)
            Texture UV (on layer 0): 0.570801, 0.381736
            Coordinates: -0.491603, -5.950644, 0.796231
            Color vertex (on layer 0): 1.000000 (red), 0.098000 (green), 0.589700 (blue)
            Texture UV (on layer 0): 0.427454, 0.351349
            Coordinates: -0.502378, -5.535945, 0.845912
            Color vertex (on layer 0): 1.000000 (red), 0.098000 (green), 0.589700 (blue)
            Texture UV (on layer 0): 0.419950, 0.339436
        Polygon 457
            Coordinates: -1.023805, -5.543505, 0.616747
            Color vertex (on layer 0): 1.000000 (red), 0.098000 (green), 0.589700 (blue)
            Texture UV (on layer 0): 0.632266, 0.588337
            Coordinates: -1.657477, -5.730370, 0.153546
            Color vertex (on layer 0): 1.000000 (red), 0.098000 (green), 0.589700 (blue)
            Texture UV (on layer 0): 0.393259, 0.373591
            Coordinates: -0.949054, -6.011247, 0.601558
            Color vertex (on layer 0): 1.000000 (red), 0.098000 (green), 0.589700 (blue)
            Texture UV (on layer 0): 0.570801, 0.381736
        Polygon 458
            Coordinates: -1.657477, -5.730370, 0.153546
            Color vertex (on layer 0): 1.000000 (red), 0.098000 (green), 0.589700 (blue)
            Texture UV (on layer 0): 0.393259, 0.373591
            Coordinates: -1.581595, -5.997504, 0.192594
            Color vertex (on layer 0): 1.000000 (red), 0.098000 (green), 0.589700 (blue)
            Texture UV (on layer 0): 0.400374, 0.375211
            Coordinates: -0.949054, -6.011247, 0.601558
            Color vertex (on layer 0): 1.000000 (red), 0.098000 (green), 0.589700 (blue)
            Texture UV (on layer 0): 0.570801, 0.381736
        Polygon 459
            Coordinates: -1.478800, -7.213074, -0.179951
            Color vertex (on layer 0): 1.000000 (red), 0.098000 (green), 0.589700 (blue)
            Texture UV (on layer 0): 0.379629, 0.371577
            Coordinates: -1.185786, -7.046178, 0.198945
            Color vertex (on layer 0): 1.000000 (red), 0.098000 (green), 0.589700 (blue)
            Texture UV (on layer 0): 0.391311, 0.392736
            Coordinates: -1.950365, -6.777711, -0.346523
            Color vertex (on layer 0): 1.000000 (red), 0.098000 (green), 0.589700 (blue)
            Texture UV (on layer 0): 0.397735, 0.390568
        Polygon 460
            Coordinates: -1.185786, -7.046178, 0.198945
            Color vertex (on layer 0): 1.000000 (red), 0.098000 (green), 0.589700 (blue)
            Texture UV (on layer 0): 0.391311, 0.392736
            Coordinates: -1.676178, -6.683854, -0.045930
            Color vertex (on layer 0): 1.000000 (red), 0.098000 (green), 0.589700 (blue)
            Texture UV (on layer 0): 0.399507, 0.384805
            Coordinates: -1.950365, -6.777711, -0.346523
            Color vertex (on layer 0): 1.000000 (red), 0.098000 (green), 0.589700 (blue)
            Texture UV (on layer 0): 0.397735, 0.390568
        Polygon 461
            Coordinates: -1.478800, -7.213074, -0.179951
            Color vertex (on layer 0): 1.000000 (red), 0.098000 (green), 0.589700 (blue)
            Texture UV (on layer 0): 0.379629, 0.371577
            Coordinates: -0.704854, -7.565219, 0.130875
            Color vertex (on layer 0): 1.000000 (red), 0.098000 (green), 0.589700 (blue)
            Texture UV (on layer 0): 0.391311, 0.392736
            Coordinates: -1.185786, -7.046178, 0.198945
            Color vertex (on layer 0): 1.000000 (red), 0.098000 (green), 0.589700 (blue)
            Texture UV (on layer 0): 0.391311, 0.392736
        Polygon 462
            Coordinates: -0.704854, -7.565219, 0.130875
            Color vertex (on layer 0): 1.000000 (red), 0.098000 (green), 0.589700 (blue)
            Texture UV (on layer 0): 0.391311, 0.392736
            Coordinates: -0.639008, -7.277693, 0.369912
            Color vertex (on layer 0): 1.000000 (red), 0.098000 (green), 0.589700 (blue)
            Texture UV (on layer 0): 0.385914, 0.398043
            Coordinates: -1.185786, -7.046178, 0.198945
            Color vertex (on layer 0): 1.000000 (red), 0.098000 (green), 0.589700 (blue)
            Texture UV (on layer 0): 0.391311, 0.392736
        Polygon 463
            Coordinates: -0.704854, -7.565219, 0.130875
            Color vertex (on layer 0): 1.000000 (red), 0.098000 (green), 0.589700 (blue)
            Texture UV (on layer 0): 0.391311, 0.392736
            Coordinates: -0.020291, -7.654585, 0.222337
            Color vertex (on layer 0): 1.000000 (red), 0.098000 (green), 0.589700 (blue)
            Texture UV (on layer 0): 0.385914, 0.398043
            Coordinates: -0.639008, -7.277693, 0.369912
            Color vertex (on layer 0): 1.000000 (red), 0.098000 (green), 0.589700 (blue)
            Texture UV (on layer 0): 0.385914, 0.398043
        Polygon 464
            Coordinates: -0.030242, -7.340672, 0.465608
            Color vertex (on layer 0): 1.000000 (red), 0.098000 (green), 0.589700 (blue)
            Texture UV (on layer 0): 0.396015, 0.397049
            Coordinates: -0.639008, -7.277693, 0.369912
            Color vertex (on layer 0): 1.000000 (red), 0.098000 (green), 0.589700 (blue)
            Texture UV (on layer 0): 0.385914, 0.398043
            Coordinates: -0.020291, -7.654585, 0.222337
            Color vertex (on layer 0): 1.000000 (red), 0.098000 (green), 0.589700 (blue)
            Texture UV (on layer 0): 0.385914, 0.398043
        Polygon 465
            Coordinates: -1.615344, -6.508070, 0.009216
            Color vertex (on layer 0): 0.588700 (red), 0.057700 (green), 0.347100 (blue)
            Texture UV (on layer 0): 0.391311, 0.392736
            Coordinates: -1.020639, -6.623738, 0.350300
            Color vertex (on layer 0): 0.588700 (red), 0.057700 (green), 0.347100 (blue)
            Texture UV (on layer 0): 0.385914, 0.398043
            Coordinates: -1.584904, -6.318588, 0.032420
            Color vertex (on layer 0): 0.588700 (red), 0.057700 (green), 0.347100 (blue)
            Texture UV (on layer 0): 0.393414, 0.414589
        Polygon 466
            Coordinates: -1.020639, -6.623738, 0.350300
            Color vertex (on layer 0): 0.588700 (red), 0.057700 (green), 0.347100 (blue)
            Texture UV (on layer 0): 0.385914, 0.398043
            Coordinates: -1.003311, -6.421769, 0.363601
            Color vertex (on layer 0): 0.588700 (red), 0.057700 (green), 0.347100 (blue)
            Texture UV (on layer 0): 0.399507, 0.384805
            Coordinates: -1.584904, -6.318588, 0.032420
            Color vertex (on layer 0): 0.588700 (red), 0.057700 (green), 0.347100 (blue)
            Texture UV (on layer 0): 0.393414, 0.414589
        Polygon 467
            Coordinates: -2.199319, -6.190785, -0.377271
            Color vertex (on layer 0): 0.588700 (red), 0.057700 (green), 0.347100 (blue)
            Texture UV (on layer 0): 0.391311, 0.392736
            Coordinates: -2.146158, -6.383058, -0.377440
            Color vertex (on layer 0): 0.588700 (red), 0.057700 (green), 0.347100 (blue)
            Texture UV (on layer 0): 0.385669, 0.385927
            Coordinates: -1.584904, -6.318588, 0.032420
            Color vertex (on layer 0): 0.588700 (red), 0.057700 (green), 0.347100 (blue)
            Texture UV (on layer 0): 0.393414, 0.414589
        Polygon 468
            Coordinates: -2.146158, -6.383058, -0.377440
            Color vertex (on layer 0): 0.588700 (red), 0.057700 (green), 0.347100 (blue)
            Texture UV (on layer 0): 0.385669, 0.385927
            Coordinates: -1.615344, -6.508070, 0.009216
            Color vertex (on layer 0): 0.588700 (red), 0.057700 (green), 0.347100 (blue)
            Texture UV (on layer 0): 0.391311, 0.392736
            Coordinates: -1.584904, -6.318588, 0.032420
            Color vertex (on layer 0): 0.588700 (red), 0.057700 (green), 0.347100 (blue)
            Texture UV (on layer 0): 0.393414, 0.414589
        Polygon 469
            Coordinates: -1.615344, -6.508070, 0.009216
            Color vertex (on layer 0): 0.588700 (red), 0.057700 (green), 0.347100 (blue)
            Texture UV (on layer 0): 0.391311, 0.392736
            Coordinates: -2.146158, -6.383058, -0.377440
            Color vertex (on layer 0): 0.588700 (red), 0.057700 (green), 0.347100 (blue)
            Texture UV (on layer 0): 0.385669, 0.385927
            Coordinates: -1.676178, -6.683854, -0.045930
            Color vertex (on layer 0): 1.000000 (red), 0.098000 (green), 0.589700 (blue)
            Texture UV (on layer 0): 0.399507, 0.384805
        Polygon 470
            Coordinates: -2.146158, -6.383058, -0.377440
            Color vertex (on layer 0): 0.588700 (red), 0.057700 (green), 0.347100 (blue)
            Texture UV (on layer 0): 0.385669, 0.385927
            Coordinates: -1.950365, -6.777711, -0.346523
            Color vertex (on layer 0): 1.000000 (red), 0.098000 (green), 0.589700 (blue)
            Texture UV (on layer 0): 0.397735, 0.390568
            Coordinates: -1.676178, -6.683854, -0.045930
            Color vertex (on layer 0): 1.000000 (red), 0.098000 (green), 0.589700 (blue)
            Texture UV (on layer 0): 0.399507, 0.384805
        Polygon 471
            Coordinates: -0.072767, -5.874412, 0.868507
            Color vertex (on layer 0): 1.000000 (red), 0.098000 (green), 0.589700 (blue)
            Texture UV (on layer 0): 0.431042, 0.334243
            Coordinates: -0.491603, -5.950644, 0.796231
            Color vertex (on layer 0): 1.000000 (red), 0.098000 (green), 0.589700 (blue)
            Texture UV (on layer 0): 0.427454, 0.351349
            Coordinates: -0.056307, -6.416677, 0.583590
            Color vertex (on layer 0): 0.588700 (red), 0.057700 (green), 0.347100 (blue)
            Texture UV (on layer 0): 0.431042, 0.334243
        Polygon 472
            Coordinates: -0.497888, -6.449365, 0.538922
            Color vertex (on layer 0): 0.588700 (red), 0.057700 (green), 0.347100 (blue)
            Texture UV (on layer 0): 0.560714, 0.405142
            Coordinates: -0.056307, -6.416677, 0.583590
            Color vertex (on layer 0): 0.588700 (red), 0.057700 (green), 0.347100 (blue)
            Texture UV (on layer 0): 0.431042, 0.334243
            Coordinates: -0.491603, -5.950644, 0.796231
            Color vertex (on layer 0): 1.000000 (red), 0.098000 (green), 0.589700 (blue)
            Texture UV (on layer 0): 0.427454, 0.351349
        Polygon 473
            Coordinates: -0.497888, -6.449365, 0.538922
            Color vertex (on layer 0): 0.588700 (red), 0.057700 (green), 0.347100 (blue)
            Texture UV (on layer 0): 0.560714, 0.405142
            Coordinates: -0.491603, -5.950644, 0.796231
            Color vertex (on layer 0): 1.000000 (red), 0.098000 (green), 0.589700 (blue)
            Texture UV (on layer 0): 0.427454, 0.351349
            Coordinates: -1.003311, -6.421769, 0.363601
            Color vertex (on layer 0): 0.588700 (red), 0.057700 (green), 0.347100 (blue)
            Texture UV (on layer 0): 0.399507, 0.384805
        Polygon 474
            Coordinates: -1.003311, -6.421769, 0.363601
            Color vertex (on layer 0): 0.588700 (red), 0.057700 (green), 0.347100 (blue)
            Texture UV (on layer 0): 0.399507, 0.384805
            Coordinates: -0.491603, -5.950644, 0.796231
            Color vertex (on layer 0): 1.000000 (red), 0.098000 (green), 0.589700 (blue)
            Texture UV (on layer 0): 0.427454, 0.351349
            Coordinates: -0.949054, -6.011247, 0.601558
            Color vertex (on layer 0): 1.000000 (red), 0.098000 (green), 0.589700 (blue)
            Texture UV (on layer 0): 0.570801, 0.381736
        Polygon 475
            Coordinates: -1.003311, -6.421769, 0.363601
            Color vertex (on layer 0): 0.588700 (red), 0.057700 (green), 0.347100 (blue)
            Texture UV (on layer 0): 0.399507, 0.384805
            Coordinates: -0.949054, -6.011247, 0.601558
            Color vertex (on layer 0): 1.000000 (red), 0.098000 (green), 0.589700 (blue)
            Texture UV (on layer 0): 0.570801, 0.381736
            Coordinates: -1.584904, -6.318588, 0.032420
            Color vertex (on layer 0): 0.588700 (red), 0.057700 (green), 0.347100 (blue)
            Texture UV (on layer 0): 0.393414, 0.414589
        Polygon 476
            Coordinates: -1.584904, -6.318588, 0.032420
            Color vertex (on layer 0): 0.588700 (red), 0.057700 (green), 0.347100 (blue)
            Texture UV (on layer 0): 0.393414, 0.414589
            Coordinates: -0.949054, -6.011247, 0.601558
            Color vertex (on layer 0): 1.000000 (red), 0.098000 (green), 0.589700 (blue)
            Texture UV (on layer 0): 0.570801, 0.381736
            Coordinates: -1.581595, -5.997504, 0.192594
            Color vertex (on layer 0): 1.000000 (red), 0.098000 (green), 0.589700 (blue)
            Texture UV (on layer 0): 0.400374, 0.375211
        Polygon 477
            Coordinates: -1.657477, -5.730370, 0.153546
            Color vertex (on layer 0): 1.000000 (red), 0.098000 (green), 0.589700 (blue)
            Texture UV (on layer 0): 0.393259, 0.373591
            Coordinates: -2.266961, -5.960618, -0.343398
            Color vertex (on layer 0): 1.000000 (red), 0.098000 (green), 0.589700 (blue)
            Texture UV (on layer 0): 0.384275, 0.407097
            Coordinates: -1.581595, -5.997504, 0.192594
            Color vertex (on layer 0): 1.000000 (red), 0.098000 (green), 0.589700 (blue)
            Texture UV (on layer 0): 0.400374, 0.375211
        Polygon 478
            Coordinates: -1.581595, -5.997504, 0.192594
            Color vertex (on layer 0): 1.000000 (red), 0.098000 (green), 0.589700 (blue)
            Texture UV (on layer 0): 0.400374, 0.375211
            Coordinates: -2.266961, -5.960618, -0.343398
            Color vertex (on layer 0): 1.000000 (red), 0.098000 (green), 0.589700 (blue)
            Texture UV (on layer 0): 0.384275, 0.407097
            Coordinates: -1.584904, -6.318588, 0.032420
            Color vertex (on layer 0): 0.588700 (red), 0.057700 (green), 0.347100 (blue)
            Texture UV (on layer 0): 0.393414, 0.414589
        Polygon 479
            Coordinates: -2.266961, -5.960618, -0.343398
            Color vertex (on layer 0): 1.000000 (red), 0.098000 (green), 0.589700 (blue)
            Texture UV (on layer 0): 0.384275, 0.407097
            Coordinates: -2.199319, -6.190785, -0.377271
            Color vertex (on layer 0): 0.588700 (red), 0.057700 (green), 0.347100 (blue)
            Texture UV (on layer 0): 0.391311, 0.392736
            Coordinates: -1.584904, -6.318588, 0.032420
            Color vertex (on layer 0): 0.588700 (red), 0.057700 (green), 0.347100 (blue)
            Texture UV (on layer 0): 0.393414, 0.414589
        Polygon 480
            Coordinates: -2.585767, -6.084125, -0.562148
            Color vertex (on layer 0): 1.000000 (red), 0.098000 (green), 0.589700 (blue)
            Texture UV (on layer 0): 0.370631, 0.385345
            Coordinates: -2.199319, -6.190785, -0.377271
            Color vertex (on layer 0): 0.588700 (red), 0.057700 (green), 0.347100 (blue)
            Texture UV (on layer 0): 0.391311, 0.392736
            Coordinates: -2.266961, -5.960618, -0.343398
            Color vertex (on layer 0): 1.000000 (red), 0.098000 (green), 0.589700 (blue)
            Texture UV (on layer 0): 0.384275, 0.407097
        Polygon 481
            Coordinates: -0.572547, -7.005066, 0.541587
            Color vertex (on layer 0): 1.000000 (red), 0.098000 (green), 0.589700 (blue)
            Texture UV (on layer 0): 0.385914, 0.398043
            Coordinates: -0.039174, -7.043289, 0.604455
            Color vertex (on layer 0): 1.000000 (red), 0.098000 (green), 0.589700 (blue)
            Texture UV (on layer 0): 0.395215, 0.360429
            Coordinates: -0.506830, -6.675501, 0.529049
            Color vertex (on layer 0): 0.588700 (red), 0.057700 (green), 0.347100 (blue)
            Texture UV (on layer 0): 0.393259, 0.373591
        Polygon 482
            Coordinates: -0.039174, -7.043289, 0.604455
            Color vertex (on layer 0): 1.000000 (red), 0.098000 (green), 0.589700 (blue)
            Texture UV (on layer 0): 0.395215, 0.360429
            Coordinates: -0.047830, -6.660913, 0.577302
            Color vertex (on layer 0): 0.588700 (red), 0.057700 (green), 0.347100 (blue)
            Texture UV (on layer 0): 0.618590, 0.564329
            Coordinates: -0.506830, -6.675501, 0.529049
            Color vertex (on layer 0): 0.588700 (red), 0.057700 (green), 0.347100 (blue)
            Texture UV (on layer 0): 0.393259, 0.373591
        Polygon 483
            Coordinates: -1.115223, -6.823083, 0.349031
            Color vertex (on layer 0): 1.000000 (red), 0.098000 (green), 0.589700 (blue)
            Texture UV (on layer 0): 0.385669, 0.385927
            Coordinates: -0.572547, -7.005066, 0.541587
            Color vertex (on layer 0): 1.000000 (red), 0.098000 (green), 0.589700 (blue)
            Texture UV (on layer 0): 0.385914, 0.398043
            Coordinates: -1.020639, -6.623738, 0.350300
            Color vertex (on layer 0): 0.588700 (red), 0.057700 (green), 0.347100 (blue)
            Texture UV (on layer 0): 0.385914, 0.398043
        Polygon 484
            Coordinates: -0.572547, -7.005066, 0.541587
            Color vertex (on layer 0): 1.000000 (red), 0.098000 (green), 0.589700 (blue)
            Texture UV (on layer 0): 0.385914, 0.398043
            Coordinates: -0.506830, -6.675501, 0.529049
            Color vertex (on layer 0): 0.588700 (red), 0.057700 (green), 0.347100 (blue)
            Texture UV (on layer 0): 0.393259, 0.373591
            Coordinates: -1.020639, -6.623738, 0.350300
            Color vertex (on layer 0): 0.588700 (red), 0.057700 (green), 0.347100 (blue)
            Texture UV (on layer 0): 0.385914, 0.398043
        Polygon 485
            Coordinates: -2.485072, 3.225626, 1.013710
            Color vertex (on layer 0): 0.354600 (red), 0.290300 (green), 0.198200 (blue)
            Texture UV (on layer 0): 0.385669, 0.385927
            Coordinates: -3.097841, 3.672564, 0.803560
            Color vertex (on layer 0): 0.354600 (red), 0.290300 (green), 0.198200 (blue)
            Texture UV (on layer 0): 0.383514, 0.378089
            Coordinates: -2.989667, 2.898587, 0.741408
            Color vertex (on layer 0): 0.354600 (red), 0.290300 (green), 0.198200 (blue)
            Texture UV (on layer 0): 0.383514, 0.378089
        Polygon 486
            Coordinates: -2.989667, 2.898587, 0.741408
            Color vertex (on layer 0): 0.354600 (red), 0.290300 (green), 0.198200 (blue)
            Texture UV (on layer 0): 0.383514, 0.378089
            Coordinates: -3.097841, 3.672564, 0.803560
            Color vertex (on layer 0): 0.354600 (red), 0.290300 (green), 0.198200 (blue)
            Texture UV (on layer 0): 0.383514, 0.378089
            Coordinates: -3.338246, 3.203711, 0.617901
            Color vertex (on layer 0): 0.354600 (red), 0.290300 (green), 0.198200 (blue)
            Texture UV (on layer 0): 0.370631, 0.385345
        Polygon 487
            Coordinates: -2.989667, 2.898587, 0.741408
            Color vertex (on layer 0): 0.354600 (red), 0.290300 (green), 0.198200 (blue)
            Texture UV (on layer 0): 0.383514, 0.378089
            Coordinates: -2.555661, 2.517313, 0.807595
            Color vertex (on layer 0): 0.354600 (red), 0.290300 (green), 0.198200 (blue)
            Texture UV (on layer 0): 0.400374, 0.375211
            Coordinates: -2.485072, 3.225626, 1.013710
            Color vertex (on layer 0): 0.354600 (red), 0.290300 (green), 0.198200 (blue)
            Texture UV (on layer 0): 0.385669, 0.385927
        Polygon 488
            Coordinates: -2.555661, 2.517313, 0.807595
            Color vertex (on layer 0): 0.354600 (red), 0.290300 (green), 0.198200 (blue)
            Texture UV (on layer 0): 0.400374, 0.375211
            Coordinates: -2.261174, 2.519512, 0.905772
            Color vertex (on layer 0): 0.354600 (red), 0.290300 (green), 0.198200 (blue)
            Texture UV (on layer 0): 0.395215, 0.360429
            Coordinates: -2.485072, 3.225626, 1.013710
            Color vertex (on layer 0): 0.354600 (red), 0.290300 (green), 0.198200 (blue)
            Texture UV (on layer 0): 0.385669, 0.385927
        Polygon 489
            Coordinates: -4.977396, 4.173302, -0.305362
            Color vertex (on layer 0): 0.354600 (red), 0.290300 (green), 0.198200 (blue)
            Texture UV (on layer 0): 0.646435, 0.592950
            Coordinates: -5.778562, 4.127466, -0.892071
            Color vertex (on layer 0): 0.354600 (red), 0.290300 (green), 0.198200 (blue)
            Texture UV (on layer 0): 0.632266, 0.588337
            Coordinates: -4.970268, 3.780411, -0.387889
            Color vertex (on layer 0): 0.354600 (red), 0.290300 (green), 0.198200 (blue)
            Texture UV (on layer 0): 0.400374, 0.375211
        Polygon 490
            Coordinates: -4.970268, 3.780411, -0.387889
            Color vertex (on layer 0): 0.354600 (red), 0.290300 (green), 0.198200 (blue)
            Texture UV (on layer 0): 0.400374, 0.375211
            Coordinates: -5.778562, 4.127466, -0.892071
            Color vertex (on layer 0): 0.354600 (red), 0.290300 (green), 0.198200 (blue)
            Texture UV (on layer 0): 0.632266, 0.588337
            Coordinates: -5.678533, 3.675125, -0.937001
            Color vertex (on layer 0): 0.354600 (red), 0.290300 (green), 0.198200 (blue)
            Texture UV (on layer 0): 0.618961, 0.619529
        Polygon 491
            Coordinates: -5.778562, 4.127466, -0.892071
            Color vertex (on layer 0): 0.354600 (red), 0.290300 (green), 0.198200 (blue)
            Texture UV (on layer 0): 0.632266, 0.588337
            Coordinates: -6.234262, 3.891605, -1.455293
            Color vertex (on layer 0): 0.354600 (red), 0.290300 (green), 0.198200 (blue)
            Texture UV (on layer 0): 0.343589, 0.461092
            Coordinates: -5.678533, 3.675125, -0.937001
            Color vertex (on layer 0): 0.354600 (red), 0.290300 (green), 0.198200 (blue)
            Texture UV (on layer 0): 0.618961, 0.619529
        Polygon 492
            Coordinates: -5.678533, 3.675125, -0.937001
            Color vertex (on layer 0): 0.354600 (red), 0.290300 (green), 0.198200 (blue)
            Texture UV (on layer 0): 0.618961, 0.619529
            Coordinates: -6.234262, 3.891605, -1.455293
            Color vertex (on layer 0): 0.354600 (red), 0.290300 (green), 0.198200 (blue)
            Texture UV (on layer 0): 0.343589, 0.461092
            Coordinates: -6.134449, 3.503144, -1.489374
            Color vertex (on layer 0): 0.354600 (red), 0.290300 (green), 0.198200 (blue)
            Texture UV (on layer 0): 0.362086, 0.456868
        Polygon 493
            Coordinates: -6.471009, 3.365025, -2.015446
            Color vertex (on layer 0): 0.354600 (red), 0.290300 (green), 0.198200 (blue)
            Texture UV (on layer 0): 0.347902, 0.446435
            Coordinates: -6.134449, 3.503144, -1.489374
            Color vertex (on layer 0): 0.354600 (red), 0.290300 (green), 0.198200 (blue)
            Texture UV (on layer 0): 0.362086, 0.456868
            Coordinates: -6.562579, 3.729587, -1.947458
            Color vertex (on layer 0): 0.354600 (red), 0.290300 (green), 0.198200 (blue)
            Texture UV (on layer 0): 0.334097, 0.434520
        Polygon 494
            Coordinates: -6.134449, 3.503144, -1.489374
            Color vertex (on layer 0): 0.354600 (red), 0.290300 (green), 0.198200 (blue)
            Texture UV (on layer 0): 0.362086, 0.456868
            Coordinates: -6.234262, 3.891605, -1.455293
            Color vertex (on layer 0): 0.354600 (red), 0.290300 (green), 0.198200 (blue)
            Texture UV (on layer 0): 0.343589, 0.461092
            Coordinates: -6.562579, 3.729587, -1.947458
            Color vertex (on layer 0): 0.354600 (red), 0.290300 (green), 0.198200 (blue)
            Texture UV (on layer 0): 0.334097, 0.434520
        Polygon 495
            Coordinates: -4.378902, 4.182926, 0.157538
            Color vertex (on layer 0): 0.354600 (red), 0.290300 (green), 0.198200 (blue)
            Texture UV (on layer 0): 0.395215, 0.360429
            Coordinates: -4.977396, 4.173302, -0.305362
            Color vertex (on layer 0): 0.354600 (red), 0.290300 (green), 0.198200 (blue)
            Texture UV (on layer 0): 0.646435, 0.592950
            Coordinates: -4.402994, 3.759594, 0.049816
            Color vertex (on layer 0): 0.354600 (red), 0.290300 (green), 0.198200 (blue)
            Texture UV (on layer 0): 0.393259, 0.373591
        Polygon 496
            Coordinates: -4.402994, 3.759594, 0.049816
            Color vertex (on layer 0): 0.354600 (red), 0.290300 (green), 0.198200 (blue)
            Texture UV (on layer 0): 0.393259, 0.373591
            Coordinates: -4.977396, 4.173302, -0.305362
            Color vertex (on layer 0): 0.354600 (red), 0.290300 (green), 0.198200 (blue)
            Texture UV (on layer 0): 0.646435, 0.592950
            Coordinates: -4.970268, 3.780411, -0.387889
            Color vertex (on layer 0): 0.354600 (red), 0.290300 (green), 0.198200 (blue)
            Texture UV (on layer 0): 0.400374, 0.375211
        Polygon 497
            Coordinates: -3.781177, 4.065316, 0.498766
            Color vertex (on layer 0): 0.354600 (red), 0.290300 (green), 0.198200 (blue)
            Texture UV (on layer 0): 0.405346, 0.367863
            Coordinates: -4.378902, 4.182926, 0.157538
            Color vertex (on layer 0): 0.354600 (red), 0.290300 (green), 0.198200 (blue)
            Texture UV (on layer 0): 0.395215, 0.360429
            Coordinates: -3.873538, 3.559022, 0.341042
            Color vertex (on layer 0): 0.354600 (red), 0.290300 (green), 0.198200 (blue)
            Texture UV (on layer 0): 0.370631, 0.385345
        Polygon 498
            Coordinates: -3.873538, 3.559022, 0.341042
            Color vertex (on layer 0): 0.354600 (red), 0.290300 (green), 0.198200 (blue)
            Texture UV (on layer 0): 0.370631, 0.385345
            Coordinates: -4.378902, 4.182926, 0.157538
            Color vertex (on layer 0): 0.354600 (red), 0.290300 (green), 0.198200 (blue)
            Texture UV (on layer 0): 0.395215, 0.360429
            Coordinates: -4.402994, 3.759594, 0.049816
            Color vertex (on layer 0): 0.354600 (red), 0.290300 (green), 0.198200 (blue)
            Texture UV (on layer 0): 0.393259, 0.373591
        Polygon 499
            Coordinates: -3.781177, 4.065316, 0.498766
            Color vertex (on layer 0): 0.354600 (red), 0.290300 (green), 0.198200 (blue)
            Texture UV (on layer 0): 0.405346, 0.367863
            Coordinates: -3.873538, 3.559022, 0.341042
            Color vertex (on layer 0): 0.354600 (red), 0.290300 (green), 0.198200 (blue)
            Texture UV (on layer 0): 0.370631, 0.385345
            Coordinates: -3.097841, 3.672564, 0.803560
            Color vertex (on layer 0): 0.354600 (red), 0.290300 (green), 0.198200 (blue)
            Texture UV (on layer 0): 0.383514, 0.378089
        Polygon 500
            Coordinates: -3.338246, 3.203711, 0.617901
            Color vertex (on layer 0): 0.354600 (red), 0.290300 (green), 0.198200 (blue)
            Texture UV (on layer 0): 0.370631, 0.385345
            Coordinates: -3.097841, 3.672564, 0.803560
            Color vertex (on layer 0): 0.354600 (red), 0.290300 (green), 0.198200 (blue)
            Texture UV (on layer 0): 0.383514, 0.378089
            Coordinates: -3.873538, 3.559022, 0.341042
            Color vertex (on layer 0): 0.354600 (red), 0.290300 (green), 0.198200 (blue)
            Texture UV (on layer 0): 0.370631, 0.385345
        Polygon 501
            Coordinates: -2.206703, 1.751901, 0.752856
            Color vertex (on layer 0): 0.751800 (red), 0.436300 (green), 0.480500 (blue)
            Texture UV (on layer 0): 0.329482, 0.424655
            Coordinates: -2.553760, 1.449927, 0.491819
            Color vertex (on layer 0): 0.751800 (red), 0.436300 (green), 0.480500 (blue)
            Texture UV (on layer 0): 0.340595, 0.437622
            Coordinates: -2.084231, 1.171502, 0.526303
            Color vertex (on layer 0): 0.751800 (red), 0.436300 (green), 0.480500 (blue)
            Texture UV (on layer 0): 0.333288, 0.428808
        Polygon 502
            Coordinates: -2.385584, 1.076444, 0.362121
            Color vertex (on layer 0): 0.751800 (red), 0.436300 (green), 0.480500 (blue)
            Texture UV (on layer 0): 0.329482, 0.424655
            Coordinates: -2.084231, 1.171502, 0.526303
            Color vertex (on layer 0): 0.751800 (red), 0.436300 (green), 0.480500 (blue)
            Texture UV (on layer 0): 0.333288, 0.428808
            Coordinates: -2.553760, 1.449927, 0.491819
            Color vertex (on layer 0): 0.751800 (red), 0.436300 (green), 0.480500 (blue)
            Texture UV (on layer 0): 0.340595, 0.437622
        Polygon 503
            Coordinates: -6.679556, 3.134755, -2.281723
            Color vertex (on layer 0): 0.751800 (red), 0.436300 (green), 0.480500 (blue)
            Texture UV (on layer 0): 0.378027, 0.452570
            Coordinates: -6.730659, 2.734348, -2.445940
            Color vertex (on layer 0): 0.751800 (red), 0.436300 (green), 0.480500 (blue)
            Texture UV (on layer 0): 0.378027, 0.452570
            Coordinates: -6.439588, 2.463392, -1.918098
            Color vertex (on layer 0): 0.751800 (red), 0.436300 (green), 0.480500 (blue)
            Texture UV (on layer 0): 0.388727, 0.460087
        Polygon 504
            Coordinates: -6.439588, 2.463392, -1.918098
            Color vertex (on layer 0): 0.751800 (red), 0.436300 (green), 0.480500 (blue)
            Texture UV (on layer 0): 0.388727, 0.460087
            Coordinates: -6.730659, 2.734348, -2.445940
            Color vertex (on layer 0): 0.751800 (red), 0.436300 (green), 0.480500 (blue)
            Texture UV (on layer 0): 0.378027, 0.452570
            Coordinates: -6.733140, 2.370963, -2.506855
            Color vertex (on layer 0): 0.751800 (red), 0.436300 (green), 0.480500 (blue)
            Texture UV (on layer 0): 0.391904, 0.433216
        Polygon 505
            Coordinates: -6.064529, 2.554662, -1.358003
            Color vertex (on layer 0): 0.751800 (red), 0.436300 (green), 0.480500 (blue)
            Texture UV (on layer 0): 0.618961, 0.619529
            Coordinates: -6.348009, 3.378071, -1.588435
            Color vertex (on layer 0): 0.751800 (red), 0.436300 (green), 0.480500 (blue)
            Texture UV (on layer 0): 0.646698, 0.620363
            Coordinates: -6.439588, 2.463392, -1.918098
            Color vertex (on layer 0): 0.751800 (red), 0.436300 (green), 0.480500 (blue)
            Texture UV (on layer 0): 0.388727, 0.460087
        Polygon 506
            Coordinates: -6.348009, 3.378071, -1.588435
            Color vertex (on layer 0): 0.751800 (red), 0.436300 (green), 0.480500 (blue)
            Texture UV (on layer 0): 0.646698, 0.620363
            Coordinates: -6.679556, 3.134755, -2.281723
            Color vertex (on layer 0): 0.751800 (red), 0.436300 (green), 0.480500 (blue)
            Texture UV (on layer 0): 0.378027, 0.452570
            Coordinates: -6.439588, 2.463392, -1.918098
            Color vertex (on layer 0): 0.751800 (red), 0.436300 (green), 0.480500 (blue)
            Texture UV (on layer 0): 0.388727, 0.460087
        Polygon 507
            Coordinates: -6.348009, 3.378071, -1.588435
            Color vertex (on layer 0): 0.751800 (red), 0.436300 (green), 0.480500 (blue)
            Texture UV (on layer 0): 0.646698, 0.620363
            Coordinates: -6.064529, 2.554662, -1.358003
            Color vertex (on layer 0): 0.751800 (red), 0.436300 (green), 0.480500 (blue)
            Texture UV (on layer 0): 0.618961, 0.619529
            Coordinates: -5.710318, 3.591862, -0.828144
            Color vertex (on layer 0): 0.751800 (red), 0.436300 (green), 0.480500 (blue)
            Texture UV (on layer 0): 0.641283, 0.626750
        Polygon 508
            Coordinates: -5.615849, 2.664643, -0.856645
            Color vertex (on layer 0): 0.751800 (red), 0.436300 (green), 0.480500 (blue)
            Texture UV (on layer 0): 0.618961, 0.619529
            Coordinates: -5.710318, 3.591862, -0.828144
            Color vertex (on layer 0): 0.751800 (red), 0.436300 (green), 0.480500 (blue)
            Texture UV (on layer 0): 0.641283, 0.626750
            Coordinates: -6.064529, 2.554662, -1.358003
            Color vertex (on layer 0): 0.751800 (red), 0.436300 (green), 0.480500 (blue)
            Texture UV (on layer 0): 0.618961, 0.619529
        Polygon 509
            Coordinates: -5.098867, 3.672126, -0.354784
            Color vertex (on layer 0): 0.751800 (red), 0.436300 (green), 0.480500 (blue)
            Texture UV (on layer 0): 0.646698, 0.620363
            Coordinates: -5.710318, 3.591862, -0.828144
            Color vertex (on layer 0): 0.751800 (red), 0.436300 (green), 0.480500 (blue)
            Texture UV (on layer 0): 0.641283, 0.626750
            Coordinates: -5.098796, 2.728448, -0.448201
            Color vertex (on layer 0): 0.751800 (red), 0.436300 (green), 0.480500 (blue)
            Texture UV (on layer 0): 0.646221, 0.612448
        Polygon 510
            Coordinates: -5.098796, 2.728448, -0.448201
            Color vertex (on layer 0): 0.751800 (red), 0.436300 (green), 0.480500 (blue)
            Texture UV (on layer 0): 0.646221, 0.612448
            Coordinates: -5.710318, 3.591862, -0.828144
            Color vertex (on layer 0): 0.751800 (red), 0.436300 (green), 0.480500 (blue)
            Texture UV (on layer 0): 0.641283, 0.626750
            Coordinates: -5.615849, 2.664643, -0.856645
            Color vertex (on layer 0): 0.751800 (red), 0.436300 (green), 0.480500 (blue)
            Texture UV (on layer 0): 0.618961, 0.619529
        Polygon 511
            Coordinates: -4.444235, 3.675286, 0.150291
            Color vertex (on layer 0): 0.751800 (red), 0.436300 (green), 0.480500 (blue)
            Texture UV (on layer 0): 0.618961, 0.619529
            Coordinates: -5.098867, 3.672126, -0.354784
            Color vertex (on layer 0): 0.751800 (red), 0.436300 (green), 0.480500 (blue)
            Texture UV (on layer 0): 0.646698, 0.620363
            Coordinates: -4.515328, 2.730906, -0.018796
            Color vertex (on layer 0): 0.751800 (red), 0.436300 (green), 0.480500 (blue)
            Texture UV (on layer 0): 0.646221, 0.612448
        Polygon 512
            Coordinates: -4.515328, 2.730906, -0.018796
            Color vertex (on layer 0): 0.751800 (red), 0.436300 (green), 0.480500 (blue)
            Texture UV (on layer 0): 0.646221, 0.612448
            Coordinates: -5.098867, 3.672126, -0.354784
            Color vertex (on layer 0): 0.751800 (red), 0.436300 (green), 0.480500 (blue)
            Texture UV (on layer 0): 0.646698, 0.620363
            Coordinates: -5.098796, 2.728448, -0.448201
            Color vertex (on layer 0): 0.751800 (red), 0.436300 (green), 0.480500 (blue)
            Texture UV (on layer 0): 0.646221, 0.612448
        Polygon 513
            Coordinates: -4.444235, 3.675286, 0.150291
            Color vertex (on layer 0): 0.751800 (red), 0.436300 (green), 0.480500 (blue)
            Texture UV (on layer 0): 0.618961, 0.619529
            Coordinates: -4.515328, 2.730906, -0.018796
            Color vertex (on layer 0): 0.751800 (red), 0.436300 (green), 0.480500 (blue)
            Texture UV (on layer 0): 0.646221, 0.612448
            Coordinates: -3.728218, 3.369200, 0.540089
            Color vertex (on layer 0): 0.751800 (red), 0.436300 (green), 0.480500 (blue)
            Texture UV (on layer 0): 0.645743, 0.604532
        Polygon 514
            Coordinates: -3.965271, 2.664315, 0.306496
            Color vertex (on layer 0): 0.751800 (red), 0.436300 (green), 0.480500 (blue)
            Texture UV (on layer 0): 0.328583, 0.451231
            Coordinates: -3.728218, 3.369200, 0.540089
            Color vertex (on layer 0): 0.751800 (red), 0.436300 (green), 0.480500 (blue)
            Texture UV (on layer 0): 0.645743, 0.604532
            Coordinates: -4.515328, 2.730906, -0.018796
            Color vertex (on layer 0): 0.751800 (red), 0.436300 (green), 0.480500 (blue)
            Texture UV (on layer 0): 0.646221, 0.612448
        Polygon 515
            Coordinates: -3.147579, 2.979665, 0.839333
            Color vertex (on layer 0): 0.751800 (red), 0.436300 (green), 0.480500 (blue)
            Texture UV (on layer 0): 0.321358, 0.430864
            Coordinates: -3.728218, 3.369200, 0.540089
            Color vertex (on layer 0): 0.751800 (red), 0.436300 (green), 0.480500 (blue)
            Texture UV (on layer 0): 0.645743, 0.604532
            Coordinates: -3.487659, 2.476002, 0.547262
            Color vertex (on layer 0): 0.751800 (red), 0.436300 (green), 0.480500 (blue)
            Texture UV (on layer 0): 0.319856, 0.437251
        Polygon 516
            Coordinates: -3.487659, 2.476002, 0.547262
            Color vertex (on layer 0): 0.751800 (red), 0.436300 (green), 0.480500 (blue)
            Texture UV (on layer 0): 0.319856, 0.437251
            Coordinates: -3.728218, 3.369200, 0.540089
            Color vertex (on layer 0): 0.751800 (red), 0.436300 (green), 0.480500 (blue)
            Texture UV (on layer 0): 0.645743, 0.604532
            Coordinates: -3.965271, 2.664315, 0.306496
            Color vertex (on layer 0): 0.751800 (red), 0.436300 (green), 0.480500 (blue)
            Texture UV (on layer 0): 0.328583, 0.451231
        Polygon 517
            Coordinates: -3.487659, 2.476002, 0.547262
            Color vertex (on layer 0): 0.751800 (red), 0.436300 (green), 0.480500 (blue)
            Texture UV (on layer 0): 0.319856, 0.437251
            Coordinates: -3.105706, 2.227852, 0.630536
            Color vertex (on layer 0): 0.751800 (red), 0.436300 (green), 0.480500 (blue)
            Texture UV (on layer 0): 0.328583, 0.451231
            Coordinates: -3.147579, 2.979665, 0.839333
            Color vertex (on layer 0): 0.751800 (red), 0.436300 (green), 0.480500 (blue)
            Texture UV (on layer 0): 0.321358, 0.430864
        Polygon 518
            Coordinates: -3.105706, 2.227852, 0.630536
            Color vertex (on layer 0): 0.751800 (red), 0.436300 (green), 0.480500 (blue)
            Texture UV (on layer 0): 0.328583, 0.451231
            Coordinates: -2.750537, 2.644576, 0.901052
            Color vertex (on layer 0): 0.751800 (red), 0.436300 (green), 0.480500 (blue)
            Texture UV (on layer 0): 0.347902, 0.446435
            Coordinates: -3.147579, 2.979665, 0.839333
            Color vertex (on layer 0): 0.751800 (red), 0.436300 (green), 0.480500 (blue)
            Texture UV (on layer 0): 0.321358, 0.430864
        Polygon 519
            Coordinates: -2.721938, 1.823398, 0.621515
            Color vertex (on layer 0): 0.751800 (red), 0.436300 (green), 0.480500 (blue)
            Texture UV (on layer 0): 0.340595, 0.437622
            Coordinates: -2.408716, 2.240516, 0.909054
            Color vertex (on layer 0): 0.751800 (red), 0.436300 (green), 0.480500 (blue)
            Texture UV (on layer 0): 0.343589, 0.461092
            Coordinates: -3.105706, 2.227852, 0.630536
            Color vertex (on layer 0): 0.751800 (red), 0.436300 (green), 0.480500 (blue)
            Texture UV (on layer 0): 0.328583, 0.451231
        Polygon 520
            Coordinates: -2.408716, 2.240516, 0.909054
            Color vertex (on layer 0): 0.751800 (red), 0.436300 (green), 0.480500 (blue)
            Texture UV (on layer 0): 0.343589, 0.461092
            Coordinates: -2.750537, 2.644576, 0.901052
            Color vertex (on layer 0): 0.751800 (red), 0.436300 (green), 0.480500 (blue)
            Texture UV (on layer 0): 0.347902, 0.446435
            Coordinates: -3.105706, 2.227852, 0.630536
            Color vertex (on layer 0): 0.751800 (red), 0.436300 (green), 0.480500 (blue)
            Texture UV (on layer 0): 0.328583, 0.451231
        Polygon 521
            Coordinates: -2.408716, 2.240516, 0.909054
            Color vertex (on layer 0): 0.751800 (red), 0.436300 (green), 0.480500 (blue)
            Texture UV (on layer 0): 0.343589, 0.461092
            Coordinates: -2.721938, 1.823398, 0.621515
            Color vertex (on layer 0): 0.751800 (red), 0.436300 (green), 0.480500 (blue)
            Texture UV (on layer 0): 0.340595, 0.437622
            Coordinates: -2.206703, 1.751901, 0.752856
            Color vertex (on layer 0): 0.751800 (red), 0.436300 (green), 0.480500 (blue)
            Texture UV (on layer 0): 0.329482, 0.424655
        Polygon 522
            Coordinates: -2.553760, 1.449927, 0.491819
            Color vertex (on layer 0): 0.751800 (red), 0.436300 (green), 0.480500 (blue)
            Texture UV (on layer 0): 0.340595, 0.437622
            Coordinates: -2.206703, 1.751901, 0.752856
            Color vertex (on layer 0): 0.751800 (red), 0.436300 (green), 0.480500 (blue)
            Texture UV (on layer 0): 0.329482, 0.424655
            Coordinates: -2.721938, 1.823398, 0.621515
            Color vertex (on layer 0): 0.751800 (red), 0.436300 (green), 0.480500 (blue)
            Texture UV (on layer 0): 0.340595, 0.437622
        Polygon 523
            Coordinates: -6.512638, 1.861210, -2.257852
            Color vertex (on layer 0): 0.663000 (red), 0.489300 (green), 0.240700 (blue)
            Texture UV (on layer 0): 0.378686, 0.432824
            Coordinates: -6.349330, 1.560637, -2.100692
            Color vertex (on layer 0): 0.663000 (red), 0.489300 (green), 0.240700 (blue)
            Texture UV (on layer 0): 0.391904, 0.433216
            Coordinates: -5.961414, 2.064295, -1.793216
            Color vertex (on layer 0): 0.663000 (red), 0.489300 (green), 0.240700 (blue)
            Texture UV (on layer 0): 0.391904, 0.433216
        Polygon 524
            Coordinates: -5.816854, 1.693422, -1.769190
            Color vertex (on layer 0): 0.663000 (red), 0.489300 (green), 0.240700 (blue)
            Texture UV (on layer 0): 0.378356, 0.442697
            Coordinates: -5.961414, 2.064295, -1.793216
            Color vertex (on layer 0): 0.663000 (red), 0.489300 (green), 0.240700 (blue)
            Texture UV (on layer 0): 0.391904, 0.433216
            Coordinates: -6.349330, 1.560637, -2.100692
            Color vertex (on layer 0): 0.663000 (red), 0.489300 (green), 0.240700 (blue)
            Texture UV (on layer 0): 0.391904, 0.433216
        Polygon 525
            Coordinates: -5.378220, 1.758865, -1.288800
            Color vertex (on layer 0): 0.663000 (red), 0.489300 (green), 0.240700 (blue)
            Texture UV (on layer 0): 0.378356, 0.442697
            Coordinates: -5.604594, 2.113093, -1.308351
            Color vertex (on layer 0): 0.663000 (red), 0.489300 (green), 0.240700 (blue)
            Texture UV (on layer 0): 0.388727, 0.460087
            Coordinates: -5.816854, 1.693422, -1.769190
            Color vertex (on layer 0): 0.663000 (red), 0.489300 (green), 0.240700 (blue)
            Texture UV (on layer 0): 0.378356, 0.442697
        Polygon 526
            Coordinates: -5.604594, 2.113093, -1.308351
            Color vertex (on layer 0): 0.663000 (red), 0.489300 (green), 0.240700 (blue)
            Texture UV (on layer 0): 0.388727, 0.460087
            Coordinates: -5.961414, 2.064295, -1.793216
            Color vertex (on layer 0): 0.663000 (red), 0.489300 (green), 0.240700 (blue)
            Texture UV (on layer 0): 0.391904, 0.433216
            Coordinates: -5.816854, 1.693422, -1.769190
            Color vertex (on layer 0): 0.663000 (red), 0.489300 (green), 0.240700 (blue)
            Texture UV (on layer 0): 0.378356, 0.442697
        Polygon 527
            Coordinates: -5.604594, 2.113093, -1.308351
            Color vertex (on layer 0): 0.663000 (red), 0.489300 (green), 0.240700 (blue)
            Texture UV (on layer 0): 0.388727, 0.460087
            Coordinates: -5.378220, 1.758865, -1.288800
            Color vertex (on layer 0): 0.663000 (red), 0.489300 (green), 0.240700 (blue)
            Texture UV (on layer 0): 0.378356, 0.442697
            Coordinates: -5.046814, 2.238458, -0.833894
            Color vertex (on layer 0): 0.663000 (red), 0.489300 (green), 0.240700 (blue)
            Texture UV (on layer 0): 0.378027, 0.452570
        Polygon 528
            Coordinates: -4.933482, 1.869113, -0.890501
            Color vertex (on layer 0): 0.663000 (red), 0.489300 (green), 0.240700 (blue)
            Texture UV (on layer 0): 0.374724, 0.466249
            Coordinates: -5.046814, 2.238458, -0.833894
            Color vertex (on layer 0): 0.663000 (red), 0.489300 (green), 0.240700 (blue)
            Texture UV (on layer 0): 0.378027, 0.452570
            Coordinates: -5.378220, 1.758865, -1.288800
            Color vertex (on layer 0): 0.663000 (red), 0.489300 (green), 0.240700 (blue)
            Texture UV (on layer 0): 0.378356, 0.442697
        Polygon 529
            Coordinates: -4.560143, 2.267200, -0.446311
            Color vertex (on layer 0): 0.663000 (red), 0.489300 (green), 0.240700 (blue)
            Texture UV (on layer 0): 0.362086, 0.456868
            Coordinates: -5.046814, 2.238458, -0.833894
            Color vertex (on layer 0): 0.663000 (red), 0.489300 (green), 0.240700 (blue)
            Texture UV (on layer 0): 0.378027, 0.452570
            Coordinates: -4.517382, 1.973662, -0.514656
            Color vertex (on layer 0): 0.663000 (red), 0.489300 (green), 0.240700 (blue)
            Texture UV (on layer 0): 0.374724, 0.466249
        Polygon 530
            Coordinates: -4.517382, 1.973662, -0.514656
            Color vertex (on layer 0): 0.663000 (red), 0.489300 (green), 0.240700 (blue)
            Texture UV (on layer 0): 0.374724, 0.466249
            Coordinates: -5.046814, 2.238458, -0.833894
            Color vertex (on layer 0): 0.663000 (red), 0.489300 (green), 0.240700 (blue)
            Texture UV (on layer 0): 0.378027, 0.452570
            Coordinates: -4.933482, 1.869113, -0.890501
            Color vertex (on layer 0): 0.663000 (red), 0.489300 (green), 0.240700 (blue)
            Texture UV (on layer 0): 0.374724, 0.466249
        Polygon 531
            Coordinates: -4.042837, 2.318112, -0.118150
            Color vertex (on layer 0): 0.663000 (red), 0.489300 (green), 0.240700 (blue)
            Texture UV (on layer 0): 0.683420, 0.509106
            Coordinates: -4.560143, 2.267200, -0.446311
            Color vertex (on layer 0): 0.663000 (red), 0.489300 (green), 0.240700 (blue)
            Texture UV (on layer 0): 0.362086, 0.456868
            Coordinates: -4.038988, 2.015575, -0.213278
            Color vertex (on layer 0): 0.663000 (red), 0.489300 (green), 0.240700 (blue)
            Texture UV (on layer 0): 0.378027, 0.452570
        Polygon 532
            Coordinates: -4.038988, 2.015575, -0.213278
            Color vertex (on layer 0): 0.663000 (red), 0.489300 (green), 0.240700 (blue)
            Texture UV (on layer 0): 0.378027, 0.452570
            Coordinates: -4.560143, 2.267200, -0.446311
            Color vertex (on layer 0): 0.663000 (red), 0.489300 (green), 0.240700 (blue)
            Texture UV (on layer 0): 0.362086, 0.456868
            Coordinates: -4.517382, 1.973662, -0.514656
            Color vertex (on layer 0): 0.663000 (red), 0.489300 (green), 0.240700 (blue)
            Texture UV (on layer 0): 0.374724, 0.466249
        Polygon 533
            Coordinates: -3.454041, 2.216109, 0.192292
            Color vertex (on layer 0): 0.663000 (red), 0.489300 (green), 0.240700 (blue)
            Texture UV (on layer 0): 0.694401, 0.502548
            Coordinates: -4.042837, 2.318112, -0.118150
            Color vertex (on layer 0): 0.663000 (red), 0.489300 (green), 0.240700 (blue)
            Texture UV (on layer 0): 0.683420, 0.509106
            Coordinates: -3.555751, 1.922205, 0.032885
            Color vertex (on layer 0): 0.663000 (red), 0.489300 (green), 0.240700 (blue)
            Texture UV (on layer 0): 0.665999, 0.490689
        Polygon 534
            Coordinates: -3.555751, 1.922205, 0.032885
            Color vertex (on layer 0): 0.663000 (red), 0.489300 (green), 0.240700 (blue)
            Texture UV (on layer 0): 0.665999, 0.490689
            Coordinates: -4.042837, 2.318112, -0.118150
            Color vertex (on layer 0): 0.663000 (red), 0.489300 (green), 0.240700 (blue)
            Texture UV (on layer 0): 0.683420, 0.509106
            Coordinates: -4.038988, 2.015575, -0.213278
            Color vertex (on layer 0): 0.663000 (red), 0.489300 (green), 0.240700 (blue)
            Texture UV (on layer 0): 0.378027, 0.452570
        Polygon 535
            Coordinates: -2.900810, 1.866060, 0.283409
            Color vertex (on layer 0): 0.663000 (red), 0.489300 (green), 0.240700 (blue)
            Texture UV (on layer 0): 0.685479, 0.488884
            Coordinates: -3.454041, 2.216109, 0.192292
            Color vertex (on layer 0): 0.663000 (red), 0.489300 (green), 0.240700 (blue)
            Texture UV (on layer 0): 0.694401, 0.502548
            Coordinates: -3.110152, 1.716136, 0.119402
            Color vertex (on layer 0): 0.663000 (red), 0.489300 (green), 0.240700 (blue)
            Texture UV (on layer 0): 0.665999, 0.490689
        Polygon 536
            Coordinates: -3.110152, 1.716136, 0.119402
            Color vertex (on layer 0): 0.663000 (red), 0.489300 (green), 0.240700 (blue)
            Texture UV (on layer 0): 0.665999, 0.490689
            Coordinates: -3.454041, 2.216109, 0.192292
            Color vertex (on layer 0): 0.663000 (red), 0.489300 (green), 0.240700 (blue)
            Texture UV (on layer 0): 0.694401, 0.502548
            Coordinates: -3.555751, 1.922205, 0.032885
            Color vertex (on layer 0): 0.663000 (red), 0.489300 (green), 0.240700 (blue)
            Texture UV (on layer 0): 0.665999, 0.490689
        Polygon 537
            Coordinates: -2.552524, 1.522183, 0.225769
            Color vertex (on layer 0): 0.663000 (red), 0.489300 (green), 0.240700 (blue)
            Texture UV (on layer 0): 0.359021, 0.299385
            Coordinates: -2.900810, 1.866060, 0.283409
            Color vertex (on layer 0): 0.663000 (red), 0.489300 (green), 0.240700 (blue)
            Texture UV (on layer 0): 0.685479, 0.488884
            Coordinates: -2.796407, 1.411128, 0.097564
            Color vertex (on layer 0): 0.663000 (red), 0.489300 (green), 0.240700 (blue)
            Texture UV (on layer 0): 0.694401, 0.502548
        Polygon 538
            Coordinates: -2.796407, 1.411128, 0.097564
            Color vertex (on layer 0): 0.663000 (red), 0.489300 (green), 0.240700 (blue)
            Texture UV (on layer 0): 0.694401, 0.502548
            Coordinates: -2.900810, 1.866060, 0.283409
            Color vertex (on layer 0): 0.663000 (red), 0.489300 (green), 0.240700 (blue)
            Texture UV (on layer 0): 0.685479, 0.488884
            Coordinates: -3.110152, 1.716136, 0.119402
            Color vertex (on layer 0): 0.663000 (red), 0.489300 (green), 0.240700 (blue)
            Texture UV (on layer 0): 0.665999, 0.490689
        Polygon 539
            Coordinates: -2.796407, 1.411128, 0.097564
            Color vertex (on layer 0): 0.663000 (red), 0.489300 (green), 0.240700 (blue)
            Texture UV (on layer 0): 0.694401, 0.502548
            Coordinates: -2.444108, 0.929778, -0.018869
            Color vertex (on layer 0): 0.663000 (red), 0.489300 (green), 0.240700 (blue)
            Texture UV (on layer 0): 0.372781, 0.299308
            Coordinates: -2.552524, 1.522183, 0.225769
            Color vertex (on layer 0): 0.663000 (red), 0.489300 (green), 0.240700 (blue)
            Texture UV (on layer 0): 0.359021, 0.299385
        Polygon 540
            Coordinates: -2.444108, 0.929778, -0.018869
            Color vertex (on layer 0): 0.663000 (red), 0.489300 (green), 0.240700 (blue)
            Texture UV (on layer 0): 0.372781, 0.299308
            Coordinates: -2.259185, 1.030492, 0.067408
            Color vertex (on layer 0): 0.663000 (red), 0.489300 (green), 0.240700 (blue)
            Texture UV (on layer 0): 0.355881, 0.313050
            Coordinates: -2.552524, 1.522183, 0.225769
            Color vertex (on layer 0): 0.663000 (red), 0.489300 (green), 0.240700 (blue)
            Texture UV (on layer 0): 0.359021, 0.299385
        Polygon 541
            Coordinates: -2.223417, 0.545700, -0.028368
            Color vertex (on layer 0): 0.663000 (red), 0.489300 (green), 0.240700 (blue)
            Texture UV (on layer 0): 0.372781, 0.299308
            Coordinates: -2.060757, 0.679827, 0.049265
            Color vertex (on layer 0): 0.663000 (red), 0.489300 (green), 0.240700 (blue)
            Texture UV (on layer 0): 0.368844, 0.310362
            Coordinates: -2.444108, 0.929778, -0.018869
            Color vertex (on layer 0): 0.663000 (red), 0.489300 (green), 0.240700 (blue)
            Texture UV (on layer 0): 0.372781, 0.299308
        Polygon 542
            Coordinates: -2.060757, 0.679827, 0.049265
            Color vertex (on layer 0): 0.663000 (red), 0.489300 (green), 0.240700 (blue)
            Texture UV (on layer 0): 0.368844, 0.310362
            Coordinates: -2.259185, 1.030492, 0.067408
            Color vertex (on layer 0): 0.663000 (red), 0.489300 (green), 0.240700 (blue)
            Texture UV (on layer 0): 0.355881, 0.313050
            Coordinates: -2.444108, 0.929778, -0.018869
            Color vertex (on layer 0): 0.663000 (red), 0.489300 (green), 0.240700 (blue)
            Texture UV (on layer 0): 0.372781, 0.299308
        Polygon 543
            Coordinates: -1.943120, 0.101972, 0.053493
            Color vertex (on layer 0): 0.663000 (red), 0.489300 (green), 0.240700 (blue)
            Texture UV (on layer 0): 0.355881, 0.313050
            Coordinates: -1.747709, 0.247967, 0.119809
            Color vertex (on layer 0): 0.663000 (red), 0.489300 (green), 0.240700 (blue)
            Texture UV (on layer 0): 0.682468, 0.482696
            Coordinates: -2.223417, 0.545700, -0.028368
            Color vertex (on layer 0): 0.663000 (red), 0.489300 (green), 0.240700 (blue)
            Texture UV (on layer 0): 0.372781, 0.299308
        Polygon 544
            Coordinates: -2.223417, 0.545700, -0.028368
            Color vertex (on layer 0): 0.663000 (red), 0.489300 (green), 0.240700 (blue)
            Texture UV (on layer 0): 0.372781, 0.299308
            Coordinates: -1.747709, 0.247967, 0.119809
            Color vertex (on layer 0): 0.663000 (red), 0.489300 (green), 0.240700 (blue)
            Texture UV (on layer 0): 0.682468, 0.482696
            Coordinates: -2.060757, 0.679827, 0.049265
            Color vertex (on layer 0): 0.663000 (red), 0.489300 (green), 0.240700 (blue)
            Texture UV (on layer 0): 0.368844, 0.310362
        Polygon 545
            Coordinates: -2.953157, 0.676298, -0.194718
            Color vertex (on layer 0): 0.404300 (red), 0.404300 (green), 0.404300 (blue)
            Texture UV (on layer 0): 0.660396, 0.484069
            Coordinates: -2.915836, 1.015438, -0.105400
            Color vertex (on layer 0): 0.404300 (red), 0.404300 (green), 0.404300 (blue)
            Texture UV (on layer 0): 0.685479, 0.488884
            Coordinates: -3.332467, 0.898707, -0.239123
            Color vertex (on layer 0): 1.000000 (red), 1.000000 (green), 1.000000 (blue)
            Texture UV (on layer 0): 0.665999, 0.490689
        Polygon 546
            Coordinates: -2.915836, 1.015438, -0.105400
            Color vertex (on layer 0): 0.404300 (red), 0.404300 (green), 0.404300 (blue)
            Texture UV (on layer 0): 0.685479, 0.488884
            Coordinates: -3.273419, 1.239293, -0.127149
            Color vertex (on layer 0): 0.404300 (red), 0.404300 (green), 0.404300 (blue)
            Texture UV (on layer 0): 0.660396, 0.484069
            Coordinates: -3.332467, 0.898707, -0.239123
            Color vertex (on layer 0): 1.000000 (red), 1.000000 (green), 1.000000 (blue)
            Texture UV (on layer 0): 0.665999, 0.490689
        Polygon 547
            Coordinates: -1.971956, -0.297518, 0.080029
            Color vertex (on layer 0): 0.000000 (red), 0.000000 (green), 0.000000 (blue)
            Texture UV (on layer 0): 0.403971, 0.295103
            Coordinates: -1.833278, -0.500980, 0.060635
            Color vertex (on layer 0): 0.000000 (red), 0.000000 (green), 0.000000 (blue)
            Texture UV (on layer 0): 0.368844, 0.310362
            Coordinates: -1.922662, -0.212461, 0.071490
            Color vertex (on layer 0): 0.000000 (red), 0.000000 (green), 0.000000 (blue)
            Texture UV (on layer 0): 0.517297, 0.580132
        Polygon 548
            Coordinates: -1.922662, -0.212461, 0.071490
            Color vertex (on layer 0): 0.000000 (red), 0.000000 (green), 0.000000 (blue)
            Texture UV (on layer 0): 0.517297, 0.580132
            Coordinates: -1.833278, -0.500980, 0.060635
            Color vertex (on layer 0): 0.000000 (red), 0.000000 (green), 0.000000 (blue)
            Texture UV (on layer 0): 0.368844, 0.310362
            Coordinates: -1.674661, -0.285792, 0.101137
            Color vertex (on layer 0): 0.000000 (red), 0.000000 (green), 0.000000 (blue)
            Texture UV (on layer 0): 0.381228, 0.300215
        Polygon 549
            Coordinates: -2.399034, -0.326901, -0.159558
            Color vertex (on layer 0): 1.000000 (red), 1.000000 (green), 1.000000 (blue)
            Texture UV (on layer 0): 0.396054, 0.300873
            Coordinates: -2.239479, -0.569170, -0.133189
            Color vertex (on layer 0): 1.000000 (red), 1.000000 (green), 1.000000 (blue)
            Texture UV (on layer 0): 0.368844, 0.310362
            Coordinates: -1.971956, -0.297518, 0.080029
            Color vertex (on layer 0): 0.000000 (red), 0.000000 (green), 0.000000 (blue)
            Texture UV (on layer 0): 0.403971, 0.295103
        Polygon 550
            Coordinates: -1.833278, -0.500980, 0.060635
            Color vertex (on layer 0): 0.000000 (red), 0.000000 (green), 0.000000 (blue)
            Texture UV (on layer 0): 0.368844, 0.310362
            Coordinates: -1.971956, -0.297518, 0.080029
            Color vertex (on layer 0): 0.000000 (red), 0.000000 (green), 0.000000 (blue)
            Texture UV (on layer 0): 0.403971, 0.295103
            Coordinates: -2.239479, -0.569170, -0.133189
            Color vertex (on layer 0): 1.000000 (red), 1.000000 (green), 1.000000 (blue)
            Texture UV (on layer 0): 0.368844, 0.310362
        Polygon 551
            Coordinates: -2.673389, -0.714714, -0.231776
            Color vertex (on layer 0): 1.000000 (red), 1.000000 (green), 1.000000 (blue)
            Texture UV (on layer 0): 0.381228, 0.300215
            Coordinates: -2.239479, -0.569170, -0.133189
            Color vertex (on layer 0): 1.000000 (red), 1.000000 (green), 1.000000 (blue)
            Texture UV (on layer 0): 0.368844, 0.310362
            Coordinates: -3.081396, -0.102344, -0.457254
            Color vertex (on layer 0): 1.000000 (red), 1.000000 (green), 1.000000 (blue)
            Texture UV (on layer 0): 0.403971, 0.295103
        Polygon 552
            Coordinates: -2.239479, -0.569170, -0.133189
            Color vertex (on layer 0): 1.000000 (red), 1.000000 (green), 1.000000 (blue)
            Texture UV (on layer 0): 0.368844, 0.310362
            Coordinates: -2.399034, -0.326901, -0.159558
            Color vertex (on layer 0): 1.000000 (red), 1.000000 (green), 1.000000 (blue)
            Texture UV (on layer 0): 0.396054, 0.300873
            Coordinates: -3.081396, -0.102344, -0.457254
            Color vertex (on layer 0): 1.000000 (red), 1.000000 (green), 1.000000 (blue)
            Texture UV (on layer 0): 0.403971, 0.295103
        Polygon 553
            Coordinates: -2.673389, -0.714714, -0.231776
            Color vertex (on layer 0): 1.000000 (red), 1.000000 (green), 1.000000 (blue)
            Texture UV (on layer 0): 0.381228, 0.300215
            Coordinates: -3.081396, -0.102344, -0.457254
            Color vertex (on layer 0): 1.000000 (red), 1.000000 (green), 1.000000 (blue)
            Texture UV (on layer 0): 0.403971, 0.295103
            Coordinates: -3.492188, -0.895619, -0.598673
            Color vertex (on layer 0): 1.000000 (red), 1.000000 (green), 1.000000 (blue)
            Texture UV (on layer 0): 0.394306, 0.294466
        Polygon 554
            Coordinates: -3.081396, -0.102344, -0.457254
            Color vertex (on layer 0): 1.000000 (red), 1.000000 (green), 1.000000 (blue)
            Texture UV (on layer 0): 0.403971, 0.295103
            Coordinates: -3.579541, -0.526392, -0.707668
            Color vertex (on layer 0): 1.000000 (red), 1.000000 (green), 1.000000 (blue)
            Texture UV (on layer 0): 0.517297, 0.580132
            Coordinates: -3.492188, -0.895619, -0.598673
            Color vertex (on layer 0): 1.000000 (red), 1.000000 (green), 1.000000 (blue)
            Texture UV (on layer 0): 0.394306, 0.294466
        Polygon 555
            Coordinates: -3.492188, -0.895619, -0.598673
            Color vertex (on layer 0): 1.000000 (red), 1.000000 (green), 1.000000 (blue)
            Texture UV (on layer 0): 0.394306, 0.294466
            Coordinates: -3.579541, -0.526392, -0.707668
            Color vertex (on layer 0): 1.000000 (red), 1.000000 (green), 1.000000 (blue)
            Texture UV (on layer 0): 0.517297, 0.580132
            Coordinates: -4.653785, -0.784528, -1.255232
            Color vertex (on layer 0): 1.000000 (red), 1.000000 (green), 1.000000 (blue)
            Texture UV (on layer 0): 0.371860, 0.329832
        Polygon 556
            Coordinates: -3.579541, -0.526392, -0.707668
            Color vertex (on layer 0): 1.000000 (red), 1.000000 (green), 1.000000 (blue)
            Texture UV (on layer 0): 0.517297, 0.580132
            Coordinates: -4.633014, -0.487476, -1.209159
            Color vertex (on layer 0): 0.744700 (red), 0.744700 (green), 0.744700 (blue)
            Texture UV (on layer 0): 0.372781, 0.299308
            Coordinates: -4.653785, -0.784528, -1.255232
            Color vertex (on layer 0): 1.000000 (red), 1.000000 (green), 1.000000 (blue)
            Texture UV (on layer 0): 0.371860, 0.329832
        Polygon 557
            Coordinates: -5.503617, -0.247253, -1.994607
            Color vertex (on layer 0): 1.000000 (red), 1.000000 (green), 1.000000 (blue)
            Texture UV (on layer 0): 0.368844, 0.310362
            Coordinates: -4.653785, -0.784528, -1.255232
            Color vertex (on layer 0): 1.000000 (red), 1.000000 (green), 1.000000 (blue)
            Texture UV (on layer 0): 0.371860, 0.329832
            Coordinates: -5.331334, -0.009056, -1.833074
            Color vertex (on layer 0): 0.744700 (red), 0.744700 (green), 0.744700 (blue)
            Texture UV (on layer 0): 0.393125, 0.310832
        Polygon 558
            Coordinates: -4.633014, -0.487476, -1.209159
            Color vertex (on layer 0): 0.744700 (red), 0.744700 (green), 0.744700 (blue)
            Texture UV (on layer 0): 0.372781, 0.299308
            Coordinates: -5.331334, -0.009056, -1.833074
            Color vertex (on layer 0): 0.744700 (red), 0.744700 (green), 0.744700 (blue)
            Texture UV (on layer 0): 0.393125, 0.310832
            Coordinates: -4.653785, -0.784528, -1.255232
            Color vertex (on layer 0): 1.000000 (red), 1.000000 (green), 1.000000 (blue)
            Texture UV (on layer 0): 0.371860, 0.329832
        Polygon 559
            Coordinates: -5.503617, -0.247253, -1.994607
            Color vertex (on layer 0): 1.000000 (red), 1.000000 (green), 1.000000 (blue)
            Texture UV (on layer 0): 0.368844, 0.310362
            Coordinates: -5.331334, -0.009056, -1.833074
            Color vertex (on layer 0): 0.744700 (red), 0.744700 (green), 0.744700 (blue)
            Texture UV (on layer 0): 0.393125, 0.310832
            Coordinates: -6.115195, 0.655321, -2.343064
            Color vertex (on layer 0): 1.000000 (red), 1.000000 (green), 1.000000 (blue)
            Texture UV (on layer 0): 0.646435, 0.592950
        Polygon 560
            Coordinates: -5.331334, -0.009056, -1.833074
            Color vertex (on layer 0): 0.744700 (red), 0.744700 (green), 0.744700 (blue)
            Texture UV (on layer 0): 0.393125, 0.310832
            Coordinates: -5.959531, 0.643544, -2.085670
            Color vertex (on layer 0): 1.000000 (red), 1.000000 (green), 1.000000 (blue)
            Texture UV (on layer 0): 0.379361, 0.309473
            Coordinates: -6.115195, 0.655321, -2.343064
            Color vertex (on layer 0): 1.000000 (red), 1.000000 (green), 1.000000 (blue)
            Texture UV (on layer 0): 0.646435, 0.592950
        Polygon 561
            Coordinates: -6.520718, 1.329267, -2.258679
            Color vertex (on layer 0): 0.000000 (red), 0.000000 (green), 0.000000 (blue)
            Texture UV (on layer 0): 0.379361, 0.309473
            Coordinates: -6.115195, 0.655321, -2.343064
            Color vertex (on layer 0): 1.000000 (red), 1.000000 (green), 1.000000 (blue)
            Texture UV (on layer 0): 0.646435, 0.592950
            Coordinates: -6.170450, 1.212425, -2.336684
            Color vertex (on layer 0): 0.404300 (red), 0.404300 (green), 0.404300 (blue)
            Texture UV (on layer 0): 0.371860, 0.329832
        Polygon 562
            Coordinates: -6.170450, 1.212425, -2.336684
            Color vertex (on layer 0): 0.404300 (red), 0.404300 (green), 0.404300 (blue)
            Texture UV (on layer 0): 0.371860, 0.329832
            Coordinates: -6.115195, 0.655321, -2.343064
            Color vertex (on layer 0): 1.000000 (red), 1.000000 (green), 1.000000 (blue)
            Texture UV (on layer 0): 0.646435, 0.592950
            Coordinates: -5.959531, 0.643544, -2.085670
            Color vertex (on layer 0): 1.000000 (red), 1.000000 (green), 1.000000 (blue)
            Texture UV (on layer 0): 0.379361, 0.309473
        Polygon 563
            Coordinates: -6.043359, 1.426386, -2.080381
            Color vertex (on layer 0): 0.000000 (red), 0.000000 (green), 0.000000 (blue)
            Texture UV (on layer 0): 0.371860, 0.329832
            Coordinates: -6.520718, 1.329267, -2.258679
            Color vertex (on layer 0): 0.000000 (red), 0.000000 (green), 0.000000 (blue)
            Texture UV (on layer 0): 0.379361, 0.309473
            Coordinates: -6.002536, 1.188702, -2.166209
            Color vertex (on layer 0): 0.404300 (red), 0.404300 (green), 0.404300 (blue)
            Texture UV (on layer 0): 0.393125, 0.310832
        Polygon 564
            Coordinates: -6.520718, 1.329267, -2.258679
            Color vertex (on layer 0): 0.000000 (red), 0.000000 (green), 0.000000 (blue)
            Texture UV (on layer 0): 0.379361, 0.309473
            Coordinates: -6.170450, 1.212425, -2.336684
            Color vertex (on layer 0): 0.404300 (red), 0.404300 (green), 0.404300 (blue)
            Texture UV (on layer 0): 0.371860, 0.329832
            Coordinates: -6.002536, 1.188702, -2.166209
            Color vertex (on layer 0): 0.404300 (red), 0.404300 (green), 0.404300 (blue)
            Texture UV (on layer 0): 0.393125, 0.310832
        Polygon 565
            Coordinates: -5.421463, 1.265509, -1.520039
            Color vertex (on layer 0): 0.404300 (red), 0.404300 (green), 0.404300 (blue)
            Texture UV (on layer 0): 0.404840, 0.301924
            Coordinates: -5.486751, 1.526864, -1.465734
            Color vertex (on layer 0): 0.000000 (red), 0.000000 (green), 0.000000 (blue)
            Texture UV (on layer 0): 0.379361, 0.309473
            Coordinates: -6.002536, 1.188702, -2.166209
            Color vertex (on layer 0): 0.404300 (red), 0.404300 (green), 0.404300 (blue)
            Texture UV (on layer 0): 0.393125, 0.310832
        Polygon 566
            Coordinates: -5.486751, 1.526864, -1.465734
            Color vertex (on layer 0): 0.000000 (red), 0.000000 (green), 0.000000 (blue)
            Texture UV (on layer 0): 0.379361, 0.309473
            Coordinates: -6.043359, 1.426386, -2.080381
            Color vertex (on layer 0): 0.000000 (red), 0.000000 (green), 0.000000 (blue)
            Texture UV (on layer 0): 0.371860, 0.329832
            Coordinates: -6.002536, 1.188702, -2.166209
            Color vertex (on layer 0): 0.404300 (red), 0.404300 (green), 0.404300 (blue)
            Texture UV (on layer 0): 0.393125, 0.310832
        Polygon 567
            Coordinates: -4.698288, 1.699569, -0.753492
            Color vertex (on layer 0): 0.000000 (red), 0.000000 (green), 0.000000 (blue)
            Texture UV (on layer 0): 0.525210, 0.583092
            Coordinates: -5.486751, 1.526864, -1.465734
            Color vertex (on layer 0): 0.000000 (red), 0.000000 (green), 0.000000 (blue)
            Texture UV (on layer 0): 0.379361, 0.309473
            Coordinates: -4.733379, 1.393194, -0.853505
            Color vertex (on layer 0): 0.404300 (red), 0.404300 (green), 0.404300 (blue)
            Texture UV (on layer 0): 0.510917, 0.563572
        Polygon 568
            Coordinates: -4.733379, 1.393194, -0.853505
            Color vertex (on layer 0): 0.404300 (red), 0.404300 (green), 0.404300 (blue)
            Texture UV (on layer 0): 0.510917, 0.563572
            Coordinates: -5.486751, 1.526864, -1.465734
            Color vertex (on layer 0): 0.000000 (red), 0.000000 (green), 0.000000 (blue)
            Texture UV (on layer 0): 0.379361, 0.309473
            Coordinates: -5.421463, 1.265509, -1.520039
            Color vertex (on layer 0): 0.404300 (red), 0.404300 (green), 0.404300 (blue)
            Texture UV (on layer 0): 0.404840, 0.301924
        Polygon 569
            Coordinates: -3.630899, 1.654909, -0.130627
            Color vertex (on layer 0): 0.000000 (red), 0.000000 (green), 0.000000 (blue)
            Texture UV (on layer 0): 0.488177, 0.547027
            Coordinates: -4.698288, 1.699569, -0.753492
            Color vertex (on layer 0): 0.000000 (red), 0.000000 (green), 0.000000 (blue)
            Texture UV (on layer 0): 0.525210, 0.583092
            Coordinates: -3.727466, 1.384267, -0.238894
            Color vertex (on layer 0): 0.404300 (red), 0.404300 (green), 0.404300 (blue)
            Texture UV (on layer 0): 0.501937, 0.564810
        Polygon 570
            Coordinates: -3.727466, 1.384267, -0.238894
            Color vertex (on layer 0): 0.404300 (red), 0.404300 (green), 0.404300 (blue)
            Texture UV (on layer 0): 0.501937, 0.564810
            Coordinates: -4.698288, 1.699569, -0.753492
            Color vertex (on layer 0): 0.000000 (red), 0.000000 (green), 0.000000 (blue)
            Texture UV (on layer 0): 0.525210, 0.583092
            Coordinates: -4.733379, 1.393194, -0.853505
            Color vertex (on layer 0): 0.404300 (red), 0.404300 (green), 0.404300 (blue)
            Texture UV (on layer 0): 0.510917, 0.563572
        Polygon 571
            Coordinates: -3.126676, 1.460748, -0.023884
            Color vertex (on layer 0): 0.000000 (red), 0.000000 (green), 0.000000 (blue)
            Texture UV (on layer 0): 0.685479, 0.488884
            Coordinates: -3.630899, 1.654909, -0.130627
            Color vertex (on layer 0): 0.000000 (red), 0.000000 (green), 0.000000 (blue)
            Texture UV (on layer 0): 0.488177, 0.547027
            Coordinates: -3.273419, 1.239293, -0.127149
            Color vertex (on layer 0): 0.404300 (red), 0.404300 (green), 0.404300 (blue)
            Texture UV (on layer 0): 0.660396, 0.484069
        Polygon 572
            Coordinates: -3.630899, 1.654909, -0.130627
            Color vertex (on layer 0): 0.000000 (red), 0.000000 (green), 0.000000 (blue)
            Texture UV (on layer 0): 0.488177, 0.547027
            Coordinates: -3.727466, 1.384267, -0.238894
            Color vertex (on layer 0): 0.404300 (red), 0.404300 (green), 0.404300 (blue)
            Texture UV (on layer 0): 0.501937, 0.564810
            Coordinates: -3.273419, 1.239293, -0.127149
            Color vertex (on layer 0): 0.404300 (red), 0.404300 (green), 0.404300 (blue)
            Texture UV (on layer 0): 0.660396, 0.484069
        Polygon 573
            Coordinates: -3.126676, 1.460748, -0.023884
            Color vertex (on layer 0): 0.000000 (red), 0.000000 (green), 0.000000 (blue)
            Texture UV (on layer 0): 0.685479, 0.488884
            Coordinates: -3.273419, 1.239293, -0.127149
            Color vertex (on layer 0): 0.404300 (red), 0.404300 (green), 0.404300 (blue)
            Texture UV (on layer 0): 0.660396, 0.484069
            Coordinates: -2.776318, 1.162621, -0.022728
            Color vertex (on layer 0): 0.000000 (red), 0.000000 (green), 0.000000 (blue)
            Texture UV (on layer 0): 0.510917, 0.563572
        Polygon 574
            Coordinates: -3.273419, 1.239293, -0.127149
            Color vertex (on layer 0): 0.404300 (red), 0.404300 (green), 0.404300 (blue)
            Texture UV (on layer 0): 0.660396, 0.484069
            Coordinates: -2.915836, 1.015438, -0.105400
            Color vertex (on layer 0): 0.404300 (red), 0.404300 (green), 0.404300 (blue)
            Texture UV (on layer 0): 0.685479, 0.488884
            Coordinates: -2.776318, 1.162621, -0.022728
            Color vertex (on layer 0): 0.000000 (red), 0.000000 (green), 0.000000 (blue)
            Texture UV (on layer 0): 0.510917, 0.563572
        Polygon 575
            Coordinates: -2.776318, 1.162621, -0.022728
            Color vertex (on layer 0): 0.000000 (red), 0.000000 (green), 0.000000 (blue)
            Texture UV (on layer 0): 0.510917, 0.563572
            Coordinates: -2.915836, 1.015438, -0.105400
            Color vertex (on layer 0): 0.404300 (red), 0.404300 (green), 0.404300 (blue)
            Texture UV (on layer 0): 0.685479, 0.488884
            Coordinates: -2.432316, 0.751385, -0.060027
            Color vertex (on layer 0): 0.000000 (red), 0.000000 (green), 0.000000 (blue)
            Texture UV (on layer 0): 0.393125, 0.310832
        Polygon 576
            Coordinates: -2.915836, 1.015438, -0.105400
            Color vertex (on layer 0): 0.404300 (red), 0.404300 (green), 0.404300 (blue)
            Texture UV (on layer 0): 0.685479, 0.488884
            Coordinates: -2.568248, 0.645472, -0.132862
            Color vertex (on layer 0): 0.000000 (red), 0.000000 (green), 0.000000 (blue)
            Texture UV (on layer 0): 0.493374, 0.544015
            Coordinates: -2.432316, 0.751385, -0.060027
            Color vertex (on layer 0): 0.000000 (red), 0.000000 (green), 0.000000 (blue)
            Texture UV (on layer 0): 0.393125, 0.310832
        Polygon 577
            Coordinates: -2.341265, 0.114105, -0.104164
            Color vertex (on layer 0): 0.744700 (red), 0.744700 (green), 0.744700 (blue)
            Texture UV (on layer 0): 0.396054, 0.300873
            Coordinates: -1.922662, -0.212461, 0.071490
            Color vertex (on layer 0): 0.000000 (red), 0.000000 (green), 0.000000 (blue)
            Texture UV (on layer 0): 0.517297, 0.580132
            Coordinates: -2.205300, 0.280601, -0.053220
            Color vertex (on layer 0): 0.000000 (red), 0.000000 (green), 0.000000 (blue)
            Texture UV (on layer 0): 0.388141, 0.300114
        Polygon 578
            Coordinates: -1.922662, -0.212461, 0.071490
            Color vertex (on layer 0): 0.000000 (red), 0.000000 (green), 0.000000 (blue)
            Texture UV (on layer 0): 0.517297, 0.580132
            Coordinates: -1.883320, -0.029803, 0.002709
            Color vertex (on layer 0): 0.000000 (red), 0.000000 (green), 0.000000 (blue)
            Texture UV (on layer 0): 0.523462, 0.573095
            Coordinates: -2.205300, 0.280601, -0.053220
            Color vertex (on layer 0): 0.000000 (red), 0.000000 (green), 0.000000 (blue)
            Texture UV (on layer 0): 0.388141, 0.300114
        Polygon 579
            Coordinates: -2.568248, 0.645472, -0.132862
            Color vertex (on layer 0): 0.000000 (red), 0.000000 (green), 0.000000 (blue)
            Texture UV (on layer 0): 0.493374, 0.544015
            Coordinates: -2.636461, 0.427625, -0.183216
            Color vertex (on layer 0): 0.404300 (red), 0.404300 (green), 0.404300 (blue)
            Texture UV (on layer 0): 0.501937, 0.564810
            Coordinates: -2.205300, 0.280601, -0.053220
            Color vertex (on layer 0): 0.000000 (red), 0.000000 (green), 0.000000 (blue)
            Texture UV (on layer 0): 0.388141, 0.300114
        Polygon 580
            Coordinates: -2.205300, 0.280601, -0.053220
            Color vertex (on layer 0): 0.000000 (red), 0.000000 (green), 0.000000 (blue)
            Texture UV (on layer 0): 0.388141, 0.300114
            Coordinates: -2.636461, 0.427625, -0.183216
            Color vertex (on layer 0): 0.404300 (red), 0.404300 (green), 0.404300 (blue)
            Texture UV (on layer 0): 0.501937, 0.564810
            Coordinates: -2.341265, 0.114105, -0.104164
            Color vertex (on layer 0): 0.744700 (red), 0.744700 (green), 0.744700 (blue)
            Texture UV (on layer 0): 0.396054, 0.300873
        Polygon 581
            Coordinates: -2.915836, 1.015438, -0.105400
            Color vertex (on layer 0): 0.404300 (red), 0.404300 (green), 0.404300 (blue)
            Texture UV (on layer 0): 0.685479, 0.488884
            Coordinates: -2.953157, 0.676298, -0.194718
            Color vertex (on layer 0): 0.404300 (red), 0.404300 (green), 0.404300 (blue)
            Texture UV (on layer 0): 0.660396, 0.484069
            Coordinates: -2.568248, 0.645472, -0.132862
            Color vertex (on layer 0): 0.000000 (red), 0.000000 (green), 0.000000 (blue)
            Texture UV (on layer 0): 0.493374, 0.544015
        Polygon 582
            Coordinates: -2.568248, 0.645472, -0.132862
            Color vertex (on layer 0): 0.000000 (red), 0.000000 (green), 0.000000 (blue)
            Texture UV (on layer 0): 0.493374, 0.544015
            Coordinates: -2.953157, 0.676298, -0.194718
            Color vertex (on layer 0): 0.404300 (red), 0.404300 (green), 0.404300 (blue)
            Texture UV (on layer 0): 0.660396, 0.484069
            Coordinates: -2.636461, 0.427625, -0.183216
            Color vertex (on layer 0): 0.404300 (red), 0.404300 (green), 0.404300 (blue)
            Texture UV (on layer 0): 0.501937, 0.564810
        Polygon 583
            Coordinates: -3.798102, 1.034606, -0.366380
            Color vertex (on layer 0): 1.000000 (red), 1.000000 (green), 1.000000 (blue)
            Texture UV (on layer 0): 0.493374, 0.544015
            Coordinates: -3.332467, 0.898707, -0.239123
            Color vertex (on layer 0): 1.000000 (red), 1.000000 (green), 1.000000 (blue)
            Texture UV (on layer 0): 0.665999, 0.490689
            Coordinates: -3.727466, 1.384267, -0.238894
            Color vertex (on layer 0): 0.404300 (red), 0.404300 (green), 0.404300 (blue)
            Texture UV (on layer 0): 0.501937, 0.564810
        Polygon 584
            Coordinates: -3.273419, 1.239293, -0.127149
            Color vertex (on layer 0): 0.404300 (red), 0.404300 (green), 0.404300 (blue)
            Texture UV (on layer 0): 0.660396, 0.484069
            Coordinates: -3.727466, 1.384267, -0.238894
            Color vertex (on layer 0): 0.404300 (red), 0.404300 (green), 0.404300 (blue)
            Texture UV (on layer 0): 0.501937, 0.564810
            Coordinates: -3.332467, 0.898707, -0.239123
            Color vertex (on layer 0): 1.000000 (red), 1.000000 (green), 1.000000 (blue)
            Texture UV (on layer 0): 0.665999, 0.490689
        Polygon 585
            Coordinates: -4.806104, 0.995181, -1.024371
            Color vertex (on layer 0): 1.000000 (red), 1.000000 (green), 1.000000 (blue)
            Texture UV (on layer 0): 0.523462, 0.573095
            Coordinates: -3.798102, 1.034606, -0.366380
            Color vertex (on layer 0): 1.000000 (red), 1.000000 (green), 1.000000 (blue)
            Texture UV (on layer 0): 0.493374, 0.544015
            Coordinates: -4.733379, 1.393194, -0.853505
            Color vertex (on layer 0): 0.404300 (red), 0.404300 (green), 0.404300 (blue)
            Texture UV (on layer 0): 0.510917, 0.563572
        Polygon 586
            Coordinates: -3.798102, 1.034606, -0.366380
            Color vertex (on layer 0): 1.000000 (red), 1.000000 (green), 1.000000 (blue)
            Texture UV (on layer 0): 0.493374, 0.544015
            Coordinates: -3.727466, 1.384267, -0.238894
            Color vertex (on layer 0): 0.404300 (red), 0.404300 (green), 0.404300 (blue)
            Texture UV (on layer 0): 0.501937, 0.564810
            Coordinates: -4.733379, 1.393194, -0.853505
            Color vertex (on layer 0): 0.404300 (red), 0.404300 (green), 0.404300 (blue)
            Texture UV (on layer 0): 0.510917, 0.563572
        Polygon 587
            Coordinates: -4.733379, 1.393194, -0.853505
            Color vertex (on layer 0): 0.404300 (red), 0.404300 (green), 0.404300 (blue)
            Texture UV (on layer 0): 0.510917, 0.563572
            Coordinates: -5.421463, 1.265509, -1.520039
            Color vertex (on layer 0): 0.404300 (red), 0.404300 (green), 0.404300 (blue)
            Texture UV (on layer 0): 0.404840, 0.301924
            Coordinates: -4.806104, 0.995181, -1.024371
            Color vertex (on layer 0): 1.000000 (red), 1.000000 (green), 1.000000 (blue)
            Texture UV (on layer 0): 0.523462, 0.573095
        Polygon 588
            Coordinates: -4.806104, 0.995181, -1.024371
            Color vertex (on layer 0): 1.000000 (red), 1.000000 (green), 1.000000 (blue)
            Texture UV (on layer 0): 0.523462, 0.573095
            Coordinates: -5.421463, 1.265509, -1.520039
            Color vertex (on layer 0): 0.404300 (red), 0.404300 (green), 0.404300 (blue)
            Texture UV (on layer 0): 0.404840, 0.301924
            Coordinates: -5.462989, 0.896321, -1.713706
            Color vertex (on layer 0): 1.000000 (red), 1.000000 (green), 1.000000 (blue)
            Texture UV (on layer 0): 0.396054, 0.300873
        Polygon 589
            Coordinates: -6.002536, 1.188702, -2.166209
            Color vertex (on layer 0): 0.404300 (red), 0.404300 (green), 0.404300 (blue)
            Texture UV (on layer 0): 0.393125, 0.310832
            Coordinates: -5.791018, 0.961605, -2.063388
            Color vertex (on layer 0): 1.000000 (red), 1.000000 (green), 1.000000 (blue)
            Texture UV (on layer 0): 0.391766, 0.325154
            Coordinates: -5.421463, 1.265509, -1.520039
            Color vertex (on layer 0): 0.404300 (red), 0.404300 (green), 0.404300 (blue)
            Texture UV (on layer 0): 0.404840, 0.301924
        Polygon 590
            Coordinates: -5.791018, 0.961605, -2.063388
            Color vertex (on layer 0): 1.000000 (red), 1.000000 (green), 1.000000 (blue)
            Texture UV (on layer 0): 0.391766, 0.325154
            Coordinates: -5.462989, 0.896321, -1.713706
            Color vertex (on layer 0): 1.000000 (red), 1.000000 (green), 1.000000 (blue)
            Texture UV (on layer 0): 0.396054, 0.300873
            Coordinates: -5.421463, 1.265509, -1.520039
            Color vertex (on layer 0): 0.404300 (red), 0.404300 (green), 0.404300 (blue)
            Texture UV (on layer 0): 0.404840, 0.301924
        Polygon 591
            Coordinates: -2.636461, 0.427625, -0.183216
            Color vertex (on layer 0): 0.404300 (red), 0.404300 (green), 0.404300 (blue)
            Texture UV (on layer 0): 0.501937, 0.564810
            Coordinates: -3.081396, -0.102344, -0.457254
            Color vertex (on layer 0): 1.000000 (red), 1.000000 (green), 1.000000 (blue)
            Texture UV (on layer 0): 0.403971, 0.295103
            Coordinates: -2.341265, 0.114105, -0.104164
            Color vertex (on layer 0): 0.744700 (red), 0.744700 (green), 0.744700 (blue)
            Texture UV (on layer 0): 0.396054, 0.300873
        Polygon 592
            Coordinates: -3.081396, -0.102344, -0.457254
            Color vertex (on layer 0): 1.000000 (red), 1.000000 (green), 1.000000 (blue)
            Texture UV (on layer 0): 0.403971, 0.295103
            Coordinates: -2.399034, -0.326901, -0.159558
            Color vertex (on layer 0): 1.000000 (red), 1.000000 (green), 1.000000 (blue)
            Texture UV (on layer 0): 0.396054, 0.300873
            Coordinates: -2.341265, 0.114105, -0.104164
            Color vertex (on layer 0): 0.744700 (red), 0.744700 (green), 0.744700 (blue)
            Texture UV (on layer 0): 0.396054, 0.300873
        Polygon 593
            Coordinates: -5.959531, 0.643544, -2.085670
            Color vertex (on layer 0): 1.000000 (red), 1.000000 (green), 1.000000 (blue)
            Texture UV (on layer 0): 0.379361, 0.309473
            Coordinates: -5.331334, -0.009056, -1.833074
            Color vertex (on layer 0): 0.744700 (red), 0.744700 (green), 0.744700 (blue)
            Texture UV (on layer 0): 0.393125, 0.310832
            Coordinates: -5.791018, 0.961605, -2.063388
            Color vertex (on layer 0): 1.000000 (red), 1.000000 (green), 1.000000 (blue)
            Texture UV (on layer 0): 0.391766, 0.325154
        Polygon 594
            Coordinates: -5.791018, 0.961605, -2.063388
            Color vertex (on layer 0): 1.000000 (red), 1.000000 (green), 1.000000 (blue)
            Texture UV (on layer 0): 0.391766, 0.325154
            Coordinates: -5.398000, 0.449399, -1.772630
            Color vertex (on layer 0): 0.873976 (red), 0.873976 (green), 0.873976 (blue)
            Texture UV (on layer 0): 0.566150, 0.562616
            Coordinates: -5.462989, 0.896321, -1.713706
            Color vertex (on layer 0): 1.000000 (red), 1.000000 (green), 1.000000 (blue)
            Texture UV (on layer 0): 0.396054, 0.300873
        Polygon 595
            Coordinates: -4.806104, 0.995181, -1.024371
            Color vertex (on layer 0): 1.000000 (red), 1.000000 (green), 1.000000 (blue)
            Texture UV (on layer 0): 0.523462, 0.573095
            Coordinates: -5.462989, 0.896321, -1.713706
            Color vertex (on layer 0): 1.000000 (red), 1.000000 (green), 1.000000 (blue)
            Texture UV (on layer 0): 0.396054, 0.300873
            Coordinates: -5.398000, 0.449399, -1.772630
            Color vertex (on layer 0): 0.873976 (red), 0.873976 (green), 0.873976 (blue)
            Texture UV (on layer 0): 0.566150, 0.562616
            Coordinates: -4.915740, 0.278294, -1.191899
            Color vertex (on layer 0): 0.870323 (red), 0.870323 (green), 0.870323 (blue)
            Texture UV (on layer 0): 0.559021, 0.557371
        Polygon 596
            Coordinates: -3.332467, 0.898707, -0.239123
            Color vertex (on layer 0): 1.000000 (red), 1.000000 (green), 1.000000 (blue)
            Texture UV (on layer 0): 0.665999, 0.490689
            Coordinates: -3.081396, -0.102344, -0.457254
            Color vertex (on layer 0): 1.000000 (red), 1.000000 (green), 1.000000 (blue)
            Texture UV (on layer 0): 0.403971, 0.295103
            Coordinates: -2.953157, 0.676298, -0.194718
            Color vertex (on layer 0): 0.404300 (red), 0.404300 (green), 0.404300 (blue)
            Texture UV (on layer 0): 0.660396, 0.484069
        Polygon 597
            Coordinates: -3.081396, -0.102344, -0.457254
            Color vertex (on layer 0): 1.000000 (red), 1.000000 (green), 1.000000 (blue)
            Texture UV (on layer 0): 0.403971, 0.295103
            Coordinates: -2.636461, 0.427625, -0.183216
            Color vertex (on layer 0): 0.404300 (red), 0.404300 (green), 0.404300 (blue)
            Texture UV (on layer 0): 0.501937, 0.564810
            Coordinates: -2.953157, 0.676298, -0.194718
            Color vertex (on layer 0): 0.404300 (red), 0.404300 (green), 0.404300 (blue)
            Texture UV (on layer 0): 0.660396, 0.484069
        Polygon 598
            Coordinates: -1.922662, -0.212461, 0.071490
            Color vertex (on layer 0): 0.000000 (red), 0.000000 (green), 0.000000 (blue)
            Texture UV (on layer 0): 0.517297, 0.580132
            Coordinates: -2.341265, 0.114105, -0.104164
            Color vertex (on layer 0): 0.744700 (red), 0.744700 (green), 0.744700 (blue)
            Texture UV (on layer 0): 0.396054, 0.300873
            Coordinates: -1.971956, -0.297518, 0.080029
            Color vertex (on layer 0): 0.000000 (red), 0.000000 (green), 0.000000 (blue)
            Texture UV (on layer 0): 0.403971, 0.295103
        Polygon 599
            Coordinates: -2.341265, 0.114105, -0.104164
            Color vertex (on layer 0): 0.744700 (red), 0.744700 (green), 0.744700 (blue)
            Texture UV (on layer 0): 0.396054, 0.300873
            Coordinates: -2.399034, -0.326901, -0.159558
            Color vertex (on layer 0): 1.000000 (red), 1.000000 (green), 1.000000 (blue)
            Texture UV (on layer 0): 0.396054, 0.300873
            Coordinates: -1.971956, -0.297518, 0.080029
            Color vertex (on layer 0): 0.000000 (red), 0.000000 (green), 0.000000 (blue)
            Texture UV (on layer 0): 0.403971, 0.295103
        Polygon 600
            Coordinates: -6.170450, 1.212425, -2.336684
            Color vertex (on layer 0): 0.404300 (red), 0.404300 (green), 0.404300 (blue)
            Texture UV (on layer 0): 0.371860, 0.329832
            Coordinates: -5.959531, 0.643544, -2.085670
            Color vertex (on layer 0): 1.000000 (red), 1.000000 (green), 1.000000 (blue)
            Texture UV (on layer 0): 0.379361, 0.309473
            Coordinates: -6.002536, 1.188702, -2.166209
            Color vertex (on layer 0): 0.404300 (red), 0.404300 (green), 0.404300 (blue)
            Texture UV (on layer 0): 0.393125, 0.310832
        Polygon 601
            Coordinates: -5.959531, 0.643544, -2.085670
            Color vertex (on layer 0): 1.000000 (red), 1.000000 (green), 1.000000 (blue)
            Texture UV (on layer 0): 0.379361, 0.309473
            Coordinates: -5.791018, 0.961605, -2.063388
            Color vertex (on layer 0): 1.000000 (red), 1.000000 (green), 1.000000 (blue)
            Texture UV (on layer 0): 0.391766, 0.325154
            Coordinates: -6.002536, 1.188702, -2.166209
            Color vertex (on layer 0): 0.404300 (red), 0.404300 (green), 0.404300 (blue)
            Texture UV (on layer 0): 0.393125, 0.310832
        Polygon 602
            Coordinates: -4.551364, 1.884379, -0.550978
            Color vertex (on layer 0): 0.000000 (red), 0.000000 (green), 0.000000 (blue)
            Texture UV (on layer 0): 0.653751, 0.591871
            Coordinates: -5.066285, 2.185414, -0.726041
            Color vertex (on layer 0): 0.000000 (red), 0.000000 (green), 0.000000 (blue)
            Texture UV (on layer 0): 0.632266, 0.588337
            Coordinates: -4.833587, 1.716397, -0.744602
            Color vertex (on layer 0): 0.000000 (red), 0.000000 (green), 0.000000 (blue)
            Texture UV (on layer 0): 0.632266, 0.588337
        Polygon 603
            Coordinates: -5.066285, 2.185414, -0.726041
            Color vertex (on layer 0): 0.000000 (red), 0.000000 (green), 0.000000 (blue)
            Texture UV (on layer 0): 0.632266, 0.588337
            Coordinates: -5.165374, 2.031476, -0.840864
            Color vertex (on layer 0): 0.000000 (red), 0.000000 (green), 0.000000 (blue)
            Texture UV (on layer 0): 0.650700, 0.581501
            Coordinates: -4.833587, 1.716397, -0.744602
            Color vertex (on layer 0): 0.000000 (red), 0.000000 (green), 0.000000 (blue)
            Texture UV (on layer 0): 0.632266, 0.588337
        Polygon 604
            Coordinates: -5.043029, 1.538459, -0.860472
            Color vertex (on layer 0): 0.000000 (red), 0.000000 (green), 0.000000 (blue)
            Texture UV (on layer 0): 0.317844, 0.392002
            Coordinates: -5.495942, 1.761928, -1.100032
            Color vertex (on layer 0): 0.000000 (red), 0.000000 (green), 0.000000 (blue)
            Texture UV (on layer 0): 0.407790, 0.377061
            Coordinates: -5.373829, 1.448171, -1.302258
            Color vertex (on layer 0): 0.000000 (red), 0.000000 (green), 0.000000 (blue)
            Texture UV (on layer 0): 0.323273, 0.400562
        Polygon 605
            Coordinates: -5.373829, 1.448171, -1.302258
            Color vertex (on layer 0): 0.000000 (red), 0.000000 (green), 0.000000 (blue)
            Texture UV (on layer 0): 0.323273, 0.400562
            Coordinates: -5.495942, 1.761928, -1.100032
            Color vertex (on layer 0): 0.000000 (red), 0.000000 (green), 0.000000 (blue)
            Texture UV (on layer 0): 0.407790, 0.377061
            Coordinates: -5.605402, 1.595885, -1.407044
            Color vertex (on layer 0): 0.000000 (red), 0.000000 (green), 0.000000 (blue)
            Texture UV (on layer 0): 0.400374, 0.375211
        Polygon 606
            Coordinates: -5.610065, 1.330006, -1.443868
            Color vertex (on layer 0): 0.000000 (red), 0.000000 (green), 0.000000 (blue)
            Texture UV (on layer 0): 0.399365, 0.402058
            Coordinates: -5.942233, 1.578047, -1.644546
            Color vertex (on layer 0): 0.000000 (red), 0.000000 (green), 0.000000 (blue)
            Texture UV (on layer 0): 0.405346, 0.367863
            Coordinates: -6.008594, 1.256323, -1.869685
            Color vertex (on layer 0): 0.000000 (red), 0.000000 (green), 0.000000 (blue)
            Texture UV (on layer 0): 0.403034, 0.408173
        Polygon 607
            Coordinates: -6.008594, 1.256323, -1.869685
            Color vertex (on layer 0): 0.000000 (red), 0.000000 (green), 0.000000 (blue)
            Texture UV (on layer 0): 0.403034, 0.408173
            Coordinates: -5.942233, 1.578047, -1.644546
            Color vertex (on layer 0): 0.000000 (red), 0.000000 (green), 0.000000 (blue)
            Texture UV (on layer 0): 0.405346, 0.367863
            Coordinates: -6.243558, 1.468147, -1.986523
            Color vertex (on layer 0): 0.000000 (red), 0.000000 (green), 0.000000 (blue)
            Texture UV (on layer 0): 0.407790, 0.377061
        Polygon 608
            Coordinates: -4.297520, 1.646326, -0.439171
            Color vertex (on layer 0): 0.000000 (red), 0.000000 (green), 0.000000 (blue)
            Texture UV (on layer 0): 0.653751, 0.591871
            Coordinates: -4.551364, 1.884379, -0.550978
            Color vertex (on layer 0): 0.000000 (red), 0.000000 (green), 0.000000 (blue)
            Texture UV (on layer 0): 0.653751, 0.591871
            Coordinates: -4.610428, 1.547585, -0.639814
            Color vertex (on layer 0): 0.000000 (red), 0.000000 (green), 0.000000 (blue)
            Texture UV (on layer 0): 0.325571, 0.398751
        Polygon 609
            Coordinates: -4.551364, 1.884379, -0.550978
            Color vertex (on layer 0): 0.000000 (red), 0.000000 (green), 0.000000 (blue)
            Texture UV (on layer 0): 0.653751, 0.591871
            Coordinates: -4.833587, 1.716397, -0.744602
            Color vertex (on layer 0): 0.000000 (red), 0.000000 (green), 0.000000 (blue)
            Texture UV (on layer 0): 0.632266, 0.588337
            Coordinates: -4.610428, 1.547585, -0.639814
            Color vertex (on layer 0): 0.000000 (red), 0.000000 (green), 0.000000 (blue)
            Texture UV (on layer 0): 0.325571, 0.398751
        Polygon 610
            Coordinates: -4.346178, -0.859315, -0.878290
            Color vertex (on layer 0): 0.000000 (red), 0.000000 (green), 0.000000 (blue)
            Texture UV (on layer 0): 0.330060, 0.412958
            Coordinates: -4.811286, -0.724022, -1.174454
            Color vertex (on layer 0): 0.000000 (red), 0.000000 (green), 0.000000 (blue)
            Texture UV (on layer 0): 0.325676, 0.420502
            Coordinates: -4.688124, -1.113824, -1.021101
            Color vertex (on layer 0): 0.000000 (red), 0.000000 (green), 0.000000 (blue)
            Texture UV (on layer 0): 0.442560, 0.445683
        Polygon 611
            Coordinates: -4.688124, -1.113824, -1.021101
            Color vertex (on layer 0): 0.000000 (red), 0.000000 (green), 0.000000 (blue)
            Texture UV (on layer 0): 0.442560, 0.445683
            Coordinates: -4.811286, -0.724022, -1.174454
            Color vertex (on layer 0): 0.000000 (red), 0.000000 (green), 0.000000 (blue)
            Texture UV (on layer 0): 0.325676, 0.420502
            Coordinates: -5.067590, -0.957168, -1.283383
            Color vertex (on layer 0): 0.000000 (red), 0.000000 (green), 0.000000 (blue)
            Texture UV (on layer 0): 0.551826, 0.418320
        Polygon 612
            Coordinates: 5.868396, 6.640864, -3.324292
            Color vertex (on layer 0): 1.000000 (red), 0.868000 (green), 0.576000 (blue)
            Texture UV (on layer 0): 0.535915, 0.380036
            Coordinates: 6.465806, 5.439944, -4.530241
            Color vertex (on layer 0): 1.000000 (red), 0.868000 (green), 0.576000 (blue)
            Texture UV (on layer 0): 0.426910, 0.312199
            Coordinates: 6.632975, 8.373173, -5.397038
            Color vertex (on layer 0): 1.000000 (red), 0.868000 (green), 0.576000 (blue)
            Texture UV (on layer 0): 0.448640, 0.383295
        Polygon 613
            Coordinates: 6.465806, 5.439944, -4.530241
            Color vertex (on layer 0): 1.000000 (red), 0.868000 (green), 0.576000 (blue)
            Texture UV (on layer 0): 0.426910, 0.312199
            Coordinates: 7.230386, 7.172250, -6.602989
            Color vertex (on layer 0): 1.000000 (red), 0.868000 (green), 0.576000 (blue)
            Texture UV (on layer 0): 0.446998, 0.374293
            Coordinates: 6.632975, 8.373173, -5.397038
            Color vertex (on layer 0): 1.000000 (red), 0.868000 (green), 0.576000 (blue)
            Texture UV (on layer 0): 0.448640, 0.383295
        Polygon 614
            Coordinates: 7.175886, 4.441041, -8.418264
            Color vertex (on layer 0): 1.000000 (red), 0.868000 (green), 0.576000 (blue)
            Texture UV (on layer 0): 0.545676, 0.389131
            Coordinates: 6.850620, 5.371675, -6.921010
            Color vertex (on layer 0): 1.000000 (red), 0.868000 (green), 0.576000 (blue)
            Texture UV (on layer 0): 0.531943, 0.389184
            Coordinates: 7.229561, 3.171778, -7.204005
            Color vertex (on layer 0): 1.000000 (red), 0.868000 (green), 0.576000 (blue)
            Texture UV (on layer 0): 0.425479, 0.302752
        Polygon 615
            Coordinates: 6.911779, 4.266639, -5.836686
            Color vertex (on layer 0): 1.000000 (red), 0.868000 (green), 0.576000 (blue)
            Texture UV (on layer 0): 0.545676, 0.389131
            Coordinates: 7.229561, 3.171778, -7.204005
            Color vertex (on layer 0): 1.000000 (red), 0.868000 (green), 0.576000 (blue)
            Texture UV (on layer 0): 0.425479, 0.302752
            Coordinates: 6.850620, 5.371675, -6.921010
            Color vertex (on layer 0): 1.000000 (red), 0.868000 (green), 0.576000 (blue)
            Texture UV (on layer 0): 0.531943, 0.389184
        Polygon 616
            Coordinates: 6.850620, 5.371675, -6.921010
            Color vertex (on layer 0): 1.000000 (red), 0.868000 (green), 0.576000 (blue)
            Texture UV (on layer 0): 0.531943, 0.389184
            Coordinates: 7.175886, 4.441041, -8.418264
            Color vertex (on layer 0): 1.000000 (red), 0.868000 (green), 0.576000 (blue)
            Texture UV (on layer 0): 0.545676, 0.389131
            Coordinates: 6.977957, 7.135140, -8.498085
            Color vertex (on layer 0): 1.000000 (red), 0.868000 (green), 0.576000 (blue)
            Texture UV (on layer 0): 0.448640, 0.383295
        Polygon 617
            Coordinates: 7.175886, 4.441041, -8.418264
            Color vertex (on layer 0): 1.000000 (red), 0.868000 (green), 0.576000 (blue)
            Texture UV (on layer 0): 0.545676, 0.389131
            Coordinates: 7.285115, 6.039933, -9.867819
            Color vertex (on layer 0): 1.000000 (red), 0.868000 (green), 0.576000 (blue)
            Texture UV (on layer 0): 0.435576, 0.373762
            Coordinates: 6.977957, 7.135140, -8.498085
            Color vertex (on layer 0): 1.000000 (red), 0.868000 (green), 0.576000 (blue)
            Texture UV (on layer 0): 0.448640, 0.383295
        Polygon 618
            Coordinates: -1.286872, -3.414936, 0.606406
            Color vertex (on layer 0): 1.000000 (red), 0.866700 (green), 0.572500 (blue)
            Texture UV (on layer 0): 0.393259, 0.373591
            Coordinates: -1.901074, -3.598467, 0.022904
            Color vertex (on layer 0): 1.000000 (red), 0.866700 (green), 0.572500 (blue)
            Texture UV (on layer 0): 0.383514, 0.378089
            Coordinates: -1.417775, -4.658962, 0.138816
            Color vertex (on layer 0): 1.000000 (red), 0.866700 (green), 0.572500 (blue)
            Texture UV (on layer 0): 0.386585, 0.370618
        Polygon 619
            Coordinates: 1.100893, -3.349236, 0.619273
            Color vertex (on layer 0): 1.000000 (red), 0.868000 (green), 0.576000 (blue)
            Texture UV (on layer 0): 0.329482, 0.424655
            Coordinates: 1.211265, -2.377792, 0.377697
            Color vertex (on layer 0): 1.000000 (red), 0.868000 (green), 0.576000 (blue)
            Texture UV (on layer 0): 0.325676, 0.420502
            Coordinates: 0.633610, -3.148979, 1.212222
            Color vertex (on layer 0): 1.000000 (red), 0.868000 (green), 0.576000 (blue)
            Texture UV (on layer 0): 0.325571, 0.398751
        Polygon 620
            Coordinates: 1.211265, -2.377792, 0.377697
            Color vertex (on layer 0): 1.000000 (red), 0.868000 (green), 0.576000 (blue)
            Texture UV (on layer 0): 0.325676, 0.420502
            Coordinates: 0.617343, -2.498535, 1.084887
            Color vertex (on layer 0): 1.000000 (red), 0.868000 (green), 0.576000 (blue)
            Texture UV (on layer 0): 0.330060, 0.412958
            Coordinates: 0.633610, -3.148979, 1.212222
            Color vertex (on layer 0): 1.000000 (red), 0.868000 (green), 0.576000 (blue)
            Texture UV (on layer 0): 0.325571, 0.398751
        Polygon 621
            Coordinates: -1.468963, -2.459052, 0.392551
            Color vertex (on layer 0): 1.000000 (red), 0.866700 (green), 0.572500 (blue)
            Texture UV (on layer 0): 0.326094, 0.384998
            Coordinates: -0.858883, -2.578440, 1.275130
            Color vertex (on layer 0): 1.000000 (red), 0.868000 (green), 0.576000 (blue)
            Texture UV (on layer 0): 0.317844, 0.392002
            Coordinates: -1.187717, -1.728782, 0.523244
            Color vertex (on layer 0): 1.000000 (red), 0.868000 (green), 0.576000 (blue)
            Texture UV (on layer 0): 0.650700, 0.581501
        Polygon 622
            Coordinates: -0.858883, -2.578440, 1.275130
            Color vertex (on layer 0): 1.000000 (red), 0.868000 (green), 0.576000 (blue)
            Texture UV (on layer 0): 0.317844, 0.392002
            Coordinates: -0.655774, -1.533689, 0.928661
            Color vertex (on layer 0): 1.000000 (red), 0.868000 (green), 0.576000 (blue)
            Texture UV (on layer 0): 0.316721, 0.383141
            Coordinates: -1.187717, -1.728782, 0.523244
            Color vertex (on layer 0): 1.000000 (red), 0.868000 (green), 0.576000 (blue)
            Texture UV (on layer 0): 0.650700, 0.581501
        Polygon 623
            Coordinates: -5.210852, -0.485996, -1.436083
            Color vertex (on layer 0): 0.000000 (red), 0.000000 (green), 0.000000 (blue)
            Texture UV (on layer 0): 0.537641, 0.567538
            Coordinates: -5.567397, -0.213096, -1.783569
            Color vertex (on layer 0): 0.000000 (red), 0.000000 (green), 0.000000 (blue)
            Texture UV (on layer 0): 0.545075, 0.564540
            Coordinates: -5.596772, -0.662944, -1.731978
            Color vertex (on layer 0): 0.000000 (red), 0.000000 (green), 0.000000 (blue)
            Texture UV (on layer 0): 0.568713, 0.432511
        Polygon 624
            Coordinates: -5.596772, -0.662944, -1.731978
            Color vertex (on layer 0): 0.000000 (red), 0.000000 (green), 0.000000 (blue)
            Texture UV (on layer 0): 0.568713, 0.432511
            Coordinates: -5.567397, -0.213096, -1.783569
            Color vertex (on layer 0): 0.000000 (red), 0.000000 (green), 0.000000 (blue)
            Texture UV (on layer 0): 0.545075, 0.564540
            Coordinates: -5.806960, -0.358049, -1.972650
            Color vertex (on layer 0): 0.000000 (red), 0.000000 (green), 0.000000 (blue)
            Texture UV (on layer 0): 0.560714, 0.405142
        Polygon 625
            Coordinates: -5.699917, 0.103218, -2.028842
            Color vertex (on layer 0): 0.000000 (red), 0.000000 (green), 0.000000 (blue)
            Texture UV (on layer 0): 0.632266, 0.588337
            Coordinates: -6.109266, 0.431588, -2.245519
            Color vertex (on layer 0): 0.000000 (red), 0.000000 (green), 0.000000 (blue)
            Texture UV (on layer 0): 0.649700, 0.572639
            Coordinates: -6.121328, -0.014546, -2.255613
            Color vertex (on layer 0): 0.000000 (red), 0.000000 (green), 0.000000 (blue)
            Texture UV (on layer 0): 0.412098, 0.372081
        Polygon 626
            Coordinates: -6.121328, -0.014546, -2.255613
            Color vertex (on layer 0): 0.000000 (red), 0.000000 (green), 0.000000 (blue)
            Texture UV (on layer 0): 0.412098, 0.372081
            Coordinates: -6.109266, 0.431588, -2.245519
            Color vertex (on layer 0): 0.000000 (red), 0.000000 (green), 0.000000 (blue)
            Texture UV (on layer 0): 0.649700, 0.572639
            Coordinates: -6.454557, 0.293933, -2.443844
            Color vertex (on layer 0): 0.000000 (red), 0.000000 (green), 0.000000 (blue)
            Texture UV (on layer 0): 0.405346, 0.367863
        Polygon 627
            Coordinates: 1.100893, -3.349236, 0.619273
            Color vertex (on layer 0): 1.000000 (red), 0.868000 (green), 0.576000 (blue)
            Texture UV (on layer 0): 0.329482, 0.424655
            Coordinates: 1.750679, -3.498826, 0.037955
            Color vertex (on layer 0): 1.000000 (red), 0.868000 (green), 0.576000 (blue)
            Texture UV (on layer 0): 0.317844, 0.392002
            Coordinates: 1.211265, -2.377792, 0.377697
            Color vertex (on layer 0): 1.000000 (red), 0.868000 (green), 0.576000 (blue)
            Texture UV (on layer 0): 0.325676, 0.420502
        Polygon 628
            Coordinates: 1.750679, -3.498826, 0.037955
            Color vertex (on layer 0): 1.000000 (red), 0.868000 (green), 0.576000 (blue)
            Texture UV (on layer 0): 0.317844, 0.392002
            Coordinates: 1.495332, -2.273716, 0.199434
            Color vertex (on layer 0): 1.000000 (red), 0.868000 (green), 0.576000 (blue)
            Texture UV (on layer 0): 0.326094, 0.384998
            Coordinates: 1.211265, -2.377792, 0.377697
            Color vertex (on layer 0): 1.000000 (red), 0.868000 (green), 0.576000 (blue)
            Texture UV (on layer 0): 0.325676, 0.420502
        Polygon 629
            Coordinates: 5.899895, 10.852227, -2.671660
            Color vertex (on layer 0): 1.000000 (red), 0.866700 (green), 0.572500 (blue)
            Texture UV (on layer 0): 0.649700, 0.572639
            Coordinates: 6.449213, 9.280541, -5.200243
            Color vertex (on layer 0): 1.000000 (red), 0.866700 (green), 0.572500 (blue)
            Texture UV (on layer 0): 0.637988, 0.558973
            Coordinates: 6.114948, 13.830383, -5.335042
            Color vertex (on layer 0): 1.000000 (red), 0.866700 (green), 0.572500 (blue)
            Texture UV (on layer 0): 0.649700, 0.572639
        Polygon 630
            Coordinates: 6.449213, 9.280541, -5.200243
            Color vertex (on layer 0): 1.000000 (red), 0.866700 (green), 0.572500 (blue)
            Texture UV (on layer 0): 0.637988, 0.558973
            Coordinates: 6.633677, 11.980790, -7.648263
            Color vertex (on layer 0): 1.000000 (red), 0.866700 (green), 0.572500 (blue)
            Texture UV (on layer 0): 0.652587, 0.567105
            Coordinates: 6.114948, 13.830383, -5.335042
            Color vertex (on layer 0): 1.000000 (red), 0.866700 (green), 0.572500 (blue)
            Texture UV (on layer 0): 0.649700, 0.572639
        Polygon 631
            Coordinates: 7.729672, 2.853639, -9.955035
            Color vertex (on layer 0): 0.773000 (red), 0.670000 (green), 0.442600 (blue)
            Texture UV (on layer 0): 0.335868, 0.355780
            Coordinates: 7.593129, 0.142130, -11.294712
            Color vertex (on layer 0): 0.773000 (red), 0.670000 (green), 0.442600 (blue)
            Texture UV (on layer 0): 0.353642, 0.355272
            Coordinates: 8.728168, 3.851999, -13.698771
            Color vertex (on layer 0): 0.773000 (red), 0.670000 (green), 0.442600 (blue)
            Texture UV (on layer 0): 0.341124, 0.372677
        Polygon 632
            Coordinates: 7.593129, 0.142130, -11.294712
            Color vertex (on layer 0): 0.773000 (red), 0.670000 (green), 0.442600 (blue)
            Texture UV (on layer 0): 0.353642, 0.355272
            Coordinates: 8.486515, 1.033832, -14.718878
            Color vertex (on layer 0): 0.773000 (red), 0.670000 (green), 0.442600 (blue)
            Texture UV (on layer 0): 0.341124, 0.372677
            Coordinates: 8.728168, 3.851999, -13.698771
            Color vertex (on layer 0): 0.773000 (red), 0.670000 (green), 0.442600 (blue)
            Texture UV (on layer 0): 0.341124, 0.372677
        Polygon 633
            Coordinates: 2.692740, 0.561762, 0.070338
            Color vertex (on layer 0): 0.000000 (red), 0.000000 (green), 0.000000 (blue)
            Texture UV (on layer 0): 0.652284, 0.556490
            Coordinates: 2.797338, -0.006287, -0.082906
            Color vertex (on layer 0): 0.000000 (red), 0.000000 (green), 0.000000 (blue)
            Texture UV (on layer 0): 0.652587, 0.567105
            Coordinates: 3.177934, 0.430178, 0.127465
            Color vertex (on layer 0): 0.439000 (red), 0.484900 (green), 0.938000 (blue)
            Texture UV (on layer 0): 0.666192, 0.550995
        Polygon 634
            Coordinates: 2.797338, -0.006287, -0.082906
            Color vertex (on layer 0): 0.000000 (red), 0.000000 (green), 0.000000 (blue)
            Texture UV (on layer 0): 0.652587, 0.567105
            Coordinates: 3.238936, 0.064664, 0.026379
            Color vertex (on layer 0): 0.439000 (red), 0.484900 (green), 0.938000 (blue)
            Texture UV (on layer 0): 0.652587, 0.567105
            Coordinates: 3.177934, 0.430178, 0.127465
            Color vertex (on layer 0): 0.439000 (red), 0.484900 (green), 0.938000 (blue)
            Texture UV (on layer 0): 0.666192, 0.550995
        Polygon 635
            Coordinates: 4.411866, 0.777048, -0.824481
            Color vertex (on layer 0): 0.000000 (red), 0.000000 (green), 0.000000 (blue)
            Texture UV (on layer 0): 0.328763, 0.370510
            Coordinates: 4.193471, 1.197141, -0.639334
            Color vertex (on layer 0): 0.000000 (red), 0.000000 (green), 0.000000 (blue)
            Texture UV (on layer 0): 0.650473, 0.543555
            Coordinates: 4.132522, 0.597016, -0.361040
            Color vertex (on layer 0): 0.439000 (red), 0.484900 (green), 0.938000 (blue)
            Texture UV (on layer 0): 0.328763, 0.370510
        Polygon 636
            Coordinates: 4.193471, 1.197141, -0.639334
            Color vertex (on layer 0): 0.000000 (red), 0.000000 (green), 0.000000 (blue)
            Texture UV (on layer 0): 0.650473, 0.543555
            Coordinates: 4.069079, 0.878810, -0.272616
            Color vertex (on layer 0): 0.439000 (red), 0.484900 (green), 0.938000 (blue)
            Texture UV (on layer 0): 0.666192, 0.550995
            Coordinates: 4.132522, 0.597016, -0.361040
            Color vertex (on layer 0): 0.439000 (red), 0.484900 (green), 0.938000 (blue)
            Texture UV (on layer 0): 0.328763, 0.370510
        Polygon 637
            Coordinates: 3.889621, 1.297027, -0.358778
            Color vertex (on layer 0): 0.000000 (red), 0.000000 (green), 0.000000 (blue)
            Texture UV (on layer 0): 0.652284, 0.556490
            Coordinates: 3.948337, 1.041749, -0.171901
            Color vertex (on layer 0): 0.439000 (red), 0.484900 (green), 0.938000 (blue)
            Texture UV (on layer 0): 0.370631, 0.385345
            Coordinates: 4.193471, 1.197141, -0.639334
            Color vertex (on layer 0): 0.000000 (red), 0.000000 (green), 0.000000 (blue)
            Texture UV (on layer 0): 0.650473, 0.543555
        Polygon 638
            Coordinates: 3.948337, 1.041749, -0.171901
            Color vertex (on layer 0): 0.439000 (red), 0.484900 (green), 0.938000 (blue)
            Texture UV (on layer 0): 0.370631, 0.385345
            Coordinates: 4.069079, 0.878810, -0.272616
            Color vertex (on layer 0): 0.439000 (red), 0.484900 (green), 0.938000 (blue)
            Texture UV (on layer 0): 0.666192, 0.550995
            Coordinates: 4.193471, 1.197141, -0.639334
            Color vertex (on layer 0): 0.000000 (red), 0.000000 (green), 0.000000 (blue)
            Texture UV (on layer 0): 0.650473, 0.543555
        Polygon 639
            Coordinates: 3.310274, 1.285421, -0.050072
            Color vertex (on layer 0): 0.000000 (red), 0.000000 (green), 0.000000 (blue)
            Texture UV (on layer 0): 0.326094, 0.384998
            Coordinates: 2.846722, 1.107221, 0.097288
            Color vertex (on layer 0): 0.000000 (red), 0.000000 (green), 0.000000 (blue)
            Texture UV (on layer 0): 0.660450, 0.563292
            Coordinates: 3.446137, 1.077433, 0.113619
            Color vertex (on layer 0): 0.439000 (red), 0.484900 (green), 0.938000 (blue)
            Texture UV (on layer 0): 0.322087, 0.373793
        Polygon 640
            Coordinates: 2.846722, 1.107221, 0.097288
            Color vertex (on layer 0): 0.000000 (red), 0.000000 (green), 0.000000 (blue)
            Texture UV (on layer 0): 0.660450, 0.563292
            Coordinates: 3.210628, 0.642758, 0.149427
            Color vertex (on layer 0): 0.439000 (red), 0.484900 (green), 0.938000 (blue)
            Texture UV (on layer 0): 0.341124, 0.372677
            Coordinates: 3.446137, 1.077433, 0.113619
            Color vertex (on layer 0): 0.439000 (red), 0.484900 (green), 0.938000 (blue)
            Texture UV (on layer 0): 0.322087, 0.373793
        Polygon 641
            Coordinates: 3.063108, -0.376256, -0.276111
            Color vertex (on layer 0): 0.000000 (red), 0.000000 (green), 0.000000 (blue)
            Texture UV (on layer 0): 0.335868, 0.355780
            Coordinates: 3.702754, -0.371179, -0.527749
            Color vertex (on layer 0): 0.000000 (red), 0.000000 (green), 0.000000 (blue)
            Texture UV (on layer 0): 0.328763, 0.370510
            Coordinates: 3.424260, -0.168627, -0.117628
            Color vertex (on layer 0): 0.439000 (red), 0.484900 (green), 0.938000 (blue)
            Texture UV (on layer 0): 0.637988, 0.558973
        Polygon 642
            Coordinates: 3.702754, -0.371179, -0.527749
            Color vertex (on layer 0): 0.000000 (red), 0.000000 (green), 0.000000 (blue)
            Texture UV (on layer 0): 0.328763, 0.370510
            Coordinates: 3.774871, -0.167535, -0.307760
            Color vertex (on layer 0): 0.439000 (red), 0.484900 (green), 0.938000 (blue)
            Texture UV (on layer 0): 0.652284, 0.556490
            Coordinates: 3.424260, -0.168627, -0.117628
            Color vertex (on layer 0): 0.439000 (red), 0.484900 (green), 0.938000 (blue)
            Texture UV (on layer 0): 0.637988, 0.558973
        Polygon 643
            Coordinates: 4.186139, -0.159298, -0.848776
            Color vertex (on layer 0): 0.000000 (red), 0.000000 (green), 0.000000 (blue)
            Texture UV (on layer 0): 0.652284, 0.556490
            Coordinates: 4.033468, 0.026436, -0.412414
            Color vertex (on layer 0): 0.439000 (red), 0.484900 (green), 0.938000 (blue)
            Texture UV (on layer 0): 0.660450, 0.563292
            Coordinates: 3.702754, -0.371179, -0.527749
            Color vertex (on layer 0): 0.000000 (red), 0.000000 (green), 0.000000 (blue)
            Texture UV (on layer 0): 0.328763, 0.370510
        Polygon 644
            Coordinates: 4.033468, 0.026436, -0.412414
            Color vertex (on layer 0): 0.439000 (red), 0.484900 (green), 0.938000 (blue)
            Texture UV (on layer 0): 0.660450, 0.563292
            Coordinates: 3.774871, -0.167535, -0.307760
            Color vertex (on layer 0): 0.439000 (red), 0.484900 (green), 0.938000 (blue)
            Texture UV (on layer 0): 0.652284, 0.556490
            Coordinates: 3.702754, -0.371179, -0.527749
            Color vertex (on layer 0): 0.000000 (red), 0.000000 (green), 0.000000 (blue)
            Texture UV (on layer 0): 0.328763, 0.370510
        Polygon 645
            Coordinates: 4.186139, -0.159298, -0.848776
            Color vertex (on layer 0): 0.000000 (red), 0.000000 (green), 0.000000 (blue)
            Texture UV (on layer 0): 0.652284, 0.556490
            Coordinates: 4.387632, 0.192401, -0.903267
            Color vertex (on layer 0): 0.000000 (red), 0.000000 (green), 0.000000 (blue)
            Texture UV (on layer 0): 0.666192, 0.550995
            Coordinates: 4.033468, 0.026436, -0.412414
            Color vertex (on layer 0): 0.439000 (red), 0.484900 (green), 0.938000 (blue)
            Texture UV (on layer 0): 0.660450, 0.563292
        Polygon 646
            Coordinates: 4.387632, 0.192401, -0.903267
            Color vertex (on layer 0): 0.000000 (red), 0.000000 (green), 0.000000 (blue)
            Texture UV (on layer 0): 0.666192, 0.550995
            Coordinates: 4.168427, 0.288838, -0.440359
            Color vertex (on layer 0): 0.439000 (red), 0.484900 (green), 0.938000 (blue)
            Texture UV (on layer 0): 0.672200, 0.560009
            Coordinates: 4.033468, 0.026436, -0.412414
            Color vertex (on layer 0): 0.439000 (red), 0.484900 (green), 0.938000 (blue)
            Texture UV (on layer 0): 0.660450, 0.563292
        Polygon 647
            Coordinates: 4.387632, 0.192401, -0.903267
            Color vertex (on layer 0): 0.000000 (red), 0.000000 (green), 0.000000 (blue)
            Texture UV (on layer 0): 0.666192, 0.550995
            Coordinates: 4.411866, 0.777048, -0.824481
            Color vertex (on layer 0): 0.000000 (red), 0.000000 (green), 0.000000 (blue)
            Texture UV (on layer 0): 0.328763, 0.370510
            Coordinates: 4.168427, 0.288838, -0.440359
            Color vertex (on layer 0): 0.439000 (red), 0.484900 (green), 0.938000 (blue)
            Texture UV (on layer 0): 0.672200, 0.560009
        Polygon 648
            Coordinates: 4.411866, 0.777048, -0.824481
            Color vertex (on layer 0): 0.000000 (red), 0.000000 (green), 0.000000 (blue)
            Texture UV (on layer 0): 0.328763, 0.370510
            Coordinates: 4.132522, 0.597016, -0.361040
            Color vertex (on layer 0): 0.439000 (red), 0.484900 (green), 0.938000 (blue)
            Texture UV (on layer 0): 0.328763, 0.370510
            Coordinates: 4.168427, 0.288838, -0.440359
            Color vertex (on layer 0): 0.439000 (red), 0.484900 (green), 0.938000 (blue)
            Texture UV (on layer 0): 0.672200, 0.560009
        Polygon 649
            Coordinates: 2.846722, 1.107221, 0.097288
            Color vertex (on layer 0): 0.000000 (red), 0.000000 (green), 0.000000 (blue)
            Texture UV (on layer 0): 0.660450, 0.563292
            Coordinates: 2.692740, 0.561762, 0.070338
            Color vertex (on layer 0): 0.000000 (red), 0.000000 (green), 0.000000 (blue)
            Texture UV (on layer 0): 0.652284, 0.556490
            Coordinates: 3.210628, 0.642758, 0.149427
            Color vertex (on layer 0): 0.439000 (red), 0.484900 (green), 0.938000 (blue)
            Texture UV (on layer 0): 0.341124, 0.372677
        Polygon 650
            Coordinates: 2.692740, 0.561762, 0.070338
            Color vertex (on layer 0): 0.000000 (red), 0.000000 (green), 0.000000 (blue)
            Texture UV (on layer 0): 0.652284, 0.556490
            Coordinates: 3.177934, 0.430178, 0.127465
            Color vertex (on layer 0): 0.439000 (red), 0.484900 (green), 0.938000 (blue)
            Texture UV (on layer 0): 0.666192, 0.550995
            Coordinates: 3.210628, 0.642758, 0.149427
            Color vertex (on layer 0): 0.439000 (red), 0.484900 (green), 0.938000 (blue)
            Texture UV (on layer 0): 0.341124, 0.372677
        Polygon 651
            Coordinates: 2.797338, -0.006287, -0.082906
            Color vertex (on layer 0): 0.000000 (red), 0.000000 (green), 0.000000 (blue)
            Texture UV (on layer 0): 0.652587, 0.567105
            Coordinates: 3.063108, -0.376256, -0.276111
            Color vertex (on layer 0): 0.000000 (red), 0.000000 (green), 0.000000 (blue)
            Texture UV (on layer 0): 0.335868, 0.355780
            Coordinates: 3.238936, 0.064664, 0.026379
            Color vertex (on layer 0): 0.439000 (red), 0.484900 (green), 0.938000 (blue)
            Texture UV (on layer 0): 0.652587, 0.567105
        Polygon 652
            Coordinates: 3.063108, -0.376256, -0.276111
            Color vertex (on layer 0): 0.000000 (red), 0.000000 (green), 0.000000 (blue)
            Texture UV (on layer 0): 0.335868, 0.355780
            Coordinates: 3.424260, -0.168627, -0.117628
            Color vertex (on layer 0): 0.439000 (red), 0.484900 (green), 0.938000 (blue)
            Texture UV (on layer 0): 0.637988, 0.558973
            Coordinates: 3.238936, 0.064664, 0.026379
            Color vertex (on layer 0): 0.439000 (red), 0.484900 (green), 0.938000 (blue)
            Texture UV (on layer 0): 0.652587, 0.567105
        Polygon 653
            Coordinates: 3.238936, 0.064664, 0.026379
            Color vertex (on layer 0): 0.439000 (red), 0.484900 (green), 0.938000 (blue)
            Texture UV (on layer 0): 0.652587, 0.567105
            Coordinates: 3.367794, 0.445610, 0.042776
            Color vertex (on layer 0): 0.439000 (red), 0.484900 (green), 0.938000 (blue)
            Texture UV (on layer 0): 0.660450, 0.563292
            Coordinates: 3.177934, 0.430178, 0.127465
            Color vertex (on layer 0): 0.439000 (red), 0.484900 (green), 0.938000 (blue)
            Texture UV (on layer 0): 0.666192, 0.550995
        Polygon 654
            Coordinates: 3.367794, 0.445610, 0.042776
            Color vertex (on layer 0): 0.439000 (red), 0.484900 (green), 0.938000 (blue)
            Texture UV (on layer 0): 0.660450, 0.563292
            Coordinates: 3.210628, 0.642758, 0.149427
            Color vertex (on layer 0): 0.439000 (red), 0.484900 (green), 0.938000 (blue)
            Texture UV (on layer 0): 0.341124, 0.372677
            Coordinates: 3.177934, 0.430178, 0.127465
            Color vertex (on layer 0): 0.439000 (red), 0.484900 (green), 0.938000 (blue)
            Texture UV (on layer 0): 0.666192, 0.550995
        Polygon 655
            Coordinates: 4.132522, 0.597016, -0.361040
            Color vertex (on layer 0): 0.439000 (red), 0.484900 (green), 0.938000 (blue)
            Texture UV (on layer 0): 0.328763, 0.370510
            Coordinates: 3.956803, 0.574559, -0.283648
            Color vertex (on layer 0): 0.439000 (red), 0.484900 (green), 0.938000 (blue)
            Texture UV (on layer 0): 0.326094, 0.384998
            Coordinates: 4.168427, 0.288838, -0.440359
            Color vertex (on layer 0): 0.439000 (red), 0.484900 (green), 0.938000 (blue)
            Texture UV (on layer 0): 0.672200, 0.560009
        Polygon 656
            Coordinates: 3.948337, 1.041749, -0.171901
            Color vertex (on layer 0): 0.439000 (red), 0.484900 (green), 0.938000 (blue)
            Texture UV (on layer 0): 0.370631, 0.385345
            Coordinates: 3.956803, 0.574559, -0.283648
            Color vertex (on layer 0): 0.439000 (red), 0.484900 (green), 0.938000 (blue)
            Texture UV (on layer 0): 0.326094, 0.384998
            Coordinates: 4.069079, 0.878810, -0.272616
            Color vertex (on layer 0): 0.439000 (red), 0.484900 (green), 0.938000 (blue)
            Texture UV (on layer 0): 0.666192, 0.550995
        Polygon 657
            Coordinates: 4.069079, 0.878810, -0.272616
            Color vertex (on layer 0): 0.439000 (red), 0.484900 (green), 0.938000 (blue)
            Texture UV (on layer 0): 0.666192, 0.550995
            Coordinates: 3.956803, 0.574559, -0.283648
            Color vertex (on layer 0): 0.439000 (red), 0.484900 (green), 0.938000 (blue)
            Texture UV (on layer 0): 0.326094, 0.384998
            Coordinates: 4.132522, 0.597016, -0.361040
            Color vertex (on layer 0): 0.439000 (red), 0.484900 (green), 0.938000 (blue)
            Texture UV (on layer 0): 0.328763, 0.370510
        Polygon 658
            Coordinates: 3.367794, 0.445610, 0.042776
            Color vertex (on layer 0): 0.439000 (red), 0.484900 (green), 0.938000 (blue)
            Texture UV (on layer 0): 0.660450, 0.563292
            Coordinates: 3.238936, 0.064664, 0.026379
            Color vertex (on layer 0): 0.439000 (red), 0.484900 (green), 0.938000 (blue)
            Texture UV (on layer 0): 0.652587, 0.567105
            Coordinates: 3.956803, 0.574559, -0.283648
            Color vertex (on layer 0): 0.439000 (red), 0.484900 (green), 0.938000 (blue)
            Texture UV (on layer 0): 0.326094, 0.384998
        Polygon 659
            Coordinates: 3.238936, 0.064664, 0.026379
            Color vertex (on layer 0): 0.439000 (red), 0.484900 (green), 0.938000 (blue)
            Texture UV (on layer 0): 0.652587, 0.567105
            Coordinates: 3.424260, -0.168627, -0.117628
            Color vertex (on layer 0): 0.439000 (red), 0.484900 (green), 0.938000 (blue)
            Texture UV (on layer 0): 0.637988, 0.558973
            Coordinates: 3.956803, 0.574559, -0.283648
            Color vertex (on layer 0): 0.439000 (red), 0.484900 (green), 0.938000 (blue)
            Texture UV (on layer 0): 0.326094, 0.384998
        Polygon 660
            Coordinates: 3.424260, -0.168627, -0.117628
            Color vertex (on layer 0): 0.439000 (red), 0.484900 (green), 0.938000 (blue)
            Texture UV (on layer 0): 0.637988, 0.558973
            Coordinates: 3.774871, -0.167535, -0.307760
            Color vertex (on layer 0): 0.439000 (red), 0.484900 (green), 0.938000 (blue)
            Texture UV (on layer 0): 0.652284, 0.556490
            Coordinates: 3.956803, 0.574559, -0.283648
            Color vertex (on layer 0): 0.439000 (red), 0.484900 (green), 0.938000 (blue)
            Texture UV (on layer 0): 0.326094, 0.384998
        Polygon 661
            Coordinates: 3.774871, -0.167535, -0.307760
            Color vertex (on layer 0): 0.439000 (red), 0.484900 (green), 0.938000 (blue)
            Texture UV (on layer 0): 0.652284, 0.556490
            Coordinates: 4.033468, 0.026436, -0.412414
            Color vertex (on layer 0): 0.439000 (red), 0.484900 (green), 0.938000 (blue)
            Texture UV (on layer 0): 0.660450, 0.563292
            Coordinates: 3.956803, 0.574559, -0.283648
            Color vertex (on layer 0): 0.439000 (red), 0.484900 (green), 0.938000 (blue)
            Texture UV (on layer 0): 0.326094, 0.384998
        Polygon 662
            Coordinates: 4.168427, 0.288838, -0.440359
            Color vertex (on layer 0): 0.439000 (red), 0.484900 (green), 0.938000 (blue)
            Texture UV (on layer 0): 0.672200, 0.560009
            Coordinates: 3.956803, 0.574559, -0.283648
            Color vertex (on layer 0): 0.439000 (red), 0.484900 (green), 0.938000 (blue)
            Texture UV (on layer 0): 0.326094, 0.384998
            Coordinates: 4.033468, 0.026436, -0.412414
            Color vertex (on layer 0): 0.439000 (red), 0.484900 (green), 0.938000 (blue)
            Texture UV (on layer 0): 0.660450, 0.563292
        Polygon 663
            Coordinates: 3.507553, 0.783540, -0.030766
            Color vertex (on layer 0): 1.000000 (red), 1.000000 (green), 1.000000 (blue)
            Texture UV (on layer 0): 0.635706, 0.543799
            Coordinates: 3.627184, 0.723731, -0.106386
            Color vertex (on layer 0): 1.000000 (red), 1.000000 (green), 1.000000 (blue)
            Texture UV (on layer 0): 0.639406, 0.519589
            Coordinates: 3.597723, 0.949959, -0.044471
            Color vertex (on layer 0): 1.000000 (red), 1.000000 (green), 1.000000 (blue)
            Texture UV (on layer 0): 0.354221, 0.384401
        Polygon 664
            Coordinates: 3.627184, 0.723731, -0.106386
            Color vertex (on layer 0): 1.000000 (red), 1.000000 (green), 1.000000 (blue)
            Texture UV (on layer 0): 0.639406, 0.519589
            Coordinates: 3.757101, 0.799586, -0.163409
            Color vertex (on layer 0): 1.000000 (red), 1.000000 (green), 1.000000 (blue)
            Texture UV (on layer 0): 0.650473, 0.543555
            Coordinates: 3.597723, 0.949959, -0.044471
            Color vertex (on layer 0): 1.000000 (red), 1.000000 (green), 1.000000 (blue)
            Texture UV (on layer 0): 0.354221, 0.384401
        Polygon 665
            Coordinates: 3.757101, 0.799586, -0.163409
            Color vertex (on layer 0): 1.000000 (red), 1.000000 (green), 1.000000 (blue)
            Texture UV (on layer 0): 0.650473, 0.543555
            Coordinates: 3.735166, 0.940194, -0.122620
            Color vertex (on layer 0): 1.000000 (red), 1.000000 (green), 1.000000 (blue)
            Texture UV (on layer 0): 0.357375, 0.369279
            Coordinates: 3.597723, 0.949959, -0.044471
            Color vertex (on layer 0): 1.000000 (red), 1.000000 (green), 1.000000 (blue)
            Texture UV (on layer 0): 0.354221, 0.384401
        Polygon 666
            Coordinates: 3.310274, 1.285421, -0.050072
            Color vertex (on layer 0): 0.000000 (red), 0.000000 (green), 0.000000 (blue)
            Texture UV (on layer 0): 0.326094, 0.384998
            Coordinates: 3.446137, 1.077433, 0.113619
            Color vertex (on layer 0): 0.439000 (red), 0.484900 (green), 0.938000 (blue)
            Texture UV (on layer 0): 0.322087, 0.373793
            Coordinates: 3.889621, 1.297027, -0.358778
            Color vertex (on layer 0): 0.000000 (red), 0.000000 (green), 0.000000 (blue)
            Texture UV (on layer 0): 0.652284, 0.556490
        Polygon 667
            Coordinates: 3.446137, 1.077433, 0.113619
            Color vertex (on layer 0): 0.439000 (red), 0.484900 (green), 0.938000 (blue)
            Texture UV (on layer 0): 0.322087, 0.373793
            Coordinates: 3.948337, 1.041749, -0.171901
            Color vertex (on layer 0): 0.439000 (red), 0.484900 (green), 0.938000 (blue)
            Texture UV (on layer 0): 0.370631, 0.385345
            Coordinates: 3.889621, 1.297027, -0.358778
            Color vertex (on layer 0): 0.000000 (red), 0.000000 (green), 0.000000 (blue)
            Texture UV (on layer 0): 0.652284, 0.556490
        Polygon 668
            Coordinates: 3.210628, 0.642758, 0.149427
            Color vertex (on layer 0): 0.439000 (red), 0.484900 (green), 0.938000 (blue)
            Texture UV (on layer 0): 0.341124, 0.372677
            Coordinates: 3.507553, 0.783540, -0.030766
            Color vertex (on layer 0): 1.000000 (red), 1.000000 (green), 1.000000 (blue)
            Texture UV (on layer 0): 0.635706, 0.543799
            Coordinates: 3.446137, 1.077433, 0.113619
            Color vertex (on layer 0): 0.439000 (red), 0.484900 (green), 0.938000 (blue)
            Texture UV (on layer 0): 0.322087, 0.373793
        Polygon 669
            Coordinates: 3.507553, 0.783540, -0.030766
            Color vertex (on layer 0): 1.000000 (red), 1.000000 (green), 1.000000 (blue)
            Texture UV (on layer 0): 0.635706, 0.543799
            Coordinates: 3.597723, 0.949959, -0.044471
            Color vertex (on layer 0): 1.000000 (red), 1.000000 (green), 1.000000 (blue)
            Texture UV (on layer 0): 0.354221, 0.384401
            Coordinates: 3.446137, 1.077433, 0.113619
            Color vertex (on layer 0): 0.439000 (red), 0.484900 (green), 0.938000 (blue)
            Texture UV (on layer 0): 0.322087, 0.373793
        Polygon 670
            Coordinates: 3.627184, 0.723731, -0.106386
            Color vertex (on layer 0): 1.000000 (red), 1.000000 (green), 1.000000 (blue)
            Texture UV (on layer 0): 0.639406, 0.519589
            Coordinates: 3.507553, 0.783540, -0.030766
            Color vertex (on layer 0): 1.000000 (red), 1.000000 (green), 1.000000 (blue)
            Texture UV (on layer 0): 0.635706, 0.543799
            Coordinates: 3.367794, 0.445610, 0.042776
            Color vertex (on layer 0): 0.439000 (red), 0.484900 (green), 0.938000 (blue)
            Texture UV (on layer 0): 0.660450, 0.563292
        Polygon 671
            Coordinates: 3.210628, 0.642758, 0.149427
            Color vertex (on layer 0): 0.439000 (red), 0.484900 (green), 0.938000 (blue)
            Texture UV (on layer 0): 0.341124, 0.372677
            Coordinates: 3.367794, 0.445610, 0.042776
            Color vertex (on layer 0): 0.439000 (red), 0.484900 (green), 0.938000 (blue)
            Texture UV (on layer 0): 0.660450, 0.563292
            Coordinates: 3.507553, 0.783540, -0.030766
            Color vertex (on layer 0): 1.000000 (red), 1.000000 (green), 1.000000 (blue)
            Texture UV (on layer 0): 0.635706, 0.543799
        Polygon 672
            Coordinates: 3.757101, 0.799586, -0.163409
            Color vertex (on layer 0): 1.000000 (red), 1.000000 (green), 1.000000 (blue)
            Texture UV (on layer 0): 0.650473, 0.543555
            Coordinates: 3.627184, 0.723731, -0.106386
            Color vertex (on layer 0): 1.000000 (red), 1.000000 (green), 1.000000 (blue)
            Texture UV (on layer 0): 0.639406, 0.519589
            Coordinates: 3.956803, 0.574559, -0.283648
            Color vertex (on layer 0): 0.439000 (red), 0.484900 (green), 0.938000 (blue)
            Texture UV (on layer 0): 0.326094, 0.384998
        Polygon 673
            Coordinates: 3.367794, 0.445610, 0.042776
            Color vertex (on layer 0): 0.439000 (red), 0.484900 (green), 0.938000 (blue)
            Texture UV (on layer 0): 0.660450, 0.563292
            Coordinates: 3.956803, 0.574559, -0.283648
            Color vertex (on layer 0): 0.439000 (red), 0.484900 (green), 0.938000 (blue)
            Texture UV (on layer 0): 0.326094, 0.384998
            Coordinates: 3.627184, 0.723731, -0.106386
            Color vertex (on layer 0): 1.000000 (red), 1.000000 (green), 1.000000 (blue)
            Texture UV (on layer 0): 0.639406, 0.519589
        Polygon 674
            Coordinates: 3.446137, 1.077433, 0.113619
            Color vertex (on layer 0): 0.439000 (red), 0.484900 (green), 0.938000 (blue)
            Texture UV (on layer 0): 0.322087, 0.373793
            Coordinates: 3.597723, 0.949959, -0.044471
            Color vertex (on layer 0): 1.000000 (red), 1.000000 (green), 1.000000 (blue)
            Texture UV (on layer 0): 0.354221, 0.384401
            Coordinates: 3.948337, 1.041749, -0.171901
            Color vertex (on layer 0): 0.439000 (red), 0.484900 (green), 0.938000 (blue)
            Texture UV (on layer 0): 0.370631, 0.385345
        Polygon 675
            Coordinates: 3.948337, 1.041749, -0.171901
            Color vertex (on layer 0): 0.439000 (red), 0.484900 (green), 0.938000 (blue)
            Texture UV (on layer 0): 0.370631, 0.385345
            Coordinates: 3.597723, 0.949959, -0.044471
            Color vertex (on layer 0): 1.000000 (red), 1.000000 (green), 1.000000 (blue)
            Texture UV (on layer 0): 0.354221, 0.384401
            Coordinates: 3.735166, 0.940194, -0.122620
            Color vertex (on layer 0): 1.000000 (red), 1.000000 (green), 1.000000 (blue)
            Texture UV (on layer 0): 0.357375, 0.369279
        Polygon 676
            Coordinates: 3.948337, 1.041749, -0.171901
            Color vertex (on layer 0): 0.439000 (red), 0.484900 (green), 0.938000 (blue)
            Texture UV (on layer 0): 0.370631, 0.385345
            Coordinates: 3.735166, 0.940194, -0.122620
            Color vertex (on layer 0): 1.000000 (red), 1.000000 (green), 1.000000 (blue)
            Texture UV (on layer 0): 0.357375, 0.369279
            Coordinates: 3.956803, 0.574559, -0.283648
            Color vertex (on layer 0): 0.439000 (red), 0.484900 (green), 0.938000 (blue)
            Texture UV (on layer 0): 0.326094, 0.384998
        Polygon 677
            Coordinates: 3.956803, 0.574559, -0.283648
            Color vertex (on layer 0): 0.439000 (red), 0.484900 (green), 0.938000 (blue)
            Texture UV (on layer 0): 0.326094, 0.384998
            Coordinates: 3.735166, 0.940194, -0.122620
            Color vertex (on layer 0): 1.000000 (red), 1.000000 (green), 1.000000 (blue)
            Texture UV (on layer 0): 0.357375, 0.369279
            Coordinates: 3.757101, 0.799586, -0.163409
            Color vertex (on layer 0): 1.000000 (red), 1.000000 (green), 1.000000 (blue)
            Texture UV (on layer 0): 0.650473, 0.543555
        Polygon 678
            Coordinates: 1.727872, 3.249452, 1.180994
            Color vertex (on layer 0): 0.354600 (red), 0.290300 (green), 0.198200 (blue)
            Texture UV (on layer 0): 0.345623, 0.319608
            Coordinates: 2.257483, 2.949839, 0.934764
            Color vertex (on layer 0): 0.354600 (red), 0.290300 (green), 0.198200 (blue)
            Texture UV (on layer 0): 0.328425, 0.324590
            Coordinates: 2.320960, 3.728373, 1.001117
            Color vertex (on layer 0): 0.354600 (red), 0.290300 (green), 0.198200 (blue)
            Texture UV (on layer 0): 0.326491, 0.340952
        Polygon 679
            Coordinates: 2.257483, 2.949839, 0.934764
            Color vertex (on layer 0): 0.354600 (red), 0.290300 (green), 0.198200 (blue)
            Texture UV (on layer 0): 0.328425, 0.324590
            Coordinates: 2.592337, 3.273090, 0.828426
            Color vertex (on layer 0): 0.354600 (red), 0.290300 (green), 0.198200 (blue)
            Texture UV (on layer 0): 0.345623, 0.319608
            Coordinates: 2.320960, 3.728373, 1.001117
            Color vertex (on layer 0): 0.354600 (red), 0.290300 (green), 0.198200 (blue)
            Texture UV (on layer 0): 0.326491, 0.340952
        Polygon 680
            Coordinates: 2.257483, 2.949839, 0.934764
            Color vertex (on layer 0): 0.354600 (red), 0.290300 (green), 0.198200 (blue)
            Texture UV (on layer 0): 0.328425, 0.324590
            Coordinates: 1.727872, 3.249452, 1.180994
            Color vertex (on layer 0): 0.354600 (red), 0.290300 (green), 0.198200 (blue)
            Texture UV (on layer 0): 0.345623, 0.319608
            Coordinates: 1.844394, 2.546087, 0.979837
            Color vertex (on layer 0): 0.354600 (red), 0.290300 (green), 0.198200 (blue)
            Texture UV (on layer 0): 0.650473, 0.543555
        Polygon 681
            Coordinates: 1.844394, 2.546087, 0.979837
            Color vertex (on layer 0): 0.354600 (red), 0.290300 (green), 0.198200 (blue)
            Texture UV (on layer 0): 0.650473, 0.543555
            Coordinates: 1.727872, 3.249452, 1.180994
            Color vertex (on layer 0): 0.354600 (red), 0.290300 (green), 0.198200 (blue)
            Texture UV (on layer 0): 0.345623, 0.319608
            Coordinates: 1.547936, 2.532612, 1.063209
            Color vertex (on layer 0): 0.354600 (red), 0.290300 (green), 0.198200 (blue)
            Texture UV (on layer 0): 0.664840, 0.530451
        Polygon 682
            Coordinates: 4.206289, 4.328935, -0.012499
            Color vertex (on layer 0): 0.354600 (red), 0.290300 (green), 0.198200 (blue)
            Texture UV (on layer 0): 0.664840, 0.530451
            Coordinates: 4.223650, 3.936311, -0.094649
            Color vertex (on layer 0): 0.354600 (red), 0.290300 (green), 0.198200 (blue)
            Texture UV (on layer 0): 0.666192, 0.550995
            Coordinates: 5.028585, 4.326135, -0.557930
            Color vertex (on layer 0): 0.354600 (red), 0.290300 (green), 0.198200 (blue)
            Texture UV (on layer 0): 0.371816, 0.348159
        Polygon 683
            Coordinates: 4.223650, 3.936311, -0.094649
            Color vertex (on layer 0): 0.354600 (red), 0.290300 (green), 0.198200 (blue)
            Texture UV (on layer 0): 0.666192, 0.550995
            Coordinates: 4.955331, 3.869194, -0.607100
            Color vertex (on layer 0): 0.354600 (red), 0.290300 (green), 0.198200 (blue)
            Texture UV (on layer 0): 0.371860, 0.329832
            Coordinates: 5.028585, 4.326135, -0.557930
            Color vertex (on layer 0): 0.354600 (red), 0.290300 (green), 0.198200 (blue)
            Texture UV (on layer 0): 0.371816, 0.348159
        Polygon 684
            Coordinates: 5.028585, 4.326135, -0.557930
            Color vertex (on layer 0): 0.354600 (red), 0.290300 (green), 0.198200 (blue)
            Texture UV (on layer 0): 0.371816, 0.348159
            Coordinates: 4.955331, 3.869194, -0.607100
            Color vertex (on layer 0): 0.354600 (red), 0.290300 (green), 0.198200 (blue)
            Texture UV (on layer 0): 0.371860, 0.329832
            Coordinates: 5.517254, 4.115289, -1.096718
            Color vertex (on layer 0): 0.354600 (red), 0.290300 (green), 0.198200 (blue)
            Texture UV (on layer 0): 0.391766, 0.325154
        Polygon 685
            Coordinates: 4.955331, 3.869194, -0.607100
            Color vertex (on layer 0): 0.354600 (red), 0.290300 (green), 0.198200 (blue)
            Texture UV (on layer 0): 0.371860, 0.329832
            Coordinates: 5.440369, 3.722137, -1.135144
            Color vertex (on layer 0): 0.354600 (red), 0.290300 (green), 0.198200 (blue)
            Texture UV (on layer 0): 0.350736, 0.340158
            Coordinates: 5.517254, 4.115289, -1.096718
            Color vertex (on layer 0): 0.354600 (red), 0.290300 (green), 0.198200 (blue)
            Texture UV (on layer 0): 0.391766, 0.325154
        Polygon 686
            Coordinates: 5.804062, 3.602552, -1.642876
            Color vertex (on layer 0): 0.354600 (red), 0.290300 (green), 0.198200 (blue)
            Texture UV (on layer 0): 0.393125, 0.310832
            Coordinates: 5.872613, 3.971370, -1.571033
            Color vertex (on layer 0): 0.354600 (red), 0.290300 (green), 0.198200 (blue)
            Texture UV (on layer 0): 0.403296, 0.325223
            Coordinates: 5.440369, 3.722137, -1.135144
            Color vertex (on layer 0): 0.354600 (red), 0.290300 (green), 0.198200 (blue)
            Texture UV (on layer 0): 0.350736, 0.340158
        Polygon 687
            Coordinates: 5.440369, 3.722137, -1.135144
            Color vertex (on layer 0): 0.354600 (red), 0.290300 (green), 0.198200 (blue)
            Texture UV (on layer 0): 0.350736, 0.340158
            Coordinates: 5.872613, 3.971370, -1.571033
            Color vertex (on layer 0): 0.354600 (red), 0.290300 (green), 0.198200 (blue)
            Texture UV (on layer 0): 0.403296, 0.325223
            Coordinates: 5.517254, 4.115289, -1.096718
            Color vertex (on layer 0): 0.354600 (red), 0.290300 (green), 0.198200 (blue)
            Texture UV (on layer 0): 0.391766, 0.325154
        Polygon 688
            Coordinates: 3.592271, 4.306419, 0.419521
            Color vertex (on layer 0): 0.354600 (red), 0.290300 (green), 0.198200 (blue)
            Texture UV (on layer 0): 0.674954, 0.534211
            Coordinates: 3.643293, 3.885073, 0.313826
            Color vertex (on layer 0): 0.354600 (red), 0.290300 (green), 0.198200 (blue)
            Texture UV (on layer 0): 0.666192, 0.550995
            Coordinates: 4.206289, 4.328935, -0.012499
            Color vertex (on layer 0): 0.354600 (red), 0.290300 (green), 0.198200 (blue)
            Texture UV (on layer 0): 0.664840, 0.530451
        Polygon 689
            Coordinates: 3.643293, 3.885073, 0.313826
            Color vertex (on layer 0): 0.354600 (red), 0.290300 (green), 0.198200 (blue)
            Texture UV (on layer 0): 0.666192, 0.550995
            Coordinates: 4.223650, 3.936311, -0.094649
            Color vertex (on layer 0): 0.354600 (red), 0.290300 (green), 0.198200 (blue)
            Texture UV (on layer 0): 0.666192, 0.550995
            Coordinates: 4.206289, 4.328935, -0.012499
            Color vertex (on layer 0): 0.354600 (red), 0.290300 (green), 0.198200 (blue)
            Texture UV (on layer 0): 0.664840, 0.530451
        Polygon 690
            Coordinates: 2.990985, 4.157017, 0.730422
            Color vertex (on layer 0): 0.354600 (red), 0.290300 (green), 0.198200 (blue)
            Texture UV (on layer 0): 0.326491, 0.340952
            Coordinates: 3.116288, 3.656487, 0.578339
            Color vertex (on layer 0): 0.354600 (red), 0.290300 (green), 0.198200 (blue)
            Texture UV (on layer 0): 0.331669, 0.344712
            Coordinates: 3.592271, 4.306419, 0.419521
            Color vertex (on layer 0): 0.354600 (red), 0.290300 (green), 0.198200 (blue)
            Texture UV (on layer 0): 0.674954, 0.534211
        Polygon 691
            Coordinates: 3.116288, 3.656487, 0.578339
            Color vertex (on layer 0): 0.354600 (red), 0.290300 (green), 0.198200 (blue)
            Texture UV (on layer 0): 0.331669, 0.344712
            Coordinates: 3.643293, 3.885073, 0.313826
            Color vertex (on layer 0): 0.354600 (red), 0.290300 (green), 0.198200 (blue)
            Texture UV (on layer 0): 0.666192, 0.550995
            Coordinates: 3.592271, 4.306419, 0.419521
            Color vertex (on layer 0): 0.354600 (red), 0.290300 (green), 0.198200 (blue)
            Texture UV (on layer 0): 0.674954, 0.534211
        Polygon 692
            Coordinates: 2.990985, 4.157017, 0.730422
            Color vertex (on layer 0): 0.354600 (red), 0.290300 (green), 0.198200 (blue)
            Texture UV (on layer 0): 0.326491, 0.340952
            Coordinates: 2.320960, 3.728373, 1.001117
            Color vertex (on layer 0): 0.354600 (red), 0.290300 (green), 0.198200 (blue)
            Texture UV (on layer 0): 0.326491, 0.340952
            Coordinates: 3.116288, 3.656487, 0.578339
            Color vertex (on layer 0): 0.354600 (red), 0.290300 (green), 0.198200 (blue)
            Texture UV (on layer 0): 0.331669, 0.344712
        Polygon 693
            Coordinates: 2.592337, 3.273090, 0.828426
            Color vertex (on layer 0): 0.354600 (red), 0.290300 (green), 0.198200 (blue)
            Texture UV (on layer 0): 0.345623, 0.319608
            Coordinates: 3.116288, 3.656487, 0.578339
            Color vertex (on layer 0): 0.354600 (red), 0.290300 (green), 0.198200 (blue)
            Texture UV (on layer 0): 0.331669, 0.344712
            Coordinates: 2.320960, 3.728373, 1.001117
            Color vertex (on layer 0): 0.354600 (red), 0.290300 (green), 0.198200 (blue)
            Texture UV (on layer 0): 0.326491, 0.340952
        Polygon 694
            Coordinates: 1.541272, 1.763366, 0.909006
            Color vertex (on layer 0): 0.751800 (red), 0.436300 (green), 0.480500 (blue)
            Texture UV (on layer 0): 0.393125, 0.310832
            Coordinates: 1.460341, 1.177548, 0.677809
            Color vertex (on layer 0): 0.751800 (red), 0.436300 (green), 0.480500 (blue)
            Texture UV (on layer 0): 0.683420, 0.509106
            Coordinates: 1.912789, 1.480442, 0.666218
            Color vertex (on layer 0): 0.751800 (red), 0.436300 (green), 0.480500 (blue)
            Texture UV (on layer 0): 0.403296, 0.325223
        Polygon 695
            Coordinates: 1.771360, 1.098730, 0.529083
            Color vertex (on layer 0): 0.751800 (red), 0.436300 (green), 0.480500 (blue)
            Texture UV (on layer 0): 0.408326, 0.312839
            Coordinates: 1.912789, 1.480442, 0.666218
            Color vertex (on layer 0): 0.751800 (red), 0.436300 (green), 0.480500 (blue)
            Texture UV (on layer 0): 0.403296, 0.325223
            Coordinates: 1.460341, 1.177548, 0.677809
            Color vertex (on layer 0): 0.751800 (red), 0.436300 (green), 0.480500 (blue)
            Texture UV (on layer 0): 0.683420, 0.509106
        Polygon 696
            Coordinates: 6.034581, 3.383915, -1.897803
            Color vertex (on layer 0): 0.751800 (red), 0.436300 (green), 0.480500 (blue)
            Texture UV (on layer 0): 0.363849, 0.432287
            Coordinates: 5.816702, 2.700436, -1.546279
            Color vertex (on layer 0): 0.751800 (red), 0.436300 (green), 0.480500 (blue)
            Texture UV (on layer 0): 0.340557, 0.430075
            Coordinates: 6.113587, 2.986946, -2.058513
            Color vertex (on layer 0): 0.751800 (red), 0.436300 (green), 0.480500 (blue)
            Texture UV (on layer 0): 0.356057, 0.423686
        Polygon 697
            Coordinates: 5.816702, 2.700436, -1.546279
            Color vertex (on layer 0): 0.751800 (red), 0.436300 (green), 0.480500 (blue)
            Texture UV (on layer 0): 0.340557, 0.430075
            Coordinates: 6.137990, 2.624271, -2.118686
            Color vertex (on layer 0): 0.751800 (red), 0.436300 (green), 0.480500 (blue)
            Texture UV (on layer 0): 0.355837, 0.431814
            Coordinates: 6.113587, 2.986946, -2.058513
            Color vertex (on layer 0): 0.751800 (red), 0.436300 (green), 0.480500 (blue)
            Texture UV (on layer 0): 0.356057, 0.423686
        Polygon 698
            Coordinates: 5.415850, 2.771165, -1.006455
            Color vertex (on layer 0): 0.751800 (red), 0.436300 (green), 0.480500 (blue)
            Texture UV (on layer 0): 0.362893, 0.422918
            Coordinates: 5.816702, 2.700436, -1.546279
            Color vertex (on layer 0): 0.751800 (red), 0.436300 (green), 0.480500 (blue)
            Texture UV (on layer 0): 0.340557, 0.430075
            Coordinates: 5.663116, 3.608634, -1.223236
            Color vertex (on layer 0): 0.751800 (red), 0.436300 (green), 0.480500 (blue)
            Texture UV (on layer 0): 0.363849, 0.432287
        Polygon 699
            Coordinates: 5.816702, 2.700436, -1.546279
            Color vertex (on layer 0): 0.751800 (red), 0.436300 (green), 0.480500 (blue)
            Texture UV (on layer 0): 0.340557, 0.430075
            Coordinates: 6.034581, 3.383915, -1.897803
            Color vertex (on layer 0): 0.751800 (red), 0.436300 (green), 0.480500 (blue)
            Texture UV (on layer 0): 0.363849, 0.432287
            Coordinates: 5.663116, 3.608634, -1.223236
            Color vertex (on layer 0): 0.751800 (red), 0.436300 (green), 0.480500 (blue)
            Texture UV (on layer 0): 0.363849, 0.432287
        Polygon 700
            Coordinates: 5.663116, 3.608634, -1.223236
            Color vertex (on layer 0): 0.751800 (red), 0.436300 (green), 0.480500 (blue)
            Texture UV (on layer 0): 0.347825, 0.431342
            Coordinates: 4.986639, 3.787617, -0.496899
            Color vertex (on layer 0): 0.751800 (red), 0.436300 (green), 0.480500 (blue)
            Texture UV (on layer 0): 0.340557, 0.430075
            Coordinates: 5.415850, 2.771165, -1.006455
            Color vertex (on layer 0): 0.751800 (red), 0.436300 (green), 0.480500 (blue)
            Texture UV (on layer 0): 0.347528, 0.422268
        Polygon 701
            Coordinates: 4.943485, 2.856747, -0.528841
            Color vertex (on layer 0): 0.751800 (red), 0.436300 (green), 0.480500 (blue)
            Texture UV (on layer 0): 0.347528, 0.422268
            Coordinates: 5.415850, 2.771165, -1.006455
            Color vertex (on layer 0): 0.751800 (red), 0.436300 (green), 0.480500 (blue)
            Texture UV (on layer 0): 0.347528, 0.422268
            Coordinates: 4.986639, 3.787617, -0.496899
            Color vertex (on layer 0): 0.751800 (red), 0.436300 (green), 0.480500 (blue)
            Texture UV (on layer 0): 0.340557, 0.430075
        Polygon 702
            Coordinates: 4.355573, 3.834945, -0.055178
            Color vertex (on layer 0): 0.751800 (red), 0.436300 (green), 0.480500 (blue)
            Texture UV (on layer 0): 0.340700, 0.419909
            Coordinates: 4.409707, 2.892699, -0.147167
            Color vertex (on layer 0): 0.751800 (red), 0.436300 (green), 0.480500 (blue)
            Texture UV (on layer 0): 0.371267, 0.432555
            Coordinates: 4.986639, 3.787617, -0.496899
            Color vertex (on layer 0): 0.751800 (red), 0.436300 (green), 0.480500 (blue)
            Texture UV (on layer 0): 0.340557, 0.430075
        Polygon 703
            Coordinates: 4.409707, 2.892699, -0.147167
            Color vertex (on layer 0): 0.751800 (red), 0.436300 (green), 0.480500 (blue)
            Texture UV (on layer 0): 0.371267, 0.432555
            Coordinates: 4.943485, 2.856747, -0.528841
            Color vertex (on layer 0): 0.751800 (red), 0.436300 (green), 0.480500 (blue)
            Texture UV (on layer 0): 0.347528, 0.422268
            Coordinates: 4.986639, 3.787617, -0.496899
            Color vertex (on layer 0): 0.751800 (red), 0.436300 (green), 0.480500 (blue)
            Texture UV (on layer 0): 0.340557, 0.430075
        Polygon 704
            Coordinates: 3.684406, 3.802961, 0.416130
            Color vertex (on layer 0): 0.751800 (red), 0.436300 (green), 0.480500 (blue)
            Texture UV (on layer 0): 0.378686, 0.432824
            Coordinates: 3.812404, 2.863856, 0.252204
            Color vertex (on layer 0): 0.751800 (red), 0.436300 (green), 0.480500 (blue)
            Texture UV (on layer 0): 0.379096, 0.423357
            Coordinates: 4.355573, 3.834945, -0.055178
            Color vertex (on layer 0): 0.751800 (red), 0.436300 (green), 0.480500 (blue)
            Texture UV (on layer 0): 0.340700, 0.419909
        Polygon 705
            Coordinates: 3.812404, 2.863856, 0.252204
            Color vertex (on layer 0): 0.751800 (red), 0.436300 (green), 0.480500 (blue)
            Texture UV (on layer 0): 0.379096, 0.423357
            Coordinates: 4.409707, 2.892699, -0.147167
            Color vertex (on layer 0): 0.751800 (red), 0.436300 (green), 0.480500 (blue)
            Texture UV (on layer 0): 0.371267, 0.432555
            Coordinates: 4.355573, 3.834945, -0.055178
            Color vertex (on layer 0): 0.751800 (red), 0.436300 (green), 0.480500 (blue)
            Texture UV (on layer 0): 0.340700, 0.419909
        Polygon 706
            Coordinates: 3.684406, 3.802961, 0.416130
            Color vertex (on layer 0): 0.751800 (red), 0.436300 (green), 0.480500 (blue)
            Texture UV (on layer 0): 0.378686, 0.432824
            Coordinates: 2.973722, 3.459048, 0.769859
            Color vertex (on layer 0): 0.751800 (red), 0.436300 (green), 0.480500 (blue)
            Texture UV (on layer 0): 0.371267, 0.432555
            Coordinates: 3.812404, 2.863856, 0.252204
            Color vertex (on layer 0): 0.751800 (red), 0.436300 (green), 0.480500 (blue)
            Texture UV (on layer 0): 0.379096, 0.423357
        Polygon 707
            Coordinates: 3.256370, 2.767937, 0.549507
            Color vertex (on layer 0): 0.751800 (red), 0.436300 (green), 0.480500 (blue)
            Texture UV (on layer 0): 0.379096, 0.423357
            Coordinates: 3.812404, 2.863856, 0.252204
            Color vertex (on layer 0): 0.751800 (red), 0.436300 (green), 0.480500 (blue)
            Texture UV (on layer 0): 0.379096, 0.423357
            Coordinates: 2.973722, 3.459048, 0.769859
            Color vertex (on layer 0): 0.751800 (red), 0.436300 (green), 0.480500 (blue)
            Texture UV (on layer 0): 0.371267, 0.432555
        Polygon 708
            Coordinates: 2.405643, 3.039051, 1.040075
            Color vertex (on layer 0): 0.751800 (red), 0.436300 (green), 0.480500 (blue)
            Texture UV (on layer 0): 0.371025, 0.422923
            Coordinates: 2.782295, 2.554385, 0.766247
            Color vertex (on layer 0): 0.751800 (red), 0.436300 (green), 0.480500 (blue)
            Texture UV (on layer 0): 0.658637, 0.514089
            Coordinates: 2.973722, 3.459048, 0.769859
            Color vertex (on layer 0): 0.751800 (red), 0.436300 (green), 0.480500 (blue)
            Texture UV (on layer 0): 0.371267, 0.432555
        Polygon 709
            Coordinates: 2.782295, 2.554385, 0.766247
            Color vertex (on layer 0): 0.751800 (red), 0.436300 (green), 0.480500 (blue)
            Texture UV (on layer 0): 0.658637, 0.514089
            Coordinates: 3.256370, 2.767937, 0.549507
            Color vertex (on layer 0): 0.751800 (red), 0.436300 (green), 0.480500 (blue)
            Texture UV (on layer 0): 0.379096, 0.423357
            Coordinates: 2.973722, 3.459048, 0.769859
            Color vertex (on layer 0): 0.751800 (red), 0.436300 (green), 0.480500 (blue)
            Texture UV (on layer 0): 0.371267, 0.432555
        Polygon 710
            Coordinates: 2.782295, 2.554385, 0.766247
            Color vertex (on layer 0): 0.751800 (red), 0.436300 (green), 0.480500 (blue)
            Texture UV (on layer 0): 0.658637, 0.514089
            Coordinates: 2.405643, 3.039051, 1.040075
            Color vertex (on layer 0): 0.751800 (red), 0.436300 (green), 0.480500 (blue)
            Texture UV (on layer 0): 0.371025, 0.422923
            Coordinates: 2.413026, 2.286305, 0.830760
            Color vertex (on layer 0): 0.751800 (red), 0.436300 (green), 0.480500 (blue)
            Texture UV (on layer 0): 0.648626, 0.493934
        Polygon 711
            Coordinates: 2.413026, 2.286305, 0.830760
            Color vertex (on layer 0): 0.751800 (red), 0.436300 (green), 0.480500 (blue)
            Texture UV (on layer 0): 0.648626, 0.493934
            Coordinates: 2.405643, 3.039051, 1.040075
            Color vertex (on layer 0): 0.751800 (red), 0.436300 (green), 0.480500 (blue)
            Texture UV (on layer 0): 0.371025, 0.422923
            Coordinates: 2.026951, 2.683378, 1.082460
            Color vertex (on layer 0): 0.751800 (red), 0.436300 (green), 0.480500 (blue)
            Texture UV (on layer 0): 0.665999, 0.490689
        Polygon 712
            Coordinates: 2.054218, 1.862140, 0.803355
            Color vertex (on layer 0): 0.751800 (red), 0.436300 (green), 0.480500 (blue)
            Texture UV (on layer 0): 0.658637, 0.514089
            Coordinates: 2.413026, 2.286305, 0.830760
            Color vertex (on layer 0): 0.751800 (red), 0.436300 (green), 0.480500 (blue)
            Texture UV (on layer 0): 0.648626, 0.493934
            Coordinates: 1.709025, 2.261808, 1.074083
            Color vertex (on layer 0): 0.751800 (red), 0.436300 (green), 0.480500 (blue)
            Texture UV (on layer 0): 0.665999, 0.490689
        Polygon 713
            Coordinates: 2.413026, 2.286305, 0.830760
            Color vertex (on layer 0): 0.751800 (red), 0.436300 (green), 0.480500 (blue)
            Texture UV (on layer 0): 0.648626, 0.493934
            Coordinates: 2.026951, 2.683378, 1.082460
            Color vertex (on layer 0): 0.751800 (red), 0.436300 (green), 0.480500 (blue)
            Texture UV (on layer 0): 0.665999, 0.490689
            Coordinates: 1.709025, 2.261808, 1.074083
            Color vertex (on layer 0): 0.751800 (red), 0.436300 (green), 0.480500 (blue)
            Texture UV (on layer 0): 0.665999, 0.490689
        Polygon 714
            Coordinates: 1.709025, 2.261808, 1.074083
            Color vertex (on layer 0): 0.751800 (red), 0.436300 (green), 0.480500 (blue)
            Texture UV (on layer 0): 0.665999, 0.490689
            Coordinates: 1.541272, 1.763366, 0.909006
            Color vertex (on layer 0): 0.751800 (red), 0.436300 (green), 0.480500 (blue)
            Texture UV (on layer 0): 0.393125, 0.310832
            Coordinates: 2.054218, 1.862140, 0.803355
            Color vertex (on layer 0): 0.751800 (red), 0.436300 (green), 0.480500 (blue)
            Texture UV (on layer 0): 0.658637, 0.514089
        Polygon 715
            Coordinates: 1.912789, 1.480442, 0.666218
            Color vertex (on layer 0): 0.751800 (red), 0.436300 (green), 0.480500 (blue)
            Texture UV (on layer 0): 0.403296, 0.325223
            Coordinates: 2.054218, 1.862140, 0.803355
            Color vertex (on layer 0): 0.751800 (red), 0.436300 (green), 0.480500 (blue)
            Texture UV (on layer 0): 0.658637, 0.514089
            Coordinates: 1.541272, 1.763366, 0.909006
            Color vertex (on layer 0): 0.751800 (red), 0.436300 (green), 0.480500 (blue)
            Texture UV (on layer 0): 0.393125, 0.310832
        Polygon 716
            Coordinates: 5.975214, 2.151587, -2.016533
            Color vertex (on layer 0): 0.663000 (red), 0.489300 (green), 0.240700 (blue)
            Texture UV (on layer 0): 0.618590, 0.564329
            Coordinates: 5.397737, 2.324757, -1.580700
            Color vertex (on layer 0): 0.663000 (red), 0.489300 (green), 0.240700 (blue)
            Texture UV (on layer 0): 0.580022, 0.557961
            Coordinates: 5.822484, 1.842642, -1.867529
            Color vertex (on layer 0): 0.663000 (red), 0.489300 (green), 0.240700 (blue)
            Texture UV (on layer 0): 0.637988, 0.558973
        Polygon 717
            Coordinates: 5.273022, 1.946740, -1.563410
            Color vertex (on layer 0): 0.663000 (red), 0.489300 (green), 0.240700 (blue)
            Texture UV (on layer 0): 0.637988, 0.558973
            Coordinates: 5.822484, 1.842642, -1.867529
            Color vertex (on layer 0): 0.663000 (red), 0.489300 (green), 0.240700 (blue)
            Texture UV (on layer 0): 0.637988, 0.558973
            Coordinates: 5.397737, 2.324757, -1.580700
            Color vertex (on layer 0): 0.663000 (red), 0.489300 (green), 0.240700 (blue)
            Texture UV (on layer 0): 0.580022, 0.557961
        Polygon 718
            Coordinates: 4.813880, 1.988398, -1.106151
            Color vertex (on layer 0): 0.663000 (red), 0.489300 (green), 0.240700 (blue)
            Texture UV (on layer 0): 0.632266, 0.588337
            Coordinates: 5.273022, 1.946740, -1.563410
            Color vertex (on layer 0): 0.663000 (red), 0.489300 (green), 0.240700 (blue)
            Texture UV (on layer 0): 0.637988, 0.558973
            Coordinates: 5.020439, 2.354115, -1.114922
            Color vertex (on layer 0): 0.663000 (red), 0.489300 (green), 0.240700 (blue)
            Texture UV (on layer 0): 0.618590, 0.564329
        Polygon 719
            Coordinates: 5.273022, 1.946740, -1.563410
            Color vertex (on layer 0): 0.663000 (red), 0.489300 (green), 0.240700 (blue)
            Texture UV (on layer 0): 0.637988, 0.558973
            Coordinates: 5.397737, 2.324757, -1.580700
            Color vertex (on layer 0): 0.663000 (red), 0.489300 (green), 0.240700 (blue)
            Texture UV (on layer 0): 0.580022, 0.557961
            Coordinates: 5.020439, 2.354115, -1.114922
            Color vertex (on layer 0): 0.663000 (red), 0.489300 (green), 0.240700 (blue)
            Texture UV (on layer 0): 0.618590, 0.564329
        Polygon 720
            Coordinates: 5.020439, 2.354115, -1.114922
            Color vertex (on layer 0): 0.663000 (red), 0.489300 (green), 0.240700 (blue)
            Texture UV (on layer 0): 0.618590, 0.564329
            Coordinates: 4.440163, 2.449318, -0.669514
            Color vertex (on layer 0): 0.663000 (red), 0.489300 (green), 0.240700 (blue)
            Texture UV (on layer 0): 0.326071, 0.460870
            Coordinates: 4.813880, 1.988398, -1.106151
            Color vertex (on layer 0): 0.663000 (red), 0.489300 (green), 0.240700 (blue)
            Texture UV (on layer 0): 0.632266, 0.588337
        Polygon 721
            Coordinates: 4.349806, 2.074561, -0.731090
            Color vertex (on layer 0): 0.663000 (red), 0.489300 (green), 0.240700 (blue)
            Texture UV (on layer 0): 0.343589, 0.461092
            Coordinates: 4.813880, 1.988398, -1.106151
            Color vertex (on layer 0): 0.663000 (red), 0.489300 (green), 0.240700 (blue)
            Texture UV (on layer 0): 0.632266, 0.588337
            Coordinates: 4.440163, 2.449318, -0.669514
            Color vertex (on layer 0): 0.663000 (red), 0.489300 (green), 0.240700 (blue)
            Texture UV (on layer 0): 0.326071, 0.460870
        Polygon 722
            Coordinates: 4.440163, 2.449318, -0.669514
            Color vertex (on layer 0): 0.663000 (red), 0.489300 (green), 0.240700 (blue)
            Texture UV (on layer 0): 0.326071, 0.460870
            Coordinates: 3.939283, 2.451883, -0.307110
            Color vertex (on layer 0): 0.663000 (red), 0.489300 (green), 0.240700 (blue)
            Texture UV (on layer 0): 0.379096, 0.423357
            Coordinates: 4.349806, 2.074561, -0.731090
            Color vertex (on layer 0): 0.663000 (red), 0.489300 (green), 0.240700 (blue)
            Texture UV (on layer 0): 0.343589, 0.461092
        Polygon 723
            Coordinates: 3.915395, 2.156571, -0.376999
            Color vertex (on layer 0): 0.663000 (red), 0.489300 (green), 0.240700 (blue)
            Texture UV (on layer 0): 0.393414, 0.414589
            Coordinates: 4.349806, 2.074561, -0.731090
            Color vertex (on layer 0): 0.663000 (red), 0.489300 (green), 0.240700 (blue)
            Texture UV (on layer 0): 0.343589, 0.461092
            Coordinates: 3.939283, 2.451883, -0.307110
            Color vertex (on layer 0): 0.663000 (red), 0.489300 (green), 0.240700 (blue)
            Texture UV (on layer 0): 0.379096, 0.423357
        Polygon 724
            Coordinates: 3.409363, 2.475031, -0.005478
            Color vertex (on layer 0): 0.663000 (red), 0.489300 (green), 0.240700 (blue)
            Texture UV (on layer 0): 0.379096, 0.423357
            Coordinates: 3.425704, 2.172819, -0.100141
            Color vertex (on layer 0): 0.663000 (red), 0.489300 (green), 0.240700 (blue)
            Texture UV (on layer 0): 0.378686, 0.432824
            Coordinates: 3.939283, 2.451883, -0.307110
            Color vertex (on layer 0): 0.663000 (red), 0.489300 (green), 0.240700 (blue)
            Texture UV (on layer 0): 0.379096, 0.423357
        Polygon 725
            Coordinates: 3.425704, 2.172819, -0.100141
            Color vertex (on layer 0): 0.663000 (red), 0.489300 (green), 0.240700 (blue)
            Texture UV (on layer 0): 0.378686, 0.432824
            Coordinates: 3.915395, 2.156571, -0.376999
            Color vertex (on layer 0): 0.663000 (red), 0.489300 (green), 0.240700 (blue)
            Texture UV (on layer 0): 0.393414, 0.414589
            Coordinates: 3.939283, 2.451883, -0.307110
            Color vertex (on layer 0): 0.663000 (red), 0.489300 (green), 0.240700 (blue)
            Texture UV (on layer 0): 0.379096, 0.423357
        Polygon 726
            Coordinates: 2.817411, 2.341717, 0.275154
            Color vertex (on layer 0): 0.663000 (red), 0.489300 (green), 0.240700 (blue)
            Texture UV (on layer 0): 0.378686, 0.432824
            Coordinates: 2.940773, 2.053774, 0.121588
            Color vertex (on layer 0): 0.663000 (red), 0.489300 (green), 0.240700 (blue)
            Texture UV (on layer 0): 0.391904, 0.433216
            Coordinates: 3.409363, 2.475031, -0.005478
            Color vertex (on layer 0): 0.663000 (red), 0.489300 (green), 0.240700 (blue)
            Texture UV (on layer 0): 0.379096, 0.423357
        Polygon 727
            Coordinates: 2.940773, 2.053774, 0.121588
            Color vertex (on layer 0): 0.663000 (red), 0.489300 (green), 0.240700 (blue)
            Texture UV (on layer 0): 0.391904, 0.433216
            Coordinates: 3.425704, 2.172819, -0.100141
            Color vertex (on layer 0): 0.663000 (red), 0.489300 (green), 0.240700 (blue)
            Texture UV (on layer 0): 0.378686, 0.432824
            Coordinates: 3.409363, 2.475031, -0.005478
            Color vertex (on layer 0): 0.663000 (red), 0.489300 (green), 0.240700 (blue)
            Texture UV (on layer 0): 0.379096, 0.423357
        Polygon 728
            Coordinates: 2.283324, 1.962816, 0.339169
            Color vertex (on layer 0): 0.663000 (red), 0.489300 (green), 0.240700 (blue)
            Texture UV (on layer 0): 0.393414, 0.414589
            Coordinates: 2.505983, 1.824344, 0.186148
            Color vertex (on layer 0): 0.663000 (red), 0.489300 (green), 0.240700 (blue)
            Texture UV (on layer 0): 0.356057, 0.423686
            Coordinates: 2.817411, 2.341717, 0.275154
            Color vertex (on layer 0): 0.663000 (red), 0.489300 (green), 0.240700 (blue)
            Texture UV (on layer 0): 0.378686, 0.432824
        Polygon 729
            Coordinates: 2.505983, 1.824344, 0.186148
            Color vertex (on layer 0): 0.663000 (red), 0.489300 (green), 0.240700 (blue)
            Texture UV (on layer 0): 0.356057, 0.423686
            Coordinates: 2.940773, 2.053774, 0.121588
            Color vertex (on layer 0): 0.663000 (red), 0.489300 (green), 0.240700 (blue)
            Texture UV (on layer 0): 0.391904, 0.433216
            Coordinates: 2.817411, 2.341717, 0.275154
            Color vertex (on layer 0): 0.663000 (red), 0.489300 (green), 0.240700 (blue)
            Texture UV (on layer 0): 0.378686, 0.432824
        Polygon 730
            Coordinates: 1.958568, 1.601071, 0.264962
            Color vertex (on layer 0): 0.663000 (red), 0.489300 (green), 0.240700 (blue)
            Texture UV (on layer 0): 0.379507, 0.413889
            Coordinates: 2.211884, 1.503201, 0.149299
            Color vertex (on layer 0): 0.663000 (red), 0.489300 (green), 0.240700 (blue)
            Texture UV (on layer 0): 0.393414, 0.414589
            Coordinates: 2.283324, 1.962816, 0.339169
            Color vertex (on layer 0): 0.663000 (red), 0.489300 (green), 0.240700 (blue)
            Texture UV (on layer 0): 0.393414, 0.414589
        Polygon 731
            Coordinates: 2.211884, 1.503201, 0.149299
            Color vertex (on layer 0): 0.663000 (red), 0.489300 (green), 0.240700 (blue)
            Texture UV (on layer 0): 0.393414, 0.414589
            Coordinates: 2.505983, 1.824344, 0.186148
            Color vertex (on layer 0): 0.663000 (red), 0.489300 (green), 0.240700 (blue)
            Texture UV (on layer 0): 0.356057, 0.423686
            Coordinates: 2.283324, 1.962816, 0.339169
            Color vertex (on layer 0): 0.663000 (red), 0.489300 (green), 0.240700 (blue)
            Texture UV (on layer 0): 0.393414, 0.414589
        Polygon 732
            Coordinates: 2.211884, 1.503201, 0.149299
            Color vertex (on layer 0): 0.663000 (red), 0.489300 (green), 0.240700 (blue)
            Texture UV (on layer 0): 0.393414, 0.414589
            Coordinates: 1.958568, 1.601071, 0.264962
            Color vertex (on layer 0): 0.663000 (red), 0.489300 (green), 0.240700 (blue)
            Texture UV (on layer 0): 0.379507, 0.413889
            Coordinates: 1.892982, 1.004026, 0.016441
            Color vertex (on layer 0): 0.663000 (red), 0.489300 (green), 0.240700 (blue)
            Texture UV (on layer 0): 0.339650, 0.473663
        Polygon 733
            Coordinates: 1.892982, 1.004026, 0.016441
            Color vertex (on layer 0): 0.663000 (red), 0.489300 (green), 0.240700 (blue)
            Texture UV (on layer 0): 0.339650, 0.473663
            Coordinates: 1.958568, 1.601071, 0.264962
            Color vertex (on layer 0): 0.663000 (red), 0.489300 (green), 0.240700 (blue)
            Texture UV (on layer 0): 0.379507, 0.413889
            Coordinates: 1.700480, 1.094728, 0.093232
            Color vertex (on layer 0): 0.663000 (red), 0.489300 (green), 0.240700 (blue)
            Texture UV (on layer 0): 0.326071, 0.460870
        Polygon 734
            Coordinates: 1.694892, 0.608833, -0.003433
            Color vertex (on layer 0): 0.663000 (red), 0.489300 (green), 0.240700 (blue)
            Texture UV (on layer 0): 0.328583, 0.451231
            Coordinates: 1.892982, 1.004026, 0.016441
            Color vertex (on layer 0): 0.663000 (red), 0.489300 (green), 0.240700 (blue)
            Texture UV (on layer 0): 0.339650, 0.473663
            Coordinates: 1.523074, 0.734088, 0.065787
            Color vertex (on layer 0): 0.663000 (red), 0.489300 (green), 0.240700 (blue)
            Texture UV (on layer 0): 0.343589, 0.461092
        Polygon 735
            Coordinates: 1.892982, 1.004026, 0.016441
            Color vertex (on layer 0): 0.663000 (red), 0.489300 (green), 0.240700 (blue)
            Texture UV (on layer 0): 0.339650, 0.473663
            Coordinates: 1.700480, 1.094728, 0.093232
            Color vertex (on layer 0): 0.663000 (red), 0.489300 (green), 0.240700 (blue)
            Texture UV (on layer 0): 0.326071, 0.460870
            Coordinates: 1.523074, 0.734088, 0.065787
            Color vertex (on layer 0): 0.663000 (red), 0.489300 (green), 0.240700 (blue)
            Texture UV (on layer 0): 0.343589, 0.461092
        Polygon 736
            Coordinates: 1.436938, 0.150827, 0.064914
            Color vertex (on layer 0): 0.663000 (red), 0.489300 (green), 0.240700 (blue)
            Texture UV (on layer 0): 0.597887, 0.531499
            Coordinates: 1.694892, 0.608833, -0.003433
            Color vertex (on layer 0): 0.663000 (red), 0.489300 (green), 0.240700 (blue)
            Texture UV (on layer 0): 0.328583, 0.451231
            Coordinates: 1.232481, 0.286213, 0.121228
            Color vertex (on layer 0): 0.663000 (red), 0.489300 (green), 0.240700 (blue)
            Texture UV (on layer 0): 0.618590, 0.564329
        Polygon 737
            Coordinates: 1.694892, 0.608833, -0.003433
            Color vertex (on layer 0): 0.663000 (red), 0.489300 (green), 0.240700 (blue)
            Texture UV (on layer 0): 0.328583, 0.451231
            Coordinates: 1.523074, 0.734088, 0.065787
            Color vertex (on layer 0): 0.663000 (red), 0.489300 (green), 0.240700 (blue)
            Texture UV (on layer 0): 0.343589, 0.461092
            Coordinates: 1.232481, 0.286213, 0.121228
            Color vertex (on layer 0): 0.663000 (red), 0.489300 (green), 0.240700 (blue)
            Texture UV (on layer 0): 0.618590, 0.564329
        Polygon 738
            Coordinates: 2.421699, 0.815821, -0.082490
            Color vertex (on layer 0): 1.000000 (red), 1.000000 (green), 1.000000 (blue)
            Texture UV (on layer 0): 0.635706, 0.543799
            Coordinates: 2.788065, 1.058017, -0.108353
            Color vertex (on layer 0): 1.000000 (red), 1.000000 (green), 1.000000 (blue)
            Texture UV (on layer 0): 0.597887, 0.531499
            Coordinates: 2.362823, 1.152414, 0.004306
            Color vertex (on layer 0): 0.404300 (red), 0.404300 (green), 0.404300 (blue)
            Texture UV (on layer 0): 0.635706, 0.543799
        Polygon 739
            Coordinates: 2.362823, 1.152414, 0.004306
            Color vertex (on layer 0): 0.404300 (red), 0.404300 (green), 0.404300 (blue)
            Texture UV (on layer 0): 0.635706, 0.543799
            Coordinates: 2.788065, 1.058017, -0.108353
            Color vertex (on layer 0): 1.000000 (red), 1.000000 (green), 1.000000 (blue)
            Texture UV (on layer 0): 0.597887, 0.531499
            Coordinates: 2.706571, 1.394881, -0.000033
            Color vertex (on layer 0): 0.404300 (red), 0.404300 (green), 0.404300 (blue)
            Texture UV (on layer 0): 0.618590, 0.564329
        Polygon 740
            Coordinates: 1.488392, -0.208783, 0.144280
            Color vertex (on layer 0): 0.000000 (red), 0.000000 (green), 0.000000 (blue)
            Texture UV (on layer 0): 0.305599, 0.430030
            Coordinates: 1.435323, -0.126445, 0.133236
            Color vertex (on layer 0): 0.000000 (red), 0.000000 (green), 0.000000 (blue)
            Texture UV (on layer 0): 0.339650, 0.473663
            Coordinates: 1.362473, -0.419270, 0.118359
            Color vertex (on layer 0): 0.000000 (red), 0.000000 (green), 0.000000 (blue)
            Texture UV (on layer 0): 0.323953, 0.361496
        Polygon 741
            Coordinates: 1.435323, -0.126445, 0.133236
            Color vertex (on layer 0): 0.000000 (red), 0.000000 (green), 0.000000 (blue)
            Texture UV (on layer 0): 0.339650, 0.473663
            Coordinates: 1.191929, -0.212815, 0.150666
            Color vertex (on layer 0): 0.000000 (red), 0.000000 (green), 0.000000 (blue)
            Texture UV (on layer 0): 0.331669, 0.344712
            Coordinates: 1.362473, -0.419270, 0.118359
            Color vertex (on layer 0): 0.000000 (red), 0.000000 (green), 0.000000 (blue)
            Texture UV (on layer 0): 0.323953, 0.361496
        Polygon 742
            Coordinates: 1.911047, -0.143560, -0.043074
            Color vertex (on layer 0): 1.000000 (red), 1.000000 (green), 1.000000 (blue)
            Texture UV (on layer 0): 0.315349, 0.446186
            Coordinates: 1.488392, -0.208783, 0.144280
            Color vertex (on layer 0): 0.000000 (red), 0.000000 (green), 0.000000 (blue)
            Texture UV (on layer 0): 0.305599, 0.430030
            Coordinates: 1.777342, -0.465684, -0.054786
            Color vertex (on layer 0): 1.000000 (red), 1.000000 (green), 1.000000 (blue)
            Texture UV (on layer 0): 0.335868, 0.355780
        Polygon 743
            Coordinates: 1.362473, -0.419270, 0.118359
            Color vertex (on layer 0): 0.000000 (red), 0.000000 (green), 0.000000 (blue)
            Texture UV (on layer 0): 0.323953, 0.361496
            Coordinates: 1.777342, -0.465684, -0.054786
            Color vertex (on layer 0): 1.000000 (red), 1.000000 (green), 1.000000 (blue)
            Texture UV (on layer 0): 0.335868, 0.355780
            Coordinates: 1.488392, -0.208783, 0.144280
            Color vertex (on layer 0): 0.000000 (red), 0.000000 (green), 0.000000 (blue)
            Texture UV (on layer 0): 0.305599, 0.430030
        Polygon 744
            Coordinates: 2.219755, -0.587976, -0.131527
            Color vertex (on layer 0): 1.000000 (red), 1.000000 (green), 1.000000 (blue)
            Texture UV (on layer 0): 0.335868, 0.355780
            Coordinates: 2.582244, -0.002697, -0.287699
            Color vertex (on layer 0): 1.000000 (red), 1.000000 (green), 1.000000 (blue)
            Texture UV (on layer 0): 0.315349, 0.446186
            Coordinates: 1.777342, -0.465684, -0.054786
            Color vertex (on layer 0): 1.000000 (red), 1.000000 (green), 1.000000 (blue)
            Texture UV (on layer 0): 0.335868, 0.355780
        Polygon 745
            Coordinates: 1.777342, -0.465684, -0.054786
            Color vertex (on layer 0): 1.000000 (red), 1.000000 (green), 1.000000 (blue)
            Texture UV (on layer 0): 0.335868, 0.355780
            Coordinates: 2.582244, -0.002697, -0.287699
            Color vertex (on layer 0): 1.000000 (red), 1.000000 (green), 1.000000 (blue)
            Texture UV (on layer 0): 0.315349, 0.446186
            Coordinates: 1.911047, -0.143560, -0.043074
            Color vertex (on layer 0): 1.000000 (red), 1.000000 (green), 1.000000 (blue)
            Texture UV (on layer 0): 0.315349, 0.446186
        Polygon 746
            Coordinates: 2.219755, -0.587976, -0.131527
            Color vertex (on layer 0): 1.000000 (red), 1.000000 (green), 1.000000 (blue)
            Texture UV (on layer 0): 0.335868, 0.355780
            Coordinates: 3.057338, -0.724949, -0.456762
            Color vertex (on layer 0): 1.000000 (red), 1.000000 (green), 1.000000 (blue)
            Texture UV (on layer 0): 0.326071, 0.460870
            Coordinates: 2.582244, -0.002697, -0.287699
            Color vertex (on layer 0): 1.000000 (red), 1.000000 (green), 1.000000 (blue)
            Texture UV (on layer 0): 0.315349, 0.446186
        Polygon 747
            Coordinates: 2.582244, -0.002697, -0.287699
            Color vertex (on layer 0): 1.000000 (red), 1.000000 (green), 1.000000 (blue)
            Texture UV (on layer 0): 0.315349, 0.446186
            Coordinates: 3.057338, -0.724949, -0.456762
            Color vertex (on layer 0): 1.000000 (red), 1.000000 (green), 1.000000 (blue)
            Texture UV (on layer 0): 0.326071, 0.460870
            Coordinates: 3.129006, -0.351514, -0.561572
            Color vertex (on layer 0): 1.000000 (red), 1.000000 (green), 1.000000 (blue)
            Texture UV (on layer 0): 0.369797, 0.487045
        Polygon 748
            Coordinates: 3.057338, -0.724949, -0.456762
            Color vertex (on layer 0): 1.000000 (red), 1.000000 (green), 1.000000 (blue)
            Texture UV (on layer 0): 0.326071, 0.460870
            Coordinates: 4.231824, -0.551913, -1.054268
            Color vertex (on layer 0): 1.000000 (red), 1.000000 (green), 1.000000 (blue)
            Texture UV (on layer 0): 0.402693, 0.334756
            Coordinates: 3.129006, -0.351514, -0.561572
            Color vertex (on layer 0): 1.000000 (red), 1.000000 (green), 1.000000 (blue)
            Texture UV (on layer 0): 0.369797, 0.487045
        Polygon 749
            Coordinates: 3.129006, -0.351514, -0.561572
            Color vertex (on layer 0): 1.000000 (red), 1.000000 (green), 1.000000 (blue)
            Texture UV (on layer 0): 0.369797, 0.487045
            Coordinates: 4.231824, -0.551913, -1.054268
            Color vertex (on layer 0): 1.000000 (red), 1.000000 (green), 1.000000 (blue)
            Texture UV (on layer 0): 0.402693, 0.334756
            Coordinates: 4.193449, -0.256429, -1.009721
            Color vertex (on layer 0): 1.000000 (red), 1.000000 (green), 1.000000 (blue)
            Texture UV (on layer 0): 0.353642, 0.355272
        Polygon 750
            Coordinates: 5.077893, 0.030303, -1.750210
            Color vertex (on layer 0): 1.000000 (red), 1.000000 (green), 1.000000 (blue)
            Texture UV (on layer 0): 0.384045, 0.347498
            Coordinates: 4.887409, 0.258886, -1.597938
            Color vertex (on layer 0): 1.000000 (red), 1.000000 (green), 1.000000 (blue)
            Texture UV (on layer 0): 0.391561, 0.334798
            Coordinates: 4.231824, -0.551913, -1.054268
            Color vertex (on layer 0): 1.000000 (red), 1.000000 (green), 1.000000 (blue)
            Texture UV (on layer 0): 0.402693, 0.334756
        Polygon 751
            Coordinates: 4.193449, -0.256429, -1.009721
            Color vertex (on layer 0): 1.000000 (red), 1.000000 (green), 1.000000 (blue)
            Texture UV (on layer 0): 0.353642, 0.355272
            Coordinates: 4.231824, -0.551913, -1.054268
            Color vertex (on layer 0): 1.000000 (red), 1.000000 (green), 1.000000 (blue)
            Texture UV (on layer 0): 0.402693, 0.334756
            Coordinates: 4.887409, 0.258886, -1.597938
            Color vertex (on layer 0): 1.000000 (red), 1.000000 (green), 1.000000 (blue)
            Texture UV (on layer 0): 0.391561, 0.334798
        Polygon 752
            Coordinates: 5.651459, 0.964298, -2.068599
            Color vertex (on layer 0): 1.000000 (red), 1.000000 (green), 1.000000 (blue)
            Texture UV (on layer 0): 0.384520, 0.357759
            Coordinates: 5.486670, 0.944039, -1.819633
            Color vertex (on layer 0): 1.000000 (red), 1.000000 (green), 1.000000 (blue)
            Texture UV (on layer 0): 0.400126, 0.350386
            Coordinates: 5.077893, 0.030303, -1.750210
            Color vertex (on layer 0): 1.000000 (red), 1.000000 (green), 1.000000 (blue)
            Texture UV (on layer 0): 0.378804, 0.347782
        Polygon 753
            Coordinates: 4.887409, 0.258886, -1.597938
            Color vertex (on layer 0): 1.000000 (red), 1.000000 (green), 1.000000 (blue)
            Texture UV (on layer 0): 0.382266, 0.337276
            Coordinates: 5.077893, 0.030303, -1.750210
            Color vertex (on layer 0): 1.000000 (red), 1.000000 (green), 1.000000 (blue)
            Texture UV (on layer 0): 0.378804, 0.347782
            Coordinates: 5.486670, 0.944039, -1.819633
            Color vertex (on layer 0): 1.000000 (red), 1.000000 (green), 1.000000 (blue)
            Texture UV (on layer 0): 0.400126, 0.350386
        Polygon 754
            Coordinates: 5.971347, 1.512412, -2.326532
            Color vertex (on layer 0): 1.000000 (red), 1.000000 (green), 1.000000 (blue)
            Texture UV (on layer 0): 0.384045, 0.347498
            Coordinates: 5.642210, 1.405472, -2.086224
            Color vertex (on layer 0): 1.000000 (red), 1.000000 (green), 1.000000 (blue)
            Texture UV (on layer 0): 0.382266, 0.337276
            Coordinates: 5.651459, 0.964298, -2.068599
            Color vertex (on layer 0): 1.000000 (red), 1.000000 (green), 1.000000 (blue)
            Texture UV (on layer 0): 0.384520, 0.357759
        Polygon 755
            Coordinates: 5.651459, 0.964298, -2.068599
            Color vertex (on layer 0): 1.000000 (red), 1.000000 (green), 1.000000 (blue)
            Texture UV (on layer 0): 0.384520, 0.357759
            Coordinates: 5.642210, 1.405472, -2.086224
            Color vertex (on layer 0): 1.000000 (red), 1.000000 (green), 1.000000 (blue)
            Texture UV (on layer 0): 0.382266, 0.337276
            Coordinates: 5.486670, 0.944039, -1.819633
            Color vertex (on layer 0): 1.000000 (red), 1.000000 (green), 1.000000 (blue)
            Texture UV (on layer 0): 0.400126, 0.350386
        Polygon 756
            Coordinates: 5.988584, 1.726174, -2.102719
            Color vertex (on layer 0): 0.000000 (red), 0.000000 (green), 0.000000 (blue)
            Texture UV (on layer 0): 0.395215, 0.360429
            Coordinates: 5.676355, 1.523527, -2.060196
            Color vertex (on layer 0): 0.404300 (red), 0.404300 (green), 0.404300 (blue)
            Texture UV (on layer 0): 0.395215, 0.360429
            Coordinates: 5.971347, 1.512412, -2.326532
            Color vertex (on layer 0): 1.000000 (red), 1.000000 (green), 1.000000 (blue)
            Texture UV (on layer 0): 0.384045, 0.347498
        Polygon 757
            Coordinates: 5.971347, 1.512412, -2.326532
            Color vertex (on layer 0): 1.000000 (red), 1.000000 (green), 1.000000 (blue)
            Texture UV (on layer 0): 0.384045, 0.347498
            Coordinates: 5.676355, 1.523527, -2.060196
            Color vertex (on layer 0): 0.404300 (red), 0.404300 (green), 0.404300 (blue)
            Texture UV (on layer 0): 0.395215, 0.360429
            Coordinates: 5.642210, 1.405472, -2.086224
            Color vertex (on layer 0): 1.000000 (red), 1.000000 (green), 1.000000 (blue)
            Texture UV (on layer 0): 0.382266, 0.337276
        Polygon 758
            Coordinates: 5.988584, 1.726174, -2.102719
            Color vertex (on layer 0): 0.000000 (red), 0.000000 (green), 0.000000 (blue)
            Texture UV (on layer 0): 0.395215, 0.360429
            Coordinates: 5.527946, 1.730198, -1.811184
            Color vertex (on layer 0): 0.000000 (red), 0.000000 (green), 0.000000 (blue)
            Texture UV (on layer 0): 0.394997, 0.341625
            Coordinates: 5.676355, 1.523527, -2.060196
            Color vertex (on layer 0): 0.404300 (red), 0.404300 (green), 0.404300 (blue)
            Texture UV (on layer 0): 0.395215, 0.360429
        Polygon 759
            Coordinates: 5.527946, 1.730198, -1.811184
            Color vertex (on layer 0): 0.000000 (red), 0.000000 (green), 0.000000 (blue)
            Texture UV (on layer 0): 0.394997, 0.341625
            Coordinates: 5.503765, 1.490782, -1.898473
            Color vertex (on layer 0): 0.404300 (red), 0.404300 (green), 0.404300 (blue)
            Texture UV (on layer 0): 0.391561, 0.334798
            Coordinates: 5.676355, 1.523527, -2.060196
            Color vertex (on layer 0): 0.404300 (red), 0.404300 (green), 0.404300 (blue)
            Texture UV (on layer 0): 0.395215, 0.360429
        Polygon 760
            Coordinates: 4.944177, 1.800467, -1.225925
            Color vertex (on layer 0): 0.000000 (red), 0.000000 (green), 0.000000 (blue)
            Texture UV (on layer 0): 0.371860, 0.329832
            Coordinates: 4.895636, 1.536086, -1.282965
            Color vertex (on layer 0): 0.404300 (red), 0.404300 (green), 0.404300 (blue)
            Texture UV (on layer 0): 0.319856, 0.437251
            Coordinates: 5.356141, 1.686700, -1.608602
            Color vertex (on layer 0): 0.000000 (red), 0.000000 (green), 0.000000 (blue)
            Texture UV (on layer 0): 0.394997, 0.341625
        Polygon 761
            Coordinates: 5.356141, 1.686700, -1.608602
            Color vertex (on layer 0): 0.000000 (red), 0.000000 (green), 0.000000 (blue)
            Texture UV (on layer 0): 0.394997, 0.341625
            Coordinates: 4.895636, 1.536086, -1.282965
            Color vertex (on layer 0): 0.404300 (red), 0.404300 (green), 0.404300 (blue)
            Texture UV (on layer 0): 0.319856, 0.437251
            Coordinates: 5.267164, 1.493669, -1.673081
            Color vertex (on layer 0): 0.404300 (red), 0.404300 (green), 0.404300 (blue)
            Texture UV (on layer 0): 0.391766, 0.325154
        Polygon 762
            Coordinates: 4.122371, 1.930498, -0.554876
            Color vertex (on layer 0): 0.000000 (red), 0.000000 (green), 0.000000 (blue)
            Texture UV (on layer 0): 0.328583, 0.451231
            Coordinates: 4.177762, 1.626516, -0.652485
            Color vertex (on layer 0): 0.404300 (red), 0.404300 (green), 0.404300 (blue)
            Texture UV (on layer 0): 0.369797, 0.487045
            Coordinates: 4.944177, 1.800467, -1.225925
            Color vertex (on layer 0): 0.000000 (red), 0.000000 (green), 0.000000 (blue)
            Texture UV (on layer 0): 0.371860, 0.329832
        Polygon 763
            Coordinates: 4.895636, 1.536086, -1.282965
            Color vertex (on layer 0): 0.404300 (red), 0.404300 (green), 0.404300 (blue)
            Texture UV (on layer 0): 0.319856, 0.437251
            Coordinates: 4.944177, 1.800467, -1.225925
            Color vertex (on layer 0): 0.000000 (red), 0.000000 (green), 0.000000 (blue)
            Texture UV (on layer 0): 0.371860, 0.329832
            Coordinates: 4.177762, 1.626516, -0.652485
            Color vertex (on layer 0): 0.404300 (red), 0.404300 (green), 0.404300 (blue)
            Texture UV (on layer 0): 0.369797, 0.487045
        Polygon 764
            Coordinates: 3.039243, 1.828815, 0.013605
            Color vertex (on layer 0): 0.000000 (red), 0.000000 (green), 0.000000 (blue)
            Texture UV (on layer 0): 0.374724, 0.466249
            Coordinates: 3.154069, 1.563775, -0.089256
            Color vertex (on layer 0): 0.404300 (red), 0.404300 (green), 0.404300 (blue)
            Texture UV (on layer 0): 0.597887, 0.531499
            Coordinates: 4.122371, 1.930498, -0.554876
            Color vertex (on layer 0): 0.000000 (red), 0.000000 (green), 0.000000 (blue)
            Texture UV (on layer 0): 0.328583, 0.451231
        Polygon 765
            Coordinates: 4.177762, 1.626516, -0.652485
            Color vertex (on layer 0): 0.404300 (red), 0.404300 (green), 0.404300 (blue)
            Texture UV (on layer 0): 0.369797, 0.487045
            Coordinates: 4.122371, 1.930498, -0.554876
            Color vertex (on layer 0): 0.000000 (red), 0.000000 (green), 0.000000 (blue)
            Texture UV (on layer 0): 0.328583, 0.451231
            Coordinates: 3.154069, 1.563775, -0.089256
            Color vertex (on layer 0): 0.404300 (red), 0.404300 (green), 0.404300 (blue)
            Texture UV (on layer 0): 0.597887, 0.531499
        Polygon 766
            Coordinates: 2.544805, 1.608158, 0.095418
            Color vertex (on layer 0): 0.000000 (red), 0.000000 (green), 0.000000 (blue)
            Texture UV (on layer 0): 0.636922, 0.493198
            Coordinates: 2.706571, 1.394881, -0.000033
            Color vertex (on layer 0): 0.404300 (red), 0.404300 (green), 0.404300 (blue)
            Texture UV (on layer 0): 0.618590, 0.564329
            Coordinates: 3.039243, 1.828815, 0.013605
            Color vertex (on layer 0): 0.000000 (red), 0.000000 (green), 0.000000 (blue)
            Texture UV (on layer 0): 0.374724, 0.466249
        Polygon 767
            Coordinates: 3.039243, 1.828815, 0.013605
            Color vertex (on layer 0): 0.000000 (red), 0.000000 (green), 0.000000 (blue)
            Texture UV (on layer 0): 0.374724, 0.466249
            Coordinates: 2.706571, 1.394881, -0.000033
            Color vertex (on layer 0): 0.404300 (red), 0.404300 (green), 0.404300 (blue)
            Texture UV (on layer 0): 0.618590, 0.564329
            Coordinates: 3.154069, 1.563775, -0.089256
            Color vertex (on layer 0): 0.404300 (red), 0.404300 (green), 0.404300 (blue)
            Texture UV (on layer 0): 0.597887, 0.531499
        Polygon 768
            Coordinates: 2.544805, 1.608158, 0.095418
            Color vertex (on layer 0): 0.000000 (red), 0.000000 (green), 0.000000 (blue)
            Texture UV (on layer 0): 0.636922, 0.493198
            Coordinates: 2.213052, 1.291925, 0.079677
            Color vertex (on layer 0): 0.000000 (red), 0.000000 (green), 0.000000 (blue)
            Texture UV (on layer 0): 0.639406, 0.519589
            Coordinates: 2.706571, 1.394881, -0.000033
            Color vertex (on layer 0): 0.404300 (red), 0.404300 (green), 0.404300 (blue)
            Texture UV (on layer 0): 0.618590, 0.564329
        Polygon 769
            Coordinates: 2.213052, 1.291925, 0.079677
            Color vertex (on layer 0): 0.000000 (red), 0.000000 (green), 0.000000 (blue)
            Texture UV (on layer 0): 0.639406, 0.519589
            Coordinates: 2.362823, 1.152414, 0.004306
            Color vertex (on layer 0): 0.404300 (red), 0.404300 (green), 0.404300 (blue)
            Texture UV (on layer 0): 0.635706, 0.543799
            Coordinates: 2.706571, 1.394881, -0.000033
            Color vertex (on layer 0): 0.404300 (red), 0.404300 (green), 0.404300 (blue)
            Texture UV (on layer 0): 0.618590, 0.564329
        Polygon 770
            Coordinates: 2.213052, 1.291925, 0.079677
            Color vertex (on layer 0): 0.000000 (red), 0.000000 (green), 0.000000 (blue)
            Texture UV (on layer 0): 0.639406, 0.519589
            Coordinates: 1.895255, 0.863120, 0.026050
            Color vertex (on layer 0): 0.000000 (red), 0.000000 (green), 0.000000 (blue)
            Texture UV (on layer 0): 0.369797, 0.487045
            Coordinates: 2.362823, 1.152414, 0.004306
            Color vertex (on layer 0): 0.404300 (red), 0.404300 (green), 0.404300 (blue)
            Texture UV (on layer 0): 0.635706, 0.543799
        Polygon 771
            Coordinates: 1.895255, 0.863120, 0.026050
            Color vertex (on layer 0): 0.000000 (red), 0.000000 (green), 0.000000 (blue)
            Texture UV (on layer 0): 0.369797, 0.487045
            Coordinates: 2.038853, 0.764620, -0.039743
            Color vertex (on layer 0): 0.000000 (red), 0.000000 (green), 0.000000 (blue)
            Texture UV (on layer 0): 0.597887, 0.531499
            Coordinates: 2.362823, 1.152414, 0.004306
            Color vertex (on layer 0): 0.404300 (red), 0.404300 (green), 0.404300 (blue)
            Texture UV (on layer 0): 0.635706, 0.543799
        Polygon 772
            Coordinates: 1.840726, 0.221976, -0.021669
            Color vertex (on layer 0): 0.744700 (red), 0.744700 (green), 0.744700 (blue)
            Texture UV (on layer 0): 0.362086, 0.456868
            Coordinates: 1.694803, 0.380992, 0.022226
            Color vertex (on layer 0): 0.000000 (red), 0.000000 (green), 0.000000 (blue)
            Texture UV (on layer 0): 0.362086, 0.456868
            Coordinates: 1.435323, -0.126445, 0.133236
            Color vertex (on layer 0): 0.000000 (red), 0.000000 (green), 0.000000 (blue)
            Texture UV (on layer 0): 0.339650, 0.473663
        Polygon 773
            Coordinates: 1.694803, 0.380992, 0.022226
            Color vertex (on layer 0): 0.000000 (red), 0.000000 (green), 0.000000 (blue)
            Texture UV (on layer 0): 0.362086, 0.456868
            Coordinates: 1.389511, 0.053946, 0.062505
            Color vertex (on layer 0): 0.000000 (red), 0.000000 (green), 0.000000 (blue)
            Texture UV (on layer 0): 0.343589, 0.461092
            Coordinates: 1.435323, -0.126445, 0.133236
            Color vertex (on layer 0): 0.000000 (red), 0.000000 (green), 0.000000 (blue)
            Texture UV (on layer 0): 0.339650, 0.473663
        Polygon 774
            Coordinates: 2.038853, 0.764620, -0.039743
            Color vertex (on layer 0): 0.000000 (red), 0.000000 (green), 0.000000 (blue)
            Texture UV (on layer 0): 0.597887, 0.531499
            Coordinates: 1.694803, 0.380992, 0.022226
            Color vertex (on layer 0): 0.000000 (red), 0.000000 (green), 0.000000 (blue)
            Texture UV (on layer 0): 0.362086, 0.456868
            Coordinates: 2.120266, 0.550741, -0.086322
            Color vertex (on layer 0): 1.000000 (red), 1.000000 (green), 1.000000 (blue)
            Texture UV (on layer 0): 0.639406, 0.519589
        Polygon 775
            Coordinates: 1.694803, 0.380992, 0.022226
            Color vertex (on layer 0): 0.000000 (red), 0.000000 (green), 0.000000 (blue)
            Texture UV (on layer 0): 0.362086, 0.456868
            Coordinates: 1.840726, 0.221976, -0.021669
            Color vertex (on layer 0): 0.744700 (red), 0.744700 (green), 0.744700 (blue)
            Texture UV (on layer 0): 0.362086, 0.456868
            Coordinates: 2.120266, 0.550741, -0.086322
            Color vertex (on layer 0): 1.000000 (red), 1.000000 (green), 1.000000 (blue)
            Texture UV (on layer 0): 0.639406, 0.519589
        Polygon 776
            Coordinates: 2.362823, 1.152414, 0.004306
            Color vertex (on layer 0): 0.404300 (red), 0.404300 (green), 0.404300 (blue)
            Texture UV (on layer 0): 0.635706, 0.543799
            Coordinates: 2.038853, 0.764620, -0.039743
            Color vertex (on layer 0): 0.000000 (red), 0.000000 (green), 0.000000 (blue)
            Texture UV (on layer 0): 0.597887, 0.531499
            Coordinates: 2.421699, 0.815821, -0.082490
            Color vertex (on layer 0): 1.000000 (red), 1.000000 (green), 1.000000 (blue)
            Texture UV (on layer 0): 0.635706, 0.543799
        Polygon 777
            Coordinates: 2.038853, 0.764620, -0.039743
            Color vertex (on layer 0): 0.000000 (red), 0.000000 (green), 0.000000 (blue)
            Texture UV (on layer 0): 0.597887, 0.531499
            Coordinates: 2.120266, 0.550741, -0.086322
            Color vertex (on layer 0): 1.000000 (red), 1.000000 (green), 1.000000 (blue)
            Texture UV (on layer 0): 0.639406, 0.519589
            Coordinates: 2.421699, 0.815821, -0.082490
            Color vertex (on layer 0): 1.000000 (red), 1.000000 (green), 1.000000 (blue)
            Texture UV (on layer 0): 0.635706, 0.543799
        Polygon 778
            Coordinates: 4.278381, 1.233090, -0.818767
            Color vertex (on layer 0): 1.000000 (red), 1.000000 (green), 1.000000 (blue)
            Texture UV (on layer 0): 0.343589, 0.461092
            Coordinates: 4.177762, 1.626516, -0.652485
            Color vertex (on layer 0): 0.404300 (red), 0.404300 (green), 0.404300 (blue)
            Texture UV (on layer 0): 0.369797, 0.487045
            Coordinates: 3.248188, 1.218476, -0.212449
            Color vertex (on layer 0): 1.000000 (red), 1.000000 (green), 1.000000 (blue)
            Texture UV (on layer 0): 0.635706, 0.543799
        Polygon 779
            Coordinates: 4.177762, 1.626516, -0.652485
            Color vertex (on layer 0): 0.404300 (red), 0.404300 (green), 0.404300 (blue)
            Texture UV (on layer 0): 0.369797, 0.487045
            Coordinates: 3.154069, 1.563775, -0.089256
            Color vertex (on layer 0): 0.404300 (red), 0.404300 (green), 0.404300 (blue)
            Texture UV (on layer 0): 0.597887, 0.531499
            Coordinates: 3.248188, 1.218476, -0.212449
            Color vertex (on layer 0): 1.000000 (red), 1.000000 (green), 1.000000 (blue)
            Texture UV (on layer 0): 0.635706, 0.543799
        Polygon 780
            Coordinates: 3.248188, 1.218476, -0.212449
            Color vertex (on layer 0): 1.000000 (red), 1.000000 (green), 1.000000 (blue)
            Texture UV (on layer 0): 0.635706, 0.543799
            Coordinates: 3.154069, 1.563775, -0.089256
            Color vertex (on layer 0): 0.404300 (red), 0.404300 (green), 0.404300 (blue)
            Texture UV (on layer 0): 0.597887, 0.531499
            Coordinates: 2.788065, 1.058017, -0.108353
            Color vertex (on layer 0): 1.000000 (red), 1.000000 (green), 1.000000 (blue)
            Texture UV (on layer 0): 0.597887, 0.531499
        Polygon 781
            Coordinates: 2.706571, 1.394881, -0.000033
            Color vertex (on layer 0): 0.404300 (red), 0.404300 (green), 0.404300 (blue)
            Texture UV (on layer 0): 0.618590, 0.564329
            Coordinates: 2.788065, 1.058017, -0.108353
            Color vertex (on layer 0): 1.000000 (red), 1.000000 (green), 1.000000 (blue)
            Texture UV (on layer 0): 0.597887, 0.531499
            Coordinates: 3.154069, 1.563775, -0.089256
            Color vertex (on layer 0): 0.404300 (red), 0.404300 (green), 0.404300 (blue)
            Texture UV (on layer 0): 0.597887, 0.531499
        Polygon 782
            Coordinates: 4.177762, 1.626516, -0.652485
            Color vertex (on layer 0): 0.404300 (red), 0.404300 (green), 0.404300 (blue)
            Texture UV (on layer 0): 0.369797, 0.487045
            Coordinates: 4.278381, 1.233090, -0.818767
            Color vertex (on layer 0): 1.000000 (red), 1.000000 (green), 1.000000 (blue)
            Texture UV (on layer 0): 0.343589, 0.461092
            Coordinates: 4.895636, 1.536086, -1.282965
            Color vertex (on layer 0): 0.404300 (red), 0.404300 (green), 0.404300 (blue)
            Texture UV (on layer 0): 0.319856, 0.437251
        Polygon 783
            Coordinates: 4.964740, 1.169817, -1.473551
            Color vertex (on layer 0): 1.000000 (red), 1.000000 (green), 1.000000 (blue)
            Texture UV (on layer 0): 0.350736, 0.340158
            Coordinates: 4.895636, 1.536086, -1.282965
            Color vertex (on layer 0): 0.404300 (red), 0.404300 (green), 0.404300 (blue)
            Texture UV (on layer 0): 0.319856, 0.437251
            Coordinates: 4.278381, 1.233090, -0.818767
            Color vertex (on layer 0): 1.000000 (red), 1.000000 (green), 1.000000 (blue)
            Texture UV (on layer 0): 0.343589, 0.461092
        Polygon 784
            Coordinates: 4.895636, 1.536086, -1.282965
            Color vertex (on layer 0): 0.404300 (red), 0.404300 (green), 0.404300 (blue)
            Texture UV (on layer 0): 0.319856, 0.437251
            Coordinates: 4.964740, 1.169817, -1.473551
            Color vertex (on layer 0): 1.000000 (red), 1.000000 (green), 1.000000 (blue)
            Texture UV (on layer 0): 0.350736, 0.340158
            Coordinates: 5.267164, 1.493669, -1.673081
            Color vertex (on layer 0): 0.404300 (red), 0.404300 (green), 0.404300 (blue)
            Texture UV (on layer 0): 0.391766, 0.325154
        Polygon 785
            Coordinates: 4.964740, 1.169817, -1.473551
            Color vertex (on layer 0): 1.000000 (red), 1.000000 (green), 1.000000 (blue)
            Texture UV (on layer 0): 0.350736, 0.340158
            Coordinates: 5.301621, 1.252716, -1.806101
            Color vertex (on layer 0): 1.000000 (red), 1.000000 (green), 1.000000 (blue)
            Texture UV (on layer 0): 0.382266, 0.337276
            Coordinates: 5.267164, 1.493669, -1.673081
            Color vertex (on layer 0): 0.404300 (red), 0.404300 (green), 0.404300 (blue)
            Texture UV (on layer 0): 0.391766, 0.325154
        Polygon 786
            Coordinates: 2.120266, 0.550741, -0.086322
            Color vertex (on layer 0): 1.000000 (red), 1.000000 (green), 1.000000 (blue)
            Texture UV (on layer 0): 0.639406, 0.519589
            Coordinates: 1.840726, 0.221976, -0.021669
            Color vertex (on layer 0): 0.744700 (red), 0.744700 (green), 0.744700 (blue)
            Texture UV (on layer 0): 0.362086, 0.456868
            Coordinates: 2.582244, -0.002697, -0.287699
            Color vertex (on layer 0): 1.000000 (red), 1.000000 (green), 1.000000 (blue)
            Texture UV (on layer 0): 0.315349, 0.446186
        Polygon 787
            Coordinates: 1.840726, 0.221976, -0.021669
            Color vertex (on layer 0): 0.744700 (red), 0.744700 (green), 0.744700 (blue)
            Texture UV (on layer 0): 0.362086, 0.456868
            Coordinates: 1.911047, -0.143560, -0.043074
            Color vertex (on layer 0): 1.000000 (red), 1.000000 (green), 1.000000 (blue)
            Texture UV (on layer 0): 0.315349, 0.446186
            Coordinates: 2.582244, -0.002697, -0.287699
            Color vertex (on layer 0): 1.000000 (red), 1.000000 (green), 1.000000 (blue)
            Texture UV (on layer 0): 0.315349, 0.446186
        Polygon 788
            Coordinates: 5.486670, 0.944039, -1.819633
            Color vertex (on layer 0): 1.000000 (red), 1.000000 (green), 1.000000 (blue)
            Texture UV (on layer 0): 0.400126, 0.350386
            Coordinates: 5.301621, 1.252716, -1.806101
            Color vertex (on layer 0): 1.000000 (red), 1.000000 (green), 1.000000 (blue)
            Texture UV (on layer 0): 0.382266, 0.337276
            Coordinates: 4.887409, 0.258886, -1.597938
            Color vertex (on layer 0): 1.000000 (red), 1.000000 (green), 1.000000 (blue)
            Texture UV (on layer 0): 0.391561, 0.334798
        Polygon 789
            Coordinates: 5.301621, 1.252716, -1.806101
            Color vertex (on layer 0): 1.000000 (red), 1.000000 (green), 1.000000 (blue)
            Texture UV (on layer 0): 0.382266, 0.337276
            Coordinates: 4.925104, 0.702930, -1.537304
            Color vertex (on layer 0): 1.000000 (red), 1.000000 (green), 1.000000 (blue)
            Texture UV (on layer 0): 0.559021, 0.557371
            Coordinates: 4.887409, 0.258886, -1.597938
            Color vertex (on layer 0): 1.000000 (red), 1.000000 (green), 1.000000 (blue)
            Texture UV (on layer 0): 0.391561, 0.334798
        Polygon 790
            Coordinates: 4.887409, 0.258886, -1.597938
            Color vertex (on layer 0): 1.000000 (red), 1.000000 (green), 1.000000 (blue)
            Texture UV (on layer 0): 0.391561, 0.334798
            Coordinates: 4.925104, 0.702930, -1.537304
            Color vertex (on layer 0): 1.000000 (red), 1.000000 (green), 1.000000 (blue)
            Texture UV (on layer 0): 0.559021, 0.557371
            Coordinates: 4.232977, 0.436809, -0.920849
            Color vertex (on layer 0): 1.000000 (red), 1.000000 (green), 1.000000 (blue)
            Texture UV (on layer 0): 0.566150, 0.562616
            Coordinates: 4.193449, -0.256429, -1.009721
            Color vertex (on layer 0): 1.000000 (red), 1.000000 (green), 1.000000 (blue)
            Texture UV (on layer 0): 0.353642, 0.355272
        Polygon 791
            Coordinates: 2.788065, 1.058017, -0.108353
            Color vertex (on layer 0): 1.000000 (red), 1.000000 (green), 1.000000 (blue)
            Texture UV (on layer 0): 0.597887, 0.531499
            Coordinates: 2.421699, 0.815821, -0.082490
            Color vertex (on layer 0): 1.000000 (red), 1.000000 (green), 1.000000 (blue)
            Texture UV (on layer 0): 0.635706, 0.543799
            Coordinates: 2.582244, -0.002697, -0.287699
            Color vertex (on layer 0): 1.000000 (red), 1.000000 (green), 1.000000 (blue)
            Texture UV (on layer 0): 0.315349, 0.446186
        Polygon 792
            Coordinates: 2.421699, 0.815821, -0.082490
            Color vertex (on layer 0): 1.000000 (red), 1.000000 (green), 1.000000 (blue)
            Texture UV (on layer 0): 0.635706, 0.543799
            Coordinates: 2.120266, 0.550741, -0.086322
            Color vertex (on layer 0): 1.000000 (red), 1.000000 (green), 1.000000 (blue)
            Texture UV (on layer 0): 0.639406, 0.519589
            Coordinates: 2.582244, -0.002697, -0.287699
            Color vertex (on layer 0): 1.000000 (red), 1.000000 (green), 1.000000 (blue)
            Texture UV (on layer 0): 0.315349, 0.446186
        Polygon 793
            Coordinates: 1.435323, -0.126445, 0.133236
            Color vertex (on layer 0): 0.000000 (red), 0.000000 (green), 0.000000 (blue)
            Texture UV (on layer 0): 0.339650, 0.473663
            Coordinates: 1.488392, -0.208783, 0.144280
            Color vertex (on layer 0): 0.000000 (red), 0.000000 (green), 0.000000 (blue)
            Texture UV (on layer 0): 0.305599, 0.430030
            Coordinates: 1.840726, 0.221976, -0.021669
            Color vertex (on layer 0): 0.744700 (red), 0.744700 (green), 0.744700 (blue)
            Texture UV (on layer 0): 0.362086, 0.456868
        Polygon 794
            Coordinates: 1.840726, 0.221976, -0.021669
            Color vertex (on layer 0): 0.744700 (red), 0.744700 (green), 0.744700 (blue)
            Texture UV (on layer 0): 0.362086, 0.456868
            Coordinates: 1.488392, -0.208783, 0.144280
            Color vertex (on layer 0): 0.000000 (red), 0.000000 (green), 0.000000 (blue)
            Texture UV (on layer 0): 0.305599, 0.430030
            Coordinates: 1.911047, -0.143560, -0.043074
            Color vertex (on layer 0): 1.000000 (red), 1.000000 (green), 1.000000 (blue)
            Texture UV (on layer 0): 0.315349, 0.446186
        Polygon 795
            Coordinates: 5.267164, 1.493669, -1.673081
            Color vertex (on layer 0): 0.404300 (red), 0.404300 (green), 0.404300 (blue)
            Texture UV (on layer 0): 0.391766, 0.325154
            Coordinates: 5.503765, 1.490782, -1.898473
            Color vertex (on layer 0): 0.404300 (red), 0.404300 (green), 0.404300 (blue)
            Texture UV (on layer 0): 0.391561, 0.334798
            Coordinates: 5.356141, 1.686700, -1.608602
            Color vertex (on layer 0): 0.000000 (red), 0.000000 (green), 0.000000 (blue)
            Texture UV (on layer 0): 0.394997, 0.341625
        Polygon 796
            Coordinates: 5.527946, 1.730198, -1.811184
            Color vertex (on layer 0): 0.000000 (red), 0.000000 (green), 0.000000 (blue)
            Texture UV (on layer 0): 0.394997, 0.341625
            Coordinates: 5.356141, 1.686700, -1.608602
            Color vertex (on layer 0): 0.000000 (red), 0.000000 (green), 0.000000 (blue)
            Texture UV (on layer 0): 0.394997, 0.341625
            Coordinates: 5.503765, 1.490782, -1.898473
            Color vertex (on layer 0): 0.404300 (red), 0.404300 (green), 0.404300 (blue)
            Texture UV (on layer 0): 0.391561, 0.334798
        Polygon 797
            Coordinates: 5.486670, 0.944039, -1.819633
            Color vertex (on layer 0): 1.000000 (red), 1.000000 (green), 1.000000 (blue)
            Texture UV (on layer 0): 0.400126, 0.350386
            Coordinates: 5.642210, 1.405472, -2.086224
            Color vertex (on layer 0): 1.000000 (red), 1.000000 (green), 1.000000 (blue)
            Texture UV (on layer 0): 0.382266, 0.337276
            Coordinates: 5.301621, 1.252716, -1.806101
            Color vertex (on layer 0): 1.000000 (red), 1.000000 (green), 1.000000 (blue)
            Texture UV (on layer 0): 0.382266, 0.337276
        Polygon 798
            Coordinates: 5.267164, 1.493669, -1.673081
            Color vertex (on layer 0): 0.404300 (red), 0.404300 (green), 0.404300 (blue)
            Texture UV (on layer 0): 0.391766, 0.325154
            Coordinates: 5.301621, 1.252716, -1.806101
            Color vertex (on layer 0): 1.000000 (red), 1.000000 (green), 1.000000 (blue)
            Texture UV (on layer 0): 0.382266, 0.337276
            Coordinates: 5.503765, 1.490782, -1.898473
            Color vertex (on layer 0): 0.404300 (red), 0.404300 (green), 0.404300 (blue)
            Texture UV (on layer 0): 0.391561, 0.334798
        Polygon 799
            Coordinates: 5.301621, 1.252716, -1.806101
            Color vertex (on layer 0): 1.000000 (red), 1.000000 (green), 1.000000 (blue)
            Texture UV (on layer 0): 0.382266, 0.337276
            Coordinates: 5.642210, 1.405472, -2.086224
            Color vertex (on layer 0): 1.000000 (red), 1.000000 (green), 1.000000 (blue)
            Texture UV (on layer 0): 0.382266, 0.337276
            Coordinates: 5.503765, 1.490782, -1.898473
            Color vertex (on layer 0): 0.404300 (red), 0.404300 (green), 0.404300 (blue)
            Texture UV (on layer 0): 0.391561, 0.334798
        Polygon 800
            Coordinates: 5.503765, 1.490782, -1.898473
            Color vertex (on layer 0): 0.404300 (red), 0.404300 (green), 0.404300 (blue)
            Texture UV (on layer 0): 0.391561, 0.334798
            Coordinates: 5.642210, 1.405472, -2.086224
            Color vertex (on layer 0): 1.000000 (red), 1.000000 (green), 1.000000 (blue)
            Texture UV (on layer 0): 0.382266, 0.337276
            Coordinates: 5.676355, 1.523527, -2.060196
            Color vertex (on layer 0): 0.404300 (red), 0.404300 (green), 0.404300 (blue)
            Texture UV (on layer 0): 0.395215, 0.360429
        Polygon 801
            Coordinates: 3.714202, 1.855813, -0.261170
            Color vertex (on layer 0): 0.000000 (red), 0.000000 (green), 0.000000 (blue)
            Texture UV (on layer 0): 0.407093, 0.393033
            Coordinates: 4.038449, 1.773966, -0.445682
            Color vertex (on layer 0): 0.000000 (red), 0.000000 (green), 0.000000 (blue)
            Texture UV (on layer 0): 0.399365, 0.402058
            Coordinates: 4.040727, 2.109285, -0.370041
            Color vertex (on layer 0): 0.000000 (red), 0.000000 (green), 0.000000 (blue)
            Texture UV (on layer 0): 0.404840, 0.301924
        Polygon 802
            Coordinates: 4.040727, 2.109285, -0.370041
            Color vertex (on layer 0): 0.000000 (red), 0.000000 (green), 0.000000 (blue)
            Texture UV (on layer 0): 0.404840, 0.301924
            Coordinates: 4.038449, 1.773966, -0.445682
            Color vertex (on layer 0): 0.000000 (red), 0.000000 (green), 0.000000 (blue)
            Texture UV (on layer 0): 0.399365, 0.402058
            Coordinates: 4.274262, 2.000672, -0.522481
            Color vertex (on layer 0): 0.000000 (red), 0.000000 (green), 0.000000 (blue)
            Texture UV (on layer 0): 0.403971, 0.295103
        Polygon 803
            Coordinates: 4.477510, 1.787955, -0.644352
            Color vertex (on layer 0): 0.000000 (red), 0.000000 (green), 0.000000 (blue)
            Texture UV (on layer 0): 0.396015, 0.397049
            Coordinates: 4.829350, 1.715744, -1.068409
            Color vertex (on layer 0): 0.000000 (red), 0.000000 (green), 0.000000 (blue)
            Texture UV (on layer 0): 0.400816, 0.396122
            Coordinates: 4.853929, 1.995945, -0.826661
            Color vertex (on layer 0): 0.000000 (red), 0.000000 (green), 0.000000 (blue)
            Texture UV (on layer 0): 0.413116, 0.301852
        Polygon 804
            Coordinates: 4.853929, 1.995945, -0.826661
            Color vertex (on layer 0): 0.000000 (red), 0.000000 (green), 0.000000 (blue)
            Texture UV (on layer 0): 0.413116, 0.301852
            Coordinates: 4.829350, 1.715744, -1.068409
            Color vertex (on layer 0): 0.000000 (red), 0.000000 (green), 0.000000 (blue)
            Texture UV (on layer 0): 0.400816, 0.396122
            Coordinates: 5.112491, 1.915713, -1.185049
            Color vertex (on layer 0): 0.000000 (red), 0.000000 (green), 0.000000 (blue)
            Texture UV (on layer 0): 0.412872, 0.295530
        Polygon 805
            Coordinates: 5.076040, 1.610383, -1.197811
            Color vertex (on layer 0): 0.000000 (red), 0.000000 (green), 0.000000 (blue)
            Texture UV (on layer 0): 0.543918, 0.571136
            Coordinates: 5.493513, 1.558319, -1.602624
            Color vertex (on layer 0): 0.000000 (red), 0.000000 (green), 0.000000 (blue)
            Texture UV (on layer 0): 0.543918, 0.571136
            Coordinates: 5.344027, 1.829343, -1.349591
            Color vertex (on layer 0): 0.000000 (red), 0.000000 (green), 0.000000 (blue)
            Texture UV (on layer 0): 0.420609, 0.317828
        Polygon 806
            Coordinates: 5.344027, 1.829343, -1.349591
            Color vertex (on layer 0): 0.000000 (red), 0.000000 (green), 0.000000 (blue)
            Texture UV (on layer 0): 0.420609, 0.317828
            Coordinates: 5.493513, 1.558319, -1.602624
            Color vertex (on layer 0): 0.000000 (red), 0.000000 (green), 0.000000 (blue)
            Texture UV (on layer 0): 0.543918, 0.571136
            Coordinates: 5.684602, 1.747095, -1.691231
            Color vertex (on layer 0): 0.000000 (red), 0.000000 (green), 0.000000 (blue)
            Texture UV (on layer 0): 0.420001, 0.301940
        Polygon 807
            Coordinates: 5.025532, -0.955341, -1.347157
            Color vertex (on layer 0): 0.000000 (red), 0.000000 (green), 0.000000 (blue)
            Texture UV (on layer 0): 0.418696, 0.376044
            Coordinates: 4.662665, -0.662246, -1.219173
            Color vertex (on layer 0): 0.000000 (red), 0.000000 (green), 0.000000 (blue)
            Texture UV (on layer 0): 0.420609, 0.317828
            Coordinates: 4.686495, -1.100864, -1.116783
            Color vertex (on layer 0): 0.000000 (red), 0.000000 (green), 0.000000 (blue)
            Texture UV (on layer 0): 0.422508, 0.387463
        Polygon 808
            Coordinates: 4.662665, -0.662246, -1.219173
            Color vertex (on layer 0): 0.000000 (red), 0.000000 (green), 0.000000 (blue)
            Texture UV (on layer 0): 0.420609, 0.317828
            Coordinates: 4.340756, -0.873575, -0.996133
            Color vertex (on layer 0): 0.000000 (red), 0.000000 (green), 0.000000 (blue)
            Texture UV (on layer 0): 0.413116, 0.301852
            Coordinates: 4.686495, -1.100864, -1.116783
            Color vertex (on layer 0): 0.000000 (red), 0.000000 (green), 0.000000 (blue)
            Texture UV (on layer 0): 0.422508, 0.387463
        Polygon 809
            Coordinates: 5.198918, -0.388748, -1.665266
            Color vertex (on layer 0): 0.000000 (red), 0.000000 (green), 0.000000 (blue)
            Texture UV (on layer 0): 0.413116, 0.301852
            Coordinates: 5.546217, -0.522540, -1.901818
            Color vertex (on layer 0): 0.000000 (red), 0.000000 (green), 0.000000 (blue)
            Texture UV (on layer 0): 0.414701, 0.384461
            Coordinates: 5.432935, -0.091365, -1.917374
            Color vertex (on layer 0): 0.000000 (red), 0.000000 (green), 0.000000 (blue)
            Texture UV (on layer 0): 0.408326, 0.312839
        Polygon 810
            Coordinates: 5.432935, -0.091365, -1.917374
            Color vertex (on layer 0): 0.000000 (red), 0.000000 (green), 0.000000 (blue)
            Texture UV (on layer 0): 0.408326, 0.312839
            Coordinates: 5.546217, -0.522540, -1.901818
            Color vertex (on layer 0): 0.000000 (red), 0.000000 (green), 0.000000 (blue)
            Texture UV (on layer 0): 0.414701, 0.384461
            Coordinates: 5.790701, -0.277533, -2.166570
            Color vertex (on layer 0): 0.000000 (red), 0.000000 (green), 0.000000 (blue)
            Texture UV (on layer 0): 0.414701, 0.384461
        Polygon 811
            Coordinates: 6.289711, 0.411123, -2.430362
            Color vertex (on layer 0): 0.000000 (red), 0.000000 (green), 0.000000 (blue)
            Texture UV (on layer 0): 0.410356, 0.355469
            Coordinates: 5.906285, 0.538451, -2.237175
            Color vertex (on layer 0): 0.000000 (red), 0.000000 (green), 0.000000 (blue)
            Texture UV (on layer 0): 0.525899, 0.305532
            Coordinates: 6.009669, 0.119853, -2.266625
            Color vertex (on layer 0): 0.000000 (red), 0.000000 (green), 0.000000 (blue)
            Texture UV (on layer 0): 0.416360, 0.365084
        Polygon 812
            Coordinates: 5.906285, 0.538451, -2.237175
            Color vertex (on layer 0): 0.000000 (red), 0.000000 (green), 0.000000 (blue)
            Texture UV (on layer 0): 0.525899, 0.305532
            Coordinates: 5.748114, 0.177153, -2.142967
            Color vertex (on layer 0): 0.000000 (red), 0.000000 (green), 0.000000 (blue)
            Texture UV (on layer 0): 0.503157, 0.302339
            Coordinates: 6.009669, 0.119853, -2.266625
            Color vertex (on layer 0): 0.000000 (red), 0.000000 (green), 0.000000 (blue)
            Texture UV (on layer 0): 0.416360, 0.365084
        Polygon 813
            Coordinates: -8.694880, 5.449265, -12.008220
            Color vertex (on layer 0): 1.000000 (red), 0.866700 (green), 0.572500 (blue)
            Texture UV (on layer 0): 0.418264, 0.353564
            Coordinates: -8.488573, 4.291908, -9.218303
            Color vertex (on layer 0): 1.000000 (red), 0.866700 (green), 0.572500 (blue)
            Texture UV (on layer 0): 0.427454, 0.351349
            Coordinates: -8.608296, 8.811704, -9.841244
            Color vertex (on layer 0): 1.000000 (red), 0.866700 (green), 0.572500 (blue)
            Texture UV (on layer 0): 0.405346, 0.367863
        Polygon 814
            Coordinates: -8.488573, 4.291908, -9.218303
            Color vertex (on layer 0): 1.000000 (red), 0.866700 (green), 0.572500 (blue)
            Texture UV (on layer 0): 0.427454, 0.351349
            Coordinates: -8.392348, 7.346851, -7.224246
            Color vertex (on layer 0): 1.000000 (red), 0.866700 (green), 0.572500 (blue)
            Texture UV (on layer 0): 0.416360, 0.365084
            Coordinates: -8.608296, 8.811704, -9.841244
            Color vertex (on layer 0): 1.000000 (red), 0.866700 (green), 0.572500 (blue)
            Texture UV (on layer 0): 0.405346, 0.367863
        Polygon 815
            Coordinates: -8.469372, 2.628419, -12.834624
            Color vertex (on layer 0): 1.000000 (red), 0.866700 (green), 0.572500 (blue)
            Texture UV (on layer 0): 0.395215, 0.360429
            Coordinates: -8.508270, -0.839448, -14.510498
            Color vertex (on layer 0): 1.000000 (red), 0.866700 (green), 0.572500 (blue)
            Texture UV (on layer 0): 0.416360, 0.365084
            Coordinates: -8.297011, 1.164547, -10.886518
            Color vertex (on layer 0): 1.000000 (red), 0.866700 (green), 0.572500 (blue)
            Texture UV (on layer 0): 0.405346, 0.367863
        Polygon 816
            Coordinates: -8.508270, -0.839448, -14.510498
            Color vertex (on layer 0): 1.000000 (red), 0.866700 (green), 0.572500 (blue)
            Texture UV (on layer 0): 0.416360, 0.365084
            Coordinates: -8.345541, -1.986402, -12.428116
            Color vertex (on layer 0): 1.000000 (red), 0.866700 (green), 0.572500 (blue)
            Texture UV (on layer 0): 0.412098, 0.372081
            Coordinates: -8.297011, 1.164547, -10.886518
            Color vertex (on layer 0): 1.000000 (red), 0.866700 (green), 0.572500 (blue)
            Texture UV (on layer 0): 0.405346, 0.367863
        Polygon 817
            Coordinates: 2.790048, -1.272465, -0.752084
            Color vertex (on layer 0): 1.000000 (red), 0.868000 (green), 0.576000 (blue)
            Texture UV (on layer 0): 0.637988, 0.558973
            Coordinates: 1.378254, 0.501521, -0.200797
            Color vertex (on layer 0): 1.000000 (red), 0.868000 (green), 0.576000 (blue)
            Texture UV (on layer 0): 0.320926, 0.408966
            Coordinates: 0.012557, 0.062490, 0.418470
            Color vertex (on layer 0): 1.000000 (red), 0.868000 (green), 0.576000 (blue)
            Texture UV (on layer 0): 0.323277, 0.418031
        Polygon 818
            Coordinates: -2.794001, -0.760944, -1.018570
            Color vertex (on layer 0): 1.000000 (red), 0.868000 (green), 0.576000 (blue)
            Texture UV (on layer 0): 0.560714, 0.405142
            Coordinates: -2.580223, -1.937371, -0.405094
            Color vertex (on layer 0): 1.000000 (red), 0.866700 (green), 0.572500 (blue)
            Texture UV (on layer 0): 0.397735, 0.390568
            Coordinates: -1.741974, 0.243345, -0.365164
            Color vertex (on layer 0): 1.000000 (red), 0.868000 (green), 0.576000 (blue)
            Texture UV (on layer 0): 0.396054, 0.300873
        Polygon 819
            Coordinates: -5.965235, 1.825410, -1.569864
            Color vertex (on layer 0): 0.000000 (red), 0.000000 (green), 0.000000 (blue)
            Texture UV (on layer 0): 0.323273, 0.400562
            Coordinates: -5.605402, 1.595885, -1.407044
            Color vertex (on layer 0): 0.000000 (red), 0.000000 (green), 0.000000 (blue)
            Texture UV (on layer 0): 0.400374, 0.375211
            Coordinates: -5.827309, 1.925426, -1.275304
            Color vertex (on layer 0): 0.000000 (red), 0.000000 (green), 0.000000 (blue)
            Texture UV (on layer 0): 0.317844, 0.392002
        Polygon 820
            Coordinates: -5.605402, 1.595885, -1.407044
            Color vertex (on layer 0): 0.000000 (red), 0.000000 (green), 0.000000 (blue)
            Texture UV (on layer 0): 0.400374, 0.375211
            Coordinates: -5.495942, 1.761928, -1.100032
            Color vertex (on layer 0): 0.000000 (red), 0.000000 (green), 0.000000 (blue)
            Texture UV (on layer 0): 0.407790, 0.377061
            Coordinates: -5.827309, 1.925426, -1.275304
            Color vertex (on layer 0): 0.000000 (red), 0.000000 (green), 0.000000 (blue)
            Texture UV (on layer 0): 0.317844, 0.392002
        Polygon 821
            Coordinates: -5.942233, 1.578047, -1.644546
            Color vertex (on layer 0): 0.000000 (red), 0.000000 (green), 0.000000 (blue)
            Texture UV (on layer 0): 0.405346, 0.367863
            Coordinates: -6.173471, 1.750721, -1.784248
            Color vertex (on layer 0): 0.000000 (red), 0.000000 (green), 0.000000 (blue)
            Texture UV (on layer 0): 0.393414, 0.414589
            Coordinates: -6.243558, 1.468147, -1.986523
            Color vertex (on layer 0): 0.000000 (red), 0.000000 (green), 0.000000 (blue)
            Texture UV (on layer 0): 0.407790, 0.377061
        Polygon 822
            Coordinates: -6.243558, 1.468147, -1.986523
            Color vertex (on layer 0): 0.000000 (red), 0.000000 (green), 0.000000 (blue)
            Texture UV (on layer 0): 0.407790, 0.377061
            Coordinates: -6.173471, 1.750721, -1.784248
            Color vertex (on layer 0): 0.000000 (red), 0.000000 (green), 0.000000 (blue)
            Texture UV (on layer 0): 0.393414, 0.414589
            Coordinates: -6.450245, 1.654476, -2.089297
            Color vertex (on layer 0): 0.000000 (red), 0.000000 (green), 0.000000 (blue)
            Texture UV (on layer 0): 0.410356, 0.355469
        Polygon 823
            Coordinates: -6.121328, -0.014546, -2.255613
            Color vertex (on layer 0): 0.000000 (red), 0.000000 (green), 0.000000 (blue)
            Texture UV (on layer 0): 0.412098, 0.372081
            Coordinates: -6.454557, 0.293933, -2.443844
            Color vertex (on layer 0): 0.000000 (red), 0.000000 (green), 0.000000 (blue)
            Texture UV (on layer 0): 0.405346, 0.367863
            Coordinates: -6.538817, -0.131213, -2.480273
            Color vertex (on layer 0): 0.000000 (red), 0.000000 (green), 0.000000 (blue)
            Texture UV (on layer 0): 0.637988, 0.558973
        Polygon 824
            Coordinates: -6.538817, -0.131213, -2.480273
            Color vertex (on layer 0): 0.000000 (red), 0.000000 (green), 0.000000 (blue)
            Texture UV (on layer 0): 0.637988, 0.558973
            Coordinates: -6.454557, 0.293933, -2.443844
            Color vertex (on layer 0): 0.000000 (red), 0.000000 (green), 0.000000 (blue)
            Texture UV (on layer 0): 0.405346, 0.367863
            Coordinates: -6.828237, 0.144961, -2.658470
            Color vertex (on layer 0): 0.000000 (red), 0.000000 (green), 0.000000 (blue)
            Texture UV (on layer 0): 0.632266, 0.588337
        Polygon 825
            Coordinates: -6.189422, -0.589464, -2.274517
            Color vertex (on layer 0): 0.000000 (red), 0.000000 (green), 0.000000 (blue)
            Texture UV (on layer 0): 0.541633, 0.555776
            Coordinates: -5.942482, -0.821456, -1.997045
            Color vertex (on layer 0): 0.000000 (red), 0.000000 (green), 0.000000 (blue)
            Texture UV (on layer 0): 0.545075, 0.564540
            Coordinates: -5.806960, -0.358049, -1.972650
            Color vertex (on layer 0): 0.000000 (red), 0.000000 (green), 0.000000 (blue)
            Texture UV (on layer 0): 0.560714, 0.405142
        Polygon 826
            Coordinates: -5.942482, -0.821456, -1.997045
            Color vertex (on layer 0): 0.000000 (red), 0.000000 (green), 0.000000 (blue)
            Texture UV (on layer 0): 0.545075, 0.564540
            Coordinates: -5.596772, -0.662944, -1.731978
            Color vertex (on layer 0): 0.000000 (red), 0.000000 (green), 0.000000 (blue)
            Texture UV (on layer 0): 0.568713, 0.432511
            Coordinates: -5.806960, -0.358049, -1.972650
            Color vertex (on layer 0): 0.000000 (red), 0.000000 (green), 0.000000 (blue)
            Texture UV (on layer 0): 0.560714, 0.405142
        Polygon 827
            Coordinates: -4.688124, -1.113824, -1.021101
            Color vertex (on layer 0): 0.000000 (red), 0.000000 (green), 0.000000 (blue)
            Texture UV (on layer 0): 0.442560, 0.445683
            Coordinates: -5.067590, -0.957168, -1.283383
            Color vertex (on layer 0): 0.000000 (red), 0.000000 (green), 0.000000 (blue)
            Texture UV (on layer 0): 0.551826, 0.418320
            Coordinates: -5.092416, -1.414736, -1.189950
            Color vertex (on layer 0): 0.000000 (red), 0.000000 (green), 0.000000 (blue)
            Texture UV (on layer 0): 0.325624, 0.409627
        Polygon 828
            Coordinates: -5.092416, -1.414736, -1.189950
            Color vertex (on layer 0): 0.000000 (red), 0.000000 (green), 0.000000 (blue)
            Texture UV (on layer 0): 0.325624, 0.409627
            Coordinates: -5.067590, -0.957168, -1.283383
            Color vertex (on layer 0): 0.000000 (red), 0.000000 (green), 0.000000 (blue)
            Texture UV (on layer 0): 0.551826, 0.418320
            Coordinates: -5.430357, -1.287157, -1.437558
            Color vertex (on layer 0): 0.000000 (red), 0.000000 (green), 0.000000 (blue)
            Texture UV (on layer 0): 0.320975, 0.402372
        Polygon 829
            Coordinates: -1.392624, 4.949233, 0.923578
            Color vertex (on layer 0): 1.000000 (red), 0.868000 (green), 0.576000 (blue)
            Texture UV (on layer 0): 0.635706, 0.543799
            Coordinates: -2.794418, 6.031821, 0.372594
            Color vertex (on layer 0): 1.000000 (red), 0.868000 (green), 0.576000 (blue)
            Texture UV (on layer 0): 0.371860, 0.329832
            Coordinates: -2.731453, 4.988420, 0.282602
            Color vertex (on layer 0): 1.000000 (red), 0.868000 (green), 0.576000 (blue)
            Texture UV (on layer 0): 0.421111, 0.452357
        Polygon 830
            Coordinates: -4.070282, 5.027608, -0.358375
            Color vertex (on layer 0): 1.000000 (red), 0.868000 (green), 0.576000 (blue)
            Texture UV (on layer 0): 0.371860, 0.329832
            Coordinates: -2.731453, 4.988420, 0.282602
            Color vertex (on layer 0): 1.000000 (red), 0.868000 (green), 0.576000 (blue)
            Texture UV (on layer 0): 0.421111, 0.452357
            Coordinates: -2.794418, 6.031821, 0.372594
            Color vertex (on layer 0): 1.000000 (red), 0.868000 (green), 0.576000 (blue)
            Texture UV (on layer 0): 0.371860, 0.329832
        Polygon 831
            Coordinates: -4.070282, 5.027608, -0.358375
            Color vertex (on layer 0): 1.000000 (red), 0.868000 (green), 0.576000 (blue)
            Texture UV (on layer 0): 0.371860, 0.329832
            Coordinates: -5.633886, 6.389501, -1.867342
            Color vertex (on layer 0): 1.000000 (red), 0.868000 (green), 0.576000 (blue)
            Texture UV (on layer 0): 0.341124, 0.372677
            Coordinates: -5.199819, 4.856854, -1.582504
            Color vertex (on layer 0): 1.000000 (red), 0.868000 (green), 0.576000 (blue)
            Texture UV (on layer 0): 0.417839, 0.435382
        Polygon 832
            Coordinates: -6.329355, 4.686101, -2.806633
            Color vertex (on layer 0): 1.000000 (red), 0.868000 (green), 0.576000 (blue)
            Texture UV (on layer 0): 0.400339, 0.467717
            Coordinates: -5.199819, 4.856854, -1.582504
            Color vertex (on layer 0): 1.000000 (red), 0.868000 (green), 0.576000 (blue)
            Texture UV (on layer 0): 0.417839, 0.435382
            Coordinates: -5.633886, 6.389501, -1.867342
            Color vertex (on layer 0): 1.000000 (red), 0.868000 (green), 0.576000 (blue)
            Texture UV (on layer 0): 0.341124, 0.372677
        Polygon 833
            Coordinates: -6.444049, 3.257295, -3.103876
            Color vertex (on layer 0): 1.000000 (red), 0.868000 (green), 0.576000 (blue)
            Texture UV (on layer 0): 0.537641, 0.567538
            Coordinates: -7.454493, 5.840029, -5.285038
            Color vertex (on layer 0): 1.000000 (red), 0.868000 (green), 0.576000 (blue)
            Texture UV (on layer 0): 0.422508, 0.387463
            Coordinates: -6.813631, 2.446783, -3.978584
            Color vertex (on layer 0): 1.000000 (red), 0.868000 (green), 0.576000 (blue)
            Texture UV (on layer 0): 0.537641, 0.567538
        Polygon 834
            Coordinates: -4.237513, 4.120881, -0.500962
            Color vertex (on layer 0): 1.000000 (red), 0.868000 (green), 0.576000 (blue)
            Texture UV (on layer 0): 0.428165, 0.451037
            Coordinates: -4.606456, 4.025778, -0.783323
            Color vertex (on layer 0): 1.000000 (red), 0.868000 (green), 0.576000 (blue)
            Texture UV (on layer 0): 0.428420, 0.461206
            Coordinates: -4.404747, 3.214150, -0.643549
            Color vertex (on layer 0): 1.000000 (red), 0.868000 (green), 0.576000 (blue)
            Texture UV (on layer 0): 0.355881, 0.313050
        Polygon 835
            Coordinates: -4.906378, 3.406177, -1.022029
            Color vertex (on layer 0): 1.000000 (red), 0.868000 (green), 0.576000 (blue)
            Texture UV (on layer 0): 0.435362, 0.448360
            Coordinates: -4.404747, 3.214150, -0.643549
            Color vertex (on layer 0): 1.000000 (red), 0.868000 (green), 0.576000 (blue)
            Texture UV (on layer 0): 0.355881, 0.313050
            Coordinates: -4.606456, 4.025778, -0.783323
            Color vertex (on layer 0): 1.000000 (red), 0.868000 (green), 0.576000 (blue)
            Texture UV (on layer 0): 0.428420, 0.461206
        Polygon 836
            Coordinates: -4.739147, 4.312906, -0.879443
            Color vertex (on layer 0): 1.000000 (red), 0.868000 (green), 0.576000 (blue)
            Texture UV (on layer 0): 0.435362, 0.448360
            Coordinates: -4.606456, 4.025778, -0.783323
            Color vertex (on layer 0): 1.000000 (red), 0.868000 (green), 0.576000 (blue)
            Texture UV (on layer 0): 0.428420, 0.461206
            Coordinates: -4.070282, 5.027608, -0.358375
            Color vertex (on layer 0): 1.000000 (red), 0.868000 (green), 0.576000 (blue)
            Texture UV (on layer 0): 0.371860, 0.329832
        Polygon 837
            Coordinates: -4.237513, 4.120881, -0.500962
            Color vertex (on layer 0): 1.000000 (red), 0.868000 (green), 0.576000 (blue)
            Texture UV (on layer 0): 0.428165, 0.451037
            Coordinates: -4.070282, 5.027608, -0.358375
            Color vertex (on layer 0): 1.000000 (red), 0.868000 (green), 0.576000 (blue)
            Texture UV (on layer 0): 0.371860, 0.329832
            Coordinates: -4.606456, 4.025778, -0.783323
            Color vertex (on layer 0): 1.000000 (red), 0.868000 (green), 0.576000 (blue)
            Texture UV (on layer 0): 0.428420, 0.461206
        Polygon 838
            Coordinates: -6.287347, 3.538847, -2.714694
            Color vertex (on layer 0): 1.000000 (red), 0.868000 (green), 0.576000 (blue)
            Texture UV (on layer 0): 0.442560, 0.445683
            Coordinates: -6.130643, 3.820400, -2.325514
            Color vertex (on layer 0): 1.000000 (red), 0.868000 (green), 0.576000 (blue)
            Texture UV (on layer 0): 0.414462, 0.389154
            Coordinates: -6.312463, 3.927792, -2.772672
            Color vertex (on layer 0): 1.000000 (red), 0.868000 (green), 0.576000 (blue)
            Texture UV (on layer 0): 0.428420, 0.461206
        Polygon 839
            Coordinates: -6.130643, 3.820400, -2.325514
            Color vertex (on layer 0): 1.000000 (red), 0.868000 (green), 0.576000 (blue)
            Texture UV (on layer 0): 0.414462, 0.389154
            Coordinates: -6.230000, 4.253250, -2.566072
            Color vertex (on layer 0): 1.000000 (red), 0.868000 (green), 0.576000 (blue)
            Texture UV (on layer 0): 0.442190, 0.453675
            Coordinates: -6.312463, 3.927792, -2.772672
            Color vertex (on layer 0): 1.000000 (red), 0.868000 (green), 0.576000 (blue)
            Texture UV (on layer 0): 0.428420, 0.461206
        Polygon 840
            Coordinates: -6.386703, 3.971698, -2.955255
            Color vertex (on layer 0): 1.000000 (red), 0.868000 (green), 0.576000 (blue)
            Texture UV (on layer 0): 0.428420, 0.461206
            Coordinates: -6.312463, 3.927792, -2.772672
            Color vertex (on layer 0): 1.000000 (red), 0.868000 (green), 0.576000 (blue)
            Texture UV (on layer 0): 0.428420, 0.461206
            Coordinates: -6.329355, 4.686101, -2.806633
            Color vertex (on layer 0): 1.000000 (red), 0.868000 (green), 0.576000 (blue)
            Texture UV (on layer 0): 0.414701, 0.384461
        Polygon 841
            Coordinates: -6.230000, 4.253250, -2.566072
            Color vertex (on layer 0): 1.000000 (red), 0.868000 (green), 0.576000 (blue)
            Texture UV (on layer 0): 0.442190, 0.453675
            Coordinates: -6.329355, 4.686101, -2.806633
            Color vertex (on layer 0): 1.000000 (red), 0.868000 (green), 0.576000 (blue)
            Texture UV (on layer 0): 0.414701, 0.384461
            Coordinates: -6.312463, 3.927792, -2.772672
            Color vertex (on layer 0): 1.000000 (red), 0.868000 (green), 0.576000 (blue)
            Texture UV (on layer 0): 0.428420, 0.461206
        Polygon 842
            Coordinates: -1.392624, 4.949233, 0.923578
            Color vertex (on layer 0): 1.000000 (red), 0.868000 (green), 0.576000 (blue)
            Texture UV (on layer 0): 0.635706, 0.543799
            Coordinates: -2.731453, 4.988420, 0.282602
            Color vertex (on layer 0): 1.000000 (red), 0.868000 (green), 0.576000 (blue)
            Texture UV (on layer 0): 0.421111, 0.452357
            Coordinates: -2.010609, 4.154278, 0.665721
            Color vertex (on layer 0): 1.000000 (red), 0.868000 (green), 0.576000 (blue)
            Texture UV (on layer 0): 0.413803, 0.465995
        Polygon 843
            Coordinates: -2.010609, 4.154278, 0.665721
            Color vertex (on layer 0): 1.000000 (red), 0.868000 (green), 0.576000 (blue)
            Texture UV (on layer 0): 0.413803, 0.465995
            Coordinates: -2.731453, 4.988420, 0.282602
            Color vertex (on layer 0): 1.000000 (red), 0.868000 (green), 0.576000 (blue)
            Texture UV (on layer 0): 0.421111, 0.452357
            Coordinates: -3.058322, 4.223273, 0.116273
            Color vertex (on layer 0): 1.000000 (red), 0.868000 (green), 0.576000 (blue)
            Texture UV (on layer 0): 0.428165, 0.451037
        Polygon 844
            Coordinates: -4.070282, 5.027608, -0.358375
            Color vertex (on layer 0): 1.000000 (red), 0.868000 (green), 0.576000 (blue)
            Texture UV (on layer 0): 0.371860, 0.329832
            Coordinates: -4.237513, 4.120881, -0.500962
            Color vertex (on layer 0): 1.000000 (red), 0.868000 (green), 0.576000 (blue)
            Texture UV (on layer 0): 0.428165, 0.451037
            Coordinates: -2.731453, 4.988420, 0.282602
            Color vertex (on layer 0): 1.000000 (red), 0.868000 (green), 0.576000 (blue)
            Texture UV (on layer 0): 0.421111, 0.452357
        Polygon 845
            Coordinates: -2.731453, 4.988420, 0.282602
            Color vertex (on layer 0): 1.000000 (red), 0.868000 (green), 0.576000 (blue)
            Texture UV (on layer 0): 0.421111, 0.452357
            Coordinates: -4.237513, 4.120881, -0.500962
            Color vertex (on layer 0): 1.000000 (red), 0.868000 (green), 0.576000 (blue)
            Texture UV (on layer 0): 0.428165, 0.451037
            Coordinates: -3.058322, 4.223273, 0.116273
            Color vertex (on layer 0): 1.000000 (red), 0.868000 (green), 0.576000 (blue)
            Texture UV (on layer 0): 0.428165, 0.451037
        Polygon 846
            Coordinates: -3.058322, 4.223273, 0.116273
            Color vertex (on layer 0): 1.000000 (red), 0.868000 (green), 0.576000 (blue)
            Texture UV (on layer 0): 0.428165, 0.451037
            Coordinates: -4.237513, 4.120881, -0.500962
            Color vertex (on layer 0): 1.000000 (red), 0.868000 (green), 0.576000 (blue)
            Texture UV (on layer 0): 0.428165, 0.451037
            Coordinates: -3.516670, 3.286736, -0.117842
            Color vertex (on layer 0): 1.000000 (red), 0.868000 (green), 0.576000 (blue)
            Texture UV (on layer 0): 0.414057, 0.453677
        Polygon 847
            Coordinates: -4.237513, 4.120881, -0.500962
            Color vertex (on layer 0): 1.000000 (red), 0.868000 (green), 0.576000 (blue)
            Texture UV (on layer 0): 0.428165, 0.451037
            Coordinates: -4.404747, 3.214150, -0.643549
            Color vertex (on layer 0): 1.000000 (red), 0.868000 (green), 0.576000 (blue)
            Texture UV (on layer 0): 0.355881, 0.313050
            Coordinates: -3.516670, 3.286736, -0.117842
            Color vertex (on layer 0): 1.000000 (red), 0.868000 (green), 0.576000 (blue)
            Texture UV (on layer 0): 0.414057, 0.453677
        Polygon 848
            Coordinates: -1.371093, 4.031109, 0.870462
            Color vertex (on layer 0): 1.000000 (red), 0.868000 (green), 0.576000 (blue)
            Texture UV (on layer 0): 0.428420, 0.461206
            Coordinates: -1.782375, 3.874147, 0.723285
            Color vertex (on layer 0): 1.000000 (red), 0.868000 (green), 0.576000 (blue)
            Texture UV (on layer 0): 0.421111, 0.452357
            Coordinates: -1.349562, 3.112985, 0.817347
            Color vertex (on layer 0): 1.000000 (red), 0.868000 (green), 0.576000 (blue)
            Texture UV (on layer 0): 0.328763, 0.370510
        Polygon 849
            Coordinates: -1.989079, 3.236153, 0.612606
            Color vertex (on layer 0): 1.000000 (red), 0.868000 (green), 0.576000 (blue)
            Texture UV (on layer 0): 0.413803, 0.465995
            Coordinates: -1.349562, 3.112985, 0.817347
            Color vertex (on layer 0): 1.000000 (red), 0.868000 (green), 0.576000 (blue)
            Texture UV (on layer 0): 0.328763, 0.370510
            Coordinates: -1.782375, 3.874147, 0.723285
            Color vertex (on layer 0): 1.000000 (red), 0.868000 (green), 0.576000 (blue)
            Texture UV (on layer 0): 0.421111, 0.452357
        Polygon 850
            Coordinates: -2.010609, 4.154278, 0.665721
            Color vertex (on layer 0): 1.000000 (red), 0.868000 (green), 0.576000 (blue)
            Texture UV (on layer 0): 0.413803, 0.465995
            Coordinates: -1.782375, 3.874147, 0.723285
            Color vertex (on layer 0): 1.000000 (red), 0.868000 (green), 0.576000 (blue)
            Texture UV (on layer 0): 0.421111, 0.452357
            Coordinates: -1.392624, 4.949233, 0.923578
            Color vertex (on layer 0): 1.000000 (red), 0.868000 (green), 0.576000 (blue)
            Texture UV (on layer 0): 0.635706, 0.543799
        Polygon 851
            Coordinates: -1.371093, 4.031109, 0.870462
            Color vertex (on layer 0): 1.000000 (red), 0.868000 (green), 0.576000 (blue)
            Texture UV (on layer 0): 0.428420, 0.461206
            Coordinates: -1.392624, 4.949233, 0.923578
            Color vertex (on layer 0): 1.000000 (red), 0.868000 (green), 0.576000 (blue)
            Texture UV (on layer 0): 0.635706, 0.543799
            Coordinates: -1.782375, 3.874147, 0.723285
            Color vertex (on layer 0): 1.000000 (red), 0.868000 (green), 0.576000 (blue)
            Texture UV (on layer 0): 0.421111, 0.452357
        Polygon 852
            Coordinates: -6.287347, 3.538847, -2.714694
            Color vertex (on layer 0): 1.000000 (red), 0.868000 (green), 0.576000 (blue)
            Texture UV (on layer 0): 0.428165, 0.451037
            Coordinates: -6.444049, 3.257295, -3.103876
            Color vertex (on layer 0): 1.000000 (red), 0.868000 (green), 0.576000 (blue)
            Texture UV (on layer 0): 0.639406, 0.519589
            Coordinates: -6.299382, 2.663303, -2.861537
            Color vertex (on layer 0): 1.000000 (red), 0.868000 (green), 0.576000 (blue)
            Texture UV (on layer 0): 0.413803, 0.465995
        Polygon 853
            Coordinates: -6.444049, 3.257295, -3.103876
            Color vertex (on layer 0): 1.000000 (red), 0.868000 (green), 0.576000 (blue)
            Texture UV (on layer 0): 0.639406, 0.519589
            Coordinates: -6.484661, 2.645936, -3.240890
            Color vertex (on layer 0): 1.000000 (red), 0.868000 (green), 0.576000 (blue)
            Texture UV (on layer 0): 0.425488, 0.431279
            Coordinates: -6.299382, 2.663303, -2.861537
            Color vertex (on layer 0): 1.000000 (red), 0.868000 (green), 0.576000 (blue)
            Texture UV (on layer 0): 0.413803, 0.465995
        Polygon 854
            Coordinates: -6.381140, 1.727364, -3.158665
            Color vertex (on layer 0): 1.000000 (red), 0.868000 (green), 0.576000 (blue)
            Texture UV (on layer 0): 0.424024, 0.440858
            Coordinates: -6.299382, 2.663303, -2.861537
            Color vertex (on layer 0): 1.000000 (red), 0.868000 (green), 0.576000 (blue)
            Texture UV (on layer 0): 0.413803, 0.465995
            Coordinates: -6.525272, 2.034578, -3.377906
            Color vertex (on layer 0): 1.000000 (red), 0.868000 (green), 0.576000 (blue)
            Texture UV (on layer 0): 0.316872, 0.403451
        Polygon 855
            Coordinates: -6.484661, 2.645936, -3.240890
            Color vertex (on layer 0): 1.000000 (red), 0.868000 (green), 0.576000 (blue)
            Texture UV (on layer 0): 0.425488, 0.431279
            Coordinates: -6.525272, 2.034578, -3.377906
            Color vertex (on layer 0): 1.000000 (red), 0.868000 (green), 0.576000 (blue)
            Texture UV (on layer 0): 0.316872, 0.403451
            Coordinates: -6.299382, 2.663303, -2.861537
            Color vertex (on layer 0): 1.000000 (red), 0.868000 (green), 0.576000 (blue)
            Texture UV (on layer 0): 0.413803, 0.465995
        Polygon 856
            Coordinates: -6.237007, 1.420150, -2.939424
            Color vertex (on layer 0): 1.000000 (red), 0.868000 (green), 0.576000 (blue)
            Texture UV (on layer 0): 0.326094, 0.384998
            Coordinates: -6.183825, 2.620275, -2.632470
            Color vertex (on layer 0): 1.000000 (red), 0.868000 (green), 0.576000 (blue)
            Texture UV (on layer 0): 0.417839, 0.435382
            Coordinates: -6.381140, 1.727364, -3.158665
            Color vertex (on layer 0): 1.000000 (red), 0.868000 (green), 0.576000 (blue)
            Texture UV (on layer 0): 0.424024, 0.440858
        Polygon 857
            Coordinates: -6.381140, 1.727364, -3.158665
            Color vertex (on layer 0): 1.000000 (red), 0.868000 (green), 0.576000 (blue)
            Texture UV (on layer 0): 0.424024, 0.440858
            Coordinates: -6.183825, 2.620275, -2.632470
            Color vertex (on layer 0): 1.000000 (red), 0.868000 (green), 0.576000 (blue)
            Texture UV (on layer 0): 0.417839, 0.435382
            Coordinates: -6.299382, 2.663303, -2.861537
            Color vertex (on layer 0): 1.000000 (red), 0.868000 (green), 0.576000 (blue)
            Texture UV (on layer 0): 0.413803, 0.465995
        Polygon 858
            Coordinates: -4.070282, 5.027608, -0.358375
            Color vertex (on layer 0): 1.000000 (red), 0.868000 (green), 0.576000 (blue)
            Texture UV (on layer 0): 0.371860, 0.329832
            Coordinates: -5.199819, 4.856854, -1.582504
            Color vertex (on layer 0): 1.000000 (red), 0.868000 (green), 0.576000 (blue)
            Texture UV (on layer 0): 0.417839, 0.435382
            Coordinates: -4.739147, 4.312906, -0.879443
            Color vertex (on layer 0): 1.000000 (red), 0.868000 (green), 0.576000 (blue)
            Texture UV (on layer 0): 0.435362, 0.448360
        Polygon 859
            Coordinates: -4.739147, 4.312906, -0.879443
            Color vertex (on layer 0): 1.000000 (red), 0.868000 (green), 0.576000 (blue)
            Texture UV (on layer 0): 0.435362, 0.448360
            Coordinates: -5.199819, 4.856854, -1.582504
            Color vertex (on layer 0): 1.000000 (red), 0.868000 (green), 0.576000 (blue)
            Texture UV (on layer 0): 0.417839, 0.435382
            Coordinates: -5.289804, 4.446753, -1.552831
            Color vertex (on layer 0): 1.000000 (red), 0.868000 (green), 0.576000 (blue)
            Texture UV (on layer 0): 0.415948, 0.444529
        Polygon 860
            Coordinates: -6.329355, 4.686101, -2.806633
            Color vertex (on layer 0): 1.000000 (red), 0.868000 (green), 0.576000 (blue)
            Texture UV (on layer 0): 0.400339, 0.467717
            Coordinates: -6.230000, 4.253250, -2.566072
            Color vertex (on layer 0): 1.000000 (red), 0.868000 (green), 0.576000 (blue)
            Texture UV (on layer 0): 0.424024, 0.440858
            Coordinates: -5.199819, 4.856854, -1.582504
            Color vertex (on layer 0): 1.000000 (red), 0.868000 (green), 0.576000 (blue)
            Texture UV (on layer 0): 0.417839, 0.435382
        Polygon 861
            Coordinates: -5.199819, 4.856854, -1.582504
            Color vertex (on layer 0): 1.000000 (red), 0.868000 (green), 0.576000 (blue)
            Texture UV (on layer 0): 0.417839, 0.435382
            Coordinates: -6.230000, 4.253250, -2.566072
            Color vertex (on layer 0): 1.000000 (red), 0.868000 (green), 0.576000 (blue)
            Texture UV (on layer 0): 0.424024, 0.440858
            Coordinates: -5.289804, 4.446753, -1.552831
            Color vertex (on layer 0): 1.000000 (red), 0.868000 (green), 0.576000 (blue)
            Texture UV (on layer 0): 0.415948, 0.444529
        Polygon 862
            Coordinates: -6.230000, 4.253250, -2.566072
            Color vertex (on layer 0): 1.000000 (red), 0.868000 (green), 0.576000 (blue)
            Texture UV (on layer 0): 0.424024, 0.440858
            Coordinates: -6.130643, 3.820400, -2.325514
            Color vertex (on layer 0): 1.000000 (red), 0.868000 (green), 0.576000 (blue)
            Texture UV (on layer 0): 0.636922, 0.493198
            Coordinates: -5.289804, 4.446753, -1.552831
            Color vertex (on layer 0): 1.000000 (red), 0.868000 (green), 0.576000 (blue)
            Texture UV (on layer 0): 0.415948, 0.444529
        Polygon 863
            Coordinates: -6.130643, 3.820400, -2.325514
            Color vertex (on layer 0): 1.000000 (red), 0.868000 (green), 0.576000 (blue)
            Texture UV (on layer 0): 0.636922, 0.493198
            Coordinates: -5.769327, 3.709301, -1.863012
            Color vertex (on layer 0): 1.000000 (red), 0.868000 (green), 0.576000 (blue)
            Texture UV (on layer 0): 0.551826, 0.418320
            Coordinates: -5.289804, 4.446753, -1.552831
            Color vertex (on layer 0): 1.000000 (red), 0.868000 (green), 0.576000 (blue)
            Texture UV (on layer 0): 0.415948, 0.444529
        Polygon 864
            Coordinates: -6.237007, 1.420150, -2.939424
            Color vertex (on layer 0): 1.000000 (red), 0.868000 (green), 0.576000 (blue)
            Texture UV (on layer 0): 0.326094, 0.384998
            Coordinates: -5.802252, 1.576801, -2.347389
            Color vertex (on layer 0): 1.000000 (red), 0.868000 (green), 0.576000 (blue)
            Texture UV (on layer 0): 0.551907, 0.429834
            Coordinates: -6.183825, 2.620275, -2.632470
            Color vertex (on layer 0): 1.000000 (red), 0.868000 (green), 0.576000 (blue)
            Texture UV (on layer 0): 0.417839, 0.435382
        Polygon 865
            Coordinates: -6.183825, 2.620275, -2.632470
            Color vertex (on layer 0): 1.000000 (red), 0.868000 (green), 0.576000 (blue)
            Texture UV (on layer 0): 0.417839, 0.435382
            Coordinates: -5.802252, 1.576801, -2.347389
            Color vertex (on layer 0): 1.000000 (red), 0.868000 (green), 0.576000 (blue)
            Texture UV (on layer 0): 0.551907, 0.429834
            Coordinates: -5.819200, 2.594852, -2.159033
            Color vertex (on layer 0): 1.000000 (red), 0.868000 (green), 0.576000 (blue)
            Texture UV (on layer 0): 0.568713, 0.432511
        Polygon 866
            Coordinates: -5.802252, 1.576801, -2.347389
            Color vertex (on layer 0): 1.000000 (red), 0.868000 (green), 0.576000 (blue)
            Texture UV (on layer 0): 0.551907, 0.429834
            Coordinates: -5.367497, 1.733453, -1.755355
            Color vertex (on layer 0): 1.000000 (red), 0.868000 (green), 0.576000 (blue)
            Texture UV (on layer 0): 0.320926, 0.408966
            Coordinates: -5.819200, 2.594852, -2.159033
            Color vertex (on layer 0): 1.000000 (red), 0.868000 (green), 0.576000 (blue)
            Texture UV (on layer 0): 0.568713, 0.432511
        Polygon 867
            Coordinates: -5.367497, 1.733453, -1.755355
            Color vertex (on layer 0): 1.000000 (red), 0.868000 (green), 0.576000 (blue)
            Texture UV (on layer 0): 0.320926, 0.408966
            Coordinates: -5.387753, 2.665827, -1.577932
            Color vertex (on layer 0): 1.000000 (red), 0.868000 (green), 0.576000 (blue)
            Texture UV (on layer 0): 0.568713, 0.432511
            Coordinates: -5.819200, 2.594852, -2.159033
            Color vertex (on layer 0): 1.000000 (red), 0.868000 (green), 0.576000 (blue)
            Texture UV (on layer 0): 0.568713, 0.432511
        Polygon 868
            Coordinates: -5.819200, 2.594852, -2.159033
            Color vertex (on layer 0): 1.000000 (red), 0.868000 (green), 0.576000 (blue)
            Texture UV (on layer 0): 0.568713, 0.432511
            Coordinates: -5.387753, 2.665827, -1.577932
            Color vertex (on layer 0): 1.000000 (red), 0.868000 (green), 0.576000 (blue)
            Texture UV (on layer 0): 0.568713, 0.432511
            Coordinates: -5.769327, 3.709301, -1.863012
            Color vertex (on layer 0): 1.000000 (red), 0.868000 (green), 0.576000 (blue)
            Texture UV (on layer 0): 0.551826, 0.418320
        Polygon 869
            Coordinates: -5.387753, 2.665827, -1.577932
            Color vertex (on layer 0): 1.000000 (red), 0.868000 (green), 0.576000 (blue)
            Texture UV (on layer 0): 0.568713, 0.432511
            Coordinates: -5.408008, 3.598201, -1.400511
            Color vertex (on layer 0): 1.000000 (red), 0.868000 (green), 0.576000 (blue)
            Texture UV (on layer 0): 0.397095, 0.488609
            Coordinates: -5.769327, 3.709301, -1.863012
            Color vertex (on layer 0): 1.000000 (red), 0.868000 (green), 0.576000 (blue)
            Texture UV (on layer 0): 0.551826, 0.418320
        Polygon 870
            Coordinates: -2.262109, 2.368863, 0.195143
            Color vertex (on layer 0): 1.000000 (red), 0.868000 (green), 0.576000 (blue)
            Texture UV (on layer 0): 0.551988, 0.441349
            Coordinates: -1.989079, 3.236153, 0.612606
            Color vertex (on layer 0): 1.000000 (red), 0.868000 (green), 0.576000 (blue)
            Texture UV (on layer 0): 0.413803, 0.465995
            Coordinates: -2.942671, 2.525062, 0.019549
            Color vertex (on layer 0): 1.000000 (red), 0.868000 (green), 0.576000 (blue)
            Texture UV (on layer 0): 0.551907, 0.429834
        Polygon 871
            Coordinates: -1.989079, 3.236153, 0.612606
            Color vertex (on layer 0): 1.000000 (red), 0.868000 (green), 0.576000 (blue)
            Texture UV (on layer 0): 0.413803, 0.465995
            Coordinates: -2.628595, 3.359321, 0.407865
            Color vertex (on layer 0): 1.000000 (red), 0.868000 (green), 0.576000 (blue)
            Texture UV (on layer 0): 0.323953, 0.361496
            Coordinates: -2.942671, 2.525062, 0.019549
            Color vertex (on layer 0): 1.000000 (red), 0.868000 (green), 0.576000 (blue)
            Texture UV (on layer 0): 0.551907, 0.429834
        Polygon 872
            Coordinates: -3.256745, 1.690801, -0.368766
            Color vertex (on layer 0): 1.000000 (red), 0.868000 (green), 0.576000 (blue)
            Texture UV (on layer 0): 0.323793, 0.409687
            Coordinates: -2.528918, 1.541656, -0.205223
            Color vertex (on layer 0): 1.000000 (red), 0.868000 (green), 0.576000 (blue)
            Texture UV (on layer 0): 0.551988, 0.441349
            Coordinates: -2.942671, 2.525062, 0.019549
            Color vertex (on layer 0): 1.000000 (red), 0.868000 (green), 0.576000 (blue)
            Texture UV (on layer 0): 0.551907, 0.429834
        Polygon 873
            Coordinates: -2.942671, 2.525062, 0.019549
            Color vertex (on layer 0): 1.000000 (red), 0.868000 (green), 0.576000 (blue)
            Texture UV (on layer 0): 0.551907, 0.429834
            Coordinates: -2.528918, 1.541656, -0.205223
            Color vertex (on layer 0): 1.000000 (red), 0.868000 (green), 0.576000 (blue)
            Texture UV (on layer 0): 0.551988, 0.441349
            Coordinates: -2.262109, 2.368863, 0.195143
            Color vertex (on layer 0): 1.000000 (red), 0.868000 (green), 0.576000 (blue)
            Texture UV (on layer 0): 0.551988, 0.441349
        Polygon 874
            Coordinates: -1.575326, 2.252748, 0.387833
            Color vertex (on layer 0): 1.000000 (red), 0.868000 (green), 0.576000 (blue)
            Texture UV (on layer 0): 0.542550, 0.452030
            Coordinates: -2.262109, 2.368863, 0.195143
            Color vertex (on layer 0): 1.000000 (red), 0.868000 (green), 0.576000 (blue)
            Texture UV (on layer 0): 0.551988, 0.441349
            Coordinates: -2.060724, 1.388721, -0.067328
            Color vertex (on layer 0): 1.000000 (red), 0.868000 (green), 0.576000 (blue)
            Texture UV (on layer 0): 0.381228, 0.300215
        Polygon 875
            Coordinates: -2.528918, 1.541656, -0.205223
            Color vertex (on layer 0): 1.000000 (red), 0.868000 (green), 0.576000 (blue)
            Texture UV (on layer 0): 0.551988, 0.441349
            Coordinates: -2.060724, 1.388721, -0.067328
            Color vertex (on layer 0): 1.000000 (red), 0.868000 (green), 0.576000 (blue)
            Texture UV (on layer 0): 0.381228, 0.300215
            Coordinates: -2.262109, 2.368863, 0.195143
            Color vertex (on layer 0): 1.000000 (red), 0.868000 (green), 0.576000 (blue)
            Texture UV (on layer 0): 0.551988, 0.441349
        Polygon 876
            Coordinates: -5.408008, 3.598201, -1.400511
            Color vertex (on layer 0): 1.000000 (red), 0.868000 (green), 0.576000 (blue)
            Texture UV (on layer 0): 0.397095, 0.488609
            Coordinates: -5.387753, 2.665827, -1.577932
            Color vertex (on layer 0): 1.000000 (red), 0.868000 (green), 0.576000 (blue)
            Texture UV (on layer 0): 0.568713, 0.432511
            Coordinates: -4.906378, 3.406177, -1.022029
            Color vertex (on layer 0): 1.000000 (red), 0.868000 (green), 0.576000 (blue)
            Texture UV (on layer 0): 0.435362, 0.448360
        Polygon 877
            Coordinates: -4.906378, 3.406177, -1.022029
            Color vertex (on layer 0): 1.000000 (red), 0.868000 (green), 0.576000 (blue)
            Texture UV (on layer 0): 0.435362, 0.448360
            Coordinates: -5.387753, 2.665827, -1.577932
            Color vertex (on layer 0): 1.000000 (red), 0.868000 (green), 0.576000 (blue)
            Texture UV (on layer 0): 0.568713, 0.432511
            Coordinates: -4.948372, 2.636791, -1.226353
            Color vertex (on layer 0): 1.000000 (red), 0.868000 (green), 0.576000 (blue)
            Texture UV (on layer 0): 0.544225, 0.442693
        Polygon 878
            Coordinates: -5.367497, 1.733453, -1.755355
            Color vertex (on layer 0): 1.000000 (red), 0.868000 (green), 0.576000 (blue)
            Texture UV (on layer 0): 0.320926, 0.408966
            Coordinates: -4.884702, 1.851722, -1.348049
            Color vertex (on layer 0): 1.000000 (red), 0.868000 (green), 0.576000 (blue)
            Texture UV (on layer 0): 0.542550, 0.452030
            Coordinates: -5.387753, 2.665827, -1.577932
            Color vertex (on layer 0): 1.000000 (red), 0.868000 (green), 0.576000 (blue)
            Texture UV (on layer 0): 0.568713, 0.432511
        Polygon 879
            Coordinates: -5.387753, 2.665827, -1.577932
            Color vertex (on layer 0): 1.000000 (red), 0.868000 (green), 0.576000 (blue)
            Texture UV (on layer 0): 0.568713, 0.432511
            Coordinates: -4.884702, 1.851722, -1.348049
            Color vertex (on layer 0): 1.000000 (red), 0.868000 (green), 0.576000 (blue)
            Texture UV (on layer 0): 0.542550, 0.452030
            Coordinates: -4.948372, 2.636791, -1.226353
            Color vertex (on layer 0): 1.000000 (red), 0.868000 (green), 0.576000 (blue)
            Texture UV (on layer 0): 0.544225, 0.442693
        Polygon 880
            Coordinates: -4.884702, 1.851722, -1.348049
            Color vertex (on layer 0): 1.000000 (red), 0.868000 (green), 0.576000 (blue)
            Texture UV (on layer 0): 0.542550, 0.452030
            Coordinates: -4.401905, 1.969992, -0.940745
            Color vertex (on layer 0): 1.000000 (red), 0.868000 (green), 0.576000 (blue)
            Texture UV (on layer 0): 0.335868, 0.355780
            Coordinates: -4.948372, 2.636791, -1.226353
            Color vertex (on layer 0): 1.000000 (red), 0.868000 (green), 0.576000 (blue)
            Texture UV (on layer 0): 0.544225, 0.442693
        Polygon 881
            Coordinates: -4.401905, 1.969992, -0.940745
            Color vertex (on layer 0): 1.000000 (red), 0.868000 (green), 0.576000 (blue)
            Texture UV (on layer 0): 0.335868, 0.355780
            Coordinates: -4.403326, 2.592071, -0.792147
            Color vertex (on layer 0): 1.000000 (red), 0.868000 (green), 0.576000 (blue)
            Texture UV (on layer 0): 0.536462, 0.444037
            Coordinates: -4.948372, 2.636791, -1.226353
            Color vertex (on layer 0): 1.000000 (red), 0.868000 (green), 0.576000 (blue)
            Texture UV (on layer 0): 0.544225, 0.442693
        Polygon 882
            Coordinates: -3.516670, 3.286736, -0.117842
            Color vertex (on layer 0): 1.000000 (red), 0.868000 (green), 0.576000 (blue)
            Texture UV (on layer 0): 0.414057, 0.453677
            Coordinates: -4.404747, 3.214150, -0.643549
            Color vertex (on layer 0): 1.000000 (red), 0.868000 (green), 0.576000 (blue)
            Texture UV (on layer 0): 0.355881, 0.313050
            Coordinates: -3.581424, 2.638886, -0.314539
            Color vertex (on layer 0): 1.000000 (red), 0.868000 (green), 0.576000 (blue)
            Texture UV (on layer 0): 0.544225, 0.442693
        Polygon 883
            Coordinates: -4.404747, 3.214150, -0.643549
            Color vertex (on layer 0): 1.000000 (red), 0.868000 (green), 0.576000 (blue)
            Texture UV (on layer 0): 0.355881, 0.313050
            Coordinates: -4.403326, 2.592071, -0.792147
            Color vertex (on layer 0): 1.000000 (red), 0.868000 (green), 0.576000 (blue)
            Texture UV (on layer 0): 0.536462, 0.444037
            Coordinates: -3.581424, 2.638886, -0.314539
            Color vertex (on layer 0): 1.000000 (red), 0.868000 (green), 0.576000 (blue)
            Texture UV (on layer 0): 0.544225, 0.442693
        Polygon 884
            Coordinates: -3.581424, 2.638886, -0.314539
            Color vertex (on layer 0): 1.000000 (red), 0.868000 (green), 0.576000 (blue)
            Texture UV (on layer 0): 0.544225, 0.442693
            Coordinates: -4.403326, 2.592071, -0.792147
            Color vertex (on layer 0): 1.000000 (red), 0.868000 (green), 0.576000 (blue)
            Texture UV (on layer 0): 0.536462, 0.444037
            Coordinates: -3.829326, 1.830397, -0.654756
            Color vertex (on layer 0): 1.000000 (red), 0.868000 (green), 0.576000 (blue)
            Texture UV (on layer 0): 0.540500, 0.437015
        Polygon 885
            Coordinates: -4.403326, 2.592071, -0.792147
            Color vertex (on layer 0): 1.000000 (red), 0.868000 (green), 0.576000 (blue)
            Texture UV (on layer 0): 0.536462, 0.444037
            Coordinates: -4.401905, 1.969992, -0.940745
            Color vertex (on layer 0): 1.000000 (red), 0.868000 (green), 0.576000 (blue)
            Texture UV (on layer 0): 0.335868, 0.355780
            Coordinates: -3.829326, 1.830397, -0.654756
            Color vertex (on layer 0): 1.000000 (red), 0.868000 (green), 0.576000 (blue)
            Texture UV (on layer 0): 0.540500, 0.437015
        Polygon 886
            Coordinates: -2.942671, 2.525062, 0.019549
            Color vertex (on layer 0): 1.000000 (red), 0.868000 (green), 0.576000 (blue)
            Texture UV (on layer 0): 0.551907, 0.429834
            Coordinates: -3.581424, 2.638886, -0.314539
            Color vertex (on layer 0): 1.000000 (red), 0.868000 (green), 0.576000 (blue)
            Texture UV (on layer 0): 0.544225, 0.442693
            Coordinates: -3.256745, 1.690801, -0.368766
            Color vertex (on layer 0): 1.000000 (red), 0.868000 (green), 0.576000 (blue)
            Texture UV (on layer 0): 0.323793, 0.409687
        Polygon 887
            Coordinates: -3.829326, 1.830397, -0.654756
            Color vertex (on layer 0): 1.000000 (red), 0.868000 (green), 0.576000 (blue)
            Texture UV (on layer 0): 0.540500, 0.437015
            Coordinates: -3.256745, 1.690801, -0.368766
            Color vertex (on layer 0): 1.000000 (red), 0.868000 (green), 0.576000 (blue)
            Texture UV (on layer 0): 0.323793, 0.409687
            Coordinates: -3.581424, 2.638886, -0.314539
            Color vertex (on layer 0): 1.000000 (red), 0.868000 (green), 0.576000 (blue)
            Texture UV (on layer 0): 0.544225, 0.442693
        Polygon 888
            Coordinates: 3.916486, 3.038688, -0.652941
            Color vertex (on layer 0): 1.000000 (red), 0.868000 (green), 0.576000 (blue)
            Texture UV (on layer 0): 0.354221, 0.384401
            Coordinates: 4.390771, 3.657648, -1.017755
            Color vertex (on layer 0): 1.000000 (red), 0.868000 (green), 0.576000 (blue)
            Texture UV (on layer 0): 0.533608, 0.439786
            Coordinates: 3.679032, 4.136510, -0.485418
            Color vertex (on layer 0): 1.000000 (red), 0.868000 (green), 0.576000 (blue)
            Texture UV (on layer 0): 0.533694, 0.431651
        Polygon 889
            Coordinates: 3.679032, 4.136510, -0.485418
            Color vertex (on layer 0): 1.000000 (red), 0.868000 (green), 0.576000 (blue)
            Texture UV (on layer 0): 0.533694, 0.431651
            Coordinates: 4.390771, 3.657648, -1.017755
            Color vertex (on layer 0): 1.000000 (red), 0.868000 (green), 0.576000 (blue)
            Texture UV (on layer 0): 0.533608, 0.439786
            Coordinates: 4.163159, 4.402141, -0.873011
            Color vertex (on layer 0): 1.000000 (red), 0.868000 (green), 0.576000 (blue)
            Texture UV (on layer 0): 0.533608, 0.439786
        Polygon 890
            Coordinates: 4.390771, 3.657648, -1.017755
            Color vertex (on layer 0): 1.000000 (red), 0.868000 (green), 0.576000 (blue)
            Texture UV (on layer 0): 0.533608, 0.439786
            Coordinates: 4.865054, 4.276607, -1.382570
            Color vertex (on layer 0): 1.000000 (red), 0.868000 (green), 0.576000 (blue)
            Texture UV (on layer 0): 0.350736, 0.340158
            Coordinates: 4.163159, 4.402141, -0.873011
            Color vertex (on layer 0): 1.000000 (red), 0.868000 (green), 0.576000 (blue)
            Texture UV (on layer 0): 0.533608, 0.439786
        Polygon 891
            Coordinates: 4.865054, 4.276607, -1.382570
            Color vertex (on layer 0): 1.000000 (red), 0.868000 (green), 0.576000 (blue)
            Texture UV (on layer 0): 0.350736, 0.340158
            Coordinates: 4.886016, 4.746351, -1.449470
            Color vertex (on layer 0): 1.000000 (red), 0.868000 (green), 0.576000 (blue)
            Texture UV (on layer 0): 0.530755, 0.435535
            Coordinates: 4.163159, 4.402141, -0.873011
            Color vertex (on layer 0): 1.000000 (red), 0.868000 (green), 0.576000 (blue)
            Texture UV (on layer 0): 0.533608, 0.439786
        Polygon 892
            Coordinates: 4.163159, 4.402141, -0.873011
            Color vertex (on layer 0): 1.000000 (red), 0.868000 (green), 0.576000 (blue)
            Texture UV (on layer 0): 0.533608, 0.439786
            Coordinates: 4.886016, 4.746351, -1.449470
            Color vertex (on layer 0): 1.000000 (red), 0.868000 (green), 0.576000 (blue)
            Texture UV (on layer 0): 0.530755, 0.435535
            Coordinates: 4.174277, 5.225214, -0.917132
            Color vertex (on layer 0): 1.000000 (red), 0.868000 (green), 0.576000 (blue)
            Texture UV (on layer 0): 0.533694, 0.431651
        Polygon 893
            Coordinates: 4.886016, 4.746351, -1.449470
            Color vertex (on layer 0): 1.000000 (red), 0.868000 (green), 0.576000 (blue)
            Texture UV (on layer 0): 0.530755, 0.435535
            Coordinates: 4.906976, 5.216098, -1.516369
            Color vertex (on layer 0): 1.000000 (red), 0.868000 (green), 0.576000 (blue)
            Texture UV (on layer 0): 0.335868, 0.355780
            Coordinates: 4.174277, 5.225214, -0.917132
            Color vertex (on layer 0): 1.000000 (red), 0.868000 (green), 0.576000 (blue)
            Texture UV (on layer 0): 0.533694, 0.431651
        Polygon 894
            Coordinates: 5.787582, 5.520848, -2.785138
            Color vertex (on layer 0): 1.000000 (red), 0.868000 (green), 0.576000 (blue)
            Texture UV (on layer 0): 0.512037, 0.370858
            Coordinates: 5.608760, 4.503146, -2.383132
            Color vertex (on layer 0): 1.000000 (red), 0.868000 (green), 0.576000 (blue)
            Texture UV (on layer 0): 0.407535, 0.453782
            Coordinates: 6.044310, 4.603888, -3.255338
            Color vertex (on layer 0): 1.000000 (red), 0.868000 (green), 0.576000 (blue)
            Texture UV (on layer 0): 0.400339, 0.467717
        Polygon 895
            Coordinates: 6.044310, 4.603888, -3.255338
            Color vertex (on layer 0): 1.000000 (red), 0.868000 (green), 0.576000 (blue)
            Texture UV (on layer 0): 0.400339, 0.467717
            Coordinates: 5.608760, 4.503146, -2.383132
            Color vertex (on layer 0): 1.000000 (red), 0.868000 (green), 0.576000 (blue)
            Texture UV (on layer 0): 0.407535, 0.453782
            Coordinates: 5.830782, 4.117622, -2.811903
            Color vertex (on layer 0): 1.000000 (red), 0.868000 (green), 0.576000 (blue)
            Texture UV (on layer 0): 0.414057, 0.453677
        Polygon 896
            Coordinates: 5.830782, 4.117622, -2.811903
            Color vertex (on layer 0): 1.000000 (red), 0.868000 (green), 0.576000 (blue)
            Texture UV (on layer 0): 0.414057, 0.453677
            Coordinates: 5.608760, 4.503146, -2.383132
            Color vertex (on layer 0): 1.000000 (red), 0.868000 (green), 0.576000 (blue)
            Texture UV (on layer 0): 0.407535, 0.453782
            Coordinates: 5.550409, 3.233603, -2.220742
            Color vertex (on layer 0): 1.000000 (red), 0.868000 (green), 0.576000 (blue)
            Texture UV (on layer 0): 0.401012, 0.453888
        Polygon 897
            Coordinates: 5.608760, 4.503146, -2.383132
            Color vertex (on layer 0): 1.000000 (red), 0.868000 (green), 0.576000 (blue)
            Texture UV (on layer 0): 0.407535, 0.453782
            Coordinates: 5.429938, 3.485443, -1.981123
            Color vertex (on layer 0): 1.000000 (red), 0.868000 (green), 0.576000 (blue)
            Texture UV (on layer 0): 0.512075, 0.364621
            Coordinates: 5.550409, 3.233603, -2.220742
            Color vertex (on layer 0): 1.000000 (red), 0.868000 (green), 0.576000 (blue)
            Texture UV (on layer 0): 0.401012, 0.453888
        Polygon 898
            Coordinates: 5.830782, 4.117622, -2.811903
            Color vertex (on layer 0): 1.000000 (red), 0.868000 (green), 0.576000 (blue)
            Texture UV (on layer 0): 0.414057, 0.453677
            Coordinates: 5.550409, 3.233603, -2.220742
            Color vertex (on layer 0): 1.000000 (red), 0.868000 (green), 0.576000 (blue)
            Texture UV (on layer 0): 0.401012, 0.453888
            Coordinates: 5.985958, 3.334344, -3.092949
            Color vertex (on layer 0): 1.000000 (red), 0.868000 (green), 0.576000 (blue)
            Texture UV (on layer 0): 0.407535, 0.453782
        Polygon 899
            Coordinates: 5.550409, 3.233603, -2.220742
            Color vertex (on layer 0): 1.000000 (red), 0.868000 (green), 0.576000 (blue)
            Texture UV (on layer 0): 0.401012, 0.453888
            Coordinates: 5.670877, 2.981760, -2.460361
            Color vertex (on layer 0): 1.000000 (red), 0.868000 (green), 0.576000 (blue)
            Texture UV (on layer 0): 0.443718, 0.404269
            Coordinates: 5.985958, 3.334344, -3.092949
            Color vertex (on layer 0): 1.000000 (red), 0.868000 (green), 0.576000 (blue)
            Texture UV (on layer 0): 0.407535, 0.453782
        Polygon 900
            Coordinates: 0.817776, 3.172644, 0.829030
            Color vertex (on layer 0): 1.000000 (red), 0.868000 (green), 0.576000 (blue)
            Texture UV (on layer 0): 0.345623, 0.319608
            Coordinates: 1.451712, 3.330858, 0.631155
            Color vertex (on layer 0): 1.000000 (red), 0.868000 (green), 0.576000 (blue)
            Texture UV (on layer 0): 0.413803, 0.465995
            Coordinates: 0.788203, 4.090533, 0.882101
            Color vertex (on layer 0): 1.000000 (red), 0.868000 (green), 0.576000 (blue)
            Texture UV (on layer 0): 0.414057, 0.453677
        Polygon 901
            Coordinates: 0.788203, 4.090533, 0.882101
            Color vertex (on layer 0): 1.000000 (red), 0.868000 (green), 0.576000 (blue)
            Texture UV (on layer 0): 0.414057, 0.453677
            Coordinates: 1.451712, 3.330858, 0.631155
            Color vertex (on layer 0): 1.000000 (red), 0.868000 (green), 0.576000 (blue)
            Texture UV (on layer 0): 0.413803, 0.465995
            Coordinates: 1.407243, 4.203573, 0.677844
            Color vertex (on layer 0): 1.000000 (red), 0.868000 (green), 0.576000 (blue)
            Texture UV (on layer 0): 0.400339, 0.467717
        Polygon 902
            Coordinates: 1.451712, 3.330858, 0.631155
            Color vertex (on layer 0): 1.000000 (red), 0.868000 (green), 0.576000 (blue)
            Texture UV (on layer 0): 0.413803, 0.465995
            Coordinates: 2.085650, 3.489071, 0.433278
            Color vertex (on layer 0): 1.000000 (red), 0.868000 (green), 0.576000 (blue)
            Texture UV (on layer 0): 0.660396, 0.484069
            Coordinates: 1.407243, 4.203573, 0.677844
            Color vertex (on layer 0): 1.000000 (red), 0.868000 (green), 0.576000 (blue)
            Texture UV (on layer 0): 0.400339, 0.467717
        Polygon 903
            Coordinates: 2.085650, 3.489071, 0.433278
            Color vertex (on layer 0): 1.000000 (red), 0.868000 (green), 0.576000 (blue)
            Texture UV (on layer 0): 0.660396, 0.484069
            Coordinates: 2.060341, 4.324461, 0.462409
            Color vertex (on layer 0): 1.000000 (red), 0.868000 (green), 0.576000 (blue)
            Texture UV (on layer 0): 0.400339, 0.467717
            Coordinates: 1.407243, 4.203573, 0.677844
            Color vertex (on layer 0): 1.000000 (red), 0.868000 (green), 0.576000 (blue)
            Texture UV (on layer 0): 0.400339, 0.467717
        Polygon 904
            Coordinates: 1.407243, 4.203573, 0.677844
            Color vertex (on layer 0): 1.000000 (red), 0.868000 (green), 0.576000 (blue)
            Texture UV (on layer 0): 0.400339, 0.467717
            Coordinates: 2.060341, 4.324461, 0.462409
            Color vertex (on layer 0): 1.000000 (red), 0.868000 (green), 0.576000 (blue)
            Texture UV (on layer 0): 0.400339, 0.467717
            Coordinates: 1.396831, 5.084139, 0.713356
            Color vertex (on layer 0): 1.000000 (red), 0.868000 (green), 0.576000 (blue)
            Texture UV (on layer 0): 0.400339, 0.467717
        Polygon 905
            Coordinates: 2.060341, 4.324461, 0.462409
            Color vertex (on layer 0): 1.000000 (red), 0.868000 (green), 0.576000 (blue)
            Texture UV (on layer 0): 0.400339, 0.467717
            Coordinates: 2.035033, 5.159853, 0.491539
            Color vertex (on layer 0): 1.000000 (red), 0.868000 (green), 0.576000 (blue)
            Texture UV (on layer 0): 0.374724, 0.466249
            Coordinates: 1.396831, 5.084139, 0.713356
            Color vertex (on layer 0): 1.000000 (red), 0.868000 (green), 0.576000 (blue)
            Texture UV (on layer 0): 0.400339, 0.467717
        Polygon 906
            Coordinates: 3.679032, 4.136510, -0.485418
            Color vertex (on layer 0): 1.000000 (red), 0.868000 (green), 0.576000 (blue)
            Texture UV (on layer 0): 0.533694, 0.431651
            Coordinates: 2.941611, 4.154397, -0.055143
            Color vertex (on layer 0): 1.000000 (red), 0.868000 (green), 0.576000 (blue)
            Texture UV (on layer 0): 0.388727, 0.460087
            Coordinates: 3.916486, 3.038688, -0.652941
            Color vertex (on layer 0): 1.000000 (red), 0.868000 (green), 0.576000 (blue)
            Texture UV (on layer 0): 0.354221, 0.384401
        Polygon 907
            Coordinates: 3.001068, 3.263880, -0.109831
            Color vertex (on layer 0): 1.000000 (red), 0.868000 (green), 0.576000 (blue)
            Texture UV (on layer 0): 0.401012, 0.453888
            Coordinates: 3.916486, 3.038688, -0.652941
            Color vertex (on layer 0): 1.000000 (red), 0.868000 (green), 0.576000 (blue)
            Texture UV (on layer 0): 0.354221, 0.384401
            Coordinates: 2.941611, 4.154397, -0.055143
            Color vertex (on layer 0): 1.000000 (red), 0.868000 (green), 0.576000 (blue)
            Texture UV (on layer 0): 0.388727, 0.460087
        Polygon 908
            Coordinates: 3.679032, 4.136510, -0.485418
            Color vertex (on layer 0): 1.000000 (red), 0.868000 (green), 0.576000 (blue)
            Texture UV (on layer 0): 0.533694, 0.431651
            Coordinates: 3.441578, 5.234332, -0.317894
            Color vertex (on layer 0): 1.000000 (red), 0.868000 (green), 0.576000 (blue)
            Texture UV (on layer 0): 0.337135, 0.390748
            Coordinates: 2.941611, 4.154397, -0.055143
            Color vertex (on layer 0): 1.000000 (red), 0.868000 (green), 0.576000 (blue)
            Texture UV (on layer 0): 0.388727, 0.460087
        Polygon 909
            Coordinates: 3.441578, 5.234332, -0.317894
            Color vertex (on layer 0): 1.000000 (red), 0.868000 (green), 0.576000 (blue)
            Texture UV (on layer 0): 0.337135, 0.390748
            Coordinates: 2.738306, 5.197092, 0.086823
            Color vertex (on layer 0): 1.000000 (red), 0.868000 (green), 0.576000 (blue)
            Texture UV (on layer 0): 0.388727, 0.460087
            Coordinates: 2.941611, 4.154397, -0.055143
            Color vertex (on layer 0): 1.000000 (red), 0.868000 (green), 0.576000 (blue)
            Texture UV (on layer 0): 0.388727, 0.460087
        Polygon 910
            Coordinates: 2.941611, 4.154397, -0.055143
            Color vertex (on layer 0): 1.000000 (red), 0.868000 (green), 0.576000 (blue)
            Texture UV (on layer 0): 0.388727, 0.460087
            Coordinates: 2.738306, 5.197092, 0.086823
            Color vertex (on layer 0): 1.000000 (red), 0.868000 (green), 0.576000 (blue)
            Texture UV (on layer 0): 0.388727, 0.460087
            Coordinates: 2.060341, 4.324461, 0.462409
            Color vertex (on layer 0): 1.000000 (red), 0.868000 (green), 0.576000 (blue)
            Texture UV (on layer 0): 0.400339, 0.467717
        Polygon 911
            Coordinates: 2.738306, 5.197092, 0.086823
            Color vertex (on layer 0): 1.000000 (red), 0.868000 (green), 0.576000 (blue)
            Texture UV (on layer 0): 0.388727, 0.460087
            Coordinates: 2.035033, 5.159853, 0.491539
            Color vertex (on layer 0): 1.000000 (red), 0.868000 (green), 0.576000 (blue)
            Texture UV (on layer 0): 0.374724, 0.466249
            Coordinates: 2.060341, 4.324461, 0.462409
            Color vertex (on layer 0): 1.000000 (red), 0.868000 (green), 0.576000 (blue)
            Texture UV (on layer 0): 0.400339, 0.467717
        Polygon 912
            Coordinates: 5.429938, 3.485443, -1.981123
            Color vertex (on layer 0): 1.000000 (red), 0.868000 (green), 0.576000 (blue)
            Texture UV (on layer 0): 0.512075, 0.364621
            Coordinates: 5.608760, 4.503146, -2.383132
            Color vertex (on layer 0): 1.000000 (red), 0.868000 (green), 0.576000 (blue)
            Texture UV (on layer 0): 0.407535, 0.453782
            Coordinates: 5.147498, 3.881025, -1.681847
            Color vertex (on layer 0): 1.000000 (red), 0.868000 (green), 0.576000 (blue)
            Texture UV (on layer 0): 0.401012, 0.453888
        Polygon 913
            Coordinates: 5.147498, 3.881025, -1.681847
            Color vertex (on layer 0): 1.000000 (red), 0.868000 (green), 0.576000 (blue)
            Texture UV (on layer 0): 0.401012, 0.453888
            Coordinates: 5.608760, 4.503146, -2.383132
            Color vertex (on layer 0): 1.000000 (red), 0.868000 (green), 0.576000 (blue)
            Texture UV (on layer 0): 0.407535, 0.453782
            Coordinates: 5.332593, 4.653234, -2.034122
            Color vertex (on layer 0): 1.000000 (red), 0.868000 (green), 0.576000 (blue)
            Texture UV (on layer 0): 0.391904, 0.433216
        Polygon 914
            Coordinates: 5.787582, 5.520848, -2.785138
            Color vertex (on layer 0): 1.000000 (red), 0.868000 (green), 0.576000 (blue)
            Texture UV (on layer 0): 0.512037, 0.370858
            Coordinates: 5.347279, 5.368474, -2.150754
            Color vertex (on layer 0): 1.000000 (red), 0.868000 (green), 0.576000 (blue)
            Texture UV (on layer 0): 0.401012, 0.453888
            Coordinates: 5.608760, 4.503146, -2.383132
            Color vertex (on layer 0): 1.000000 (red), 0.868000 (green), 0.576000 (blue)
            Texture UV (on layer 0): 0.407535, 0.453782
        Polygon 915
            Coordinates: 5.608760, 4.503146, -2.383132
            Color vertex (on layer 0): 1.000000 (red), 0.868000 (green), 0.576000 (blue)
            Texture UV (on layer 0): 0.407535, 0.453782
            Coordinates: 5.347279, 5.368474, -2.150754
            Color vertex (on layer 0): 1.000000 (red), 0.868000 (green), 0.576000 (blue)
            Texture UV (on layer 0): 0.401012, 0.453888
            Coordinates: 5.332593, 4.653234, -2.034122
            Color vertex (on layer 0): 1.000000 (red), 0.868000 (green), 0.576000 (blue)
            Texture UV (on layer 0): 0.391904, 0.433216
        Polygon 916
            Coordinates: 5.347279, 5.368474, -2.150754
            Color vertex (on layer 0): 1.000000 (red), 0.868000 (green), 0.576000 (blue)
            Texture UV (on layer 0): 0.401012, 0.453888
            Coordinates: 4.906976, 5.216098, -1.516369
            Color vertex (on layer 0): 1.000000 (red), 0.868000 (green), 0.576000 (blue)
            Texture UV (on layer 0): 0.524760, 0.385215
            Coordinates: 5.332593, 4.653234, -2.034122
            Color vertex (on layer 0): 1.000000 (red), 0.868000 (green), 0.576000 (blue)
            Texture UV (on layer 0): 0.391904, 0.433216
        Polygon 917
            Coordinates: 4.906976, 5.216098, -1.516369
            Color vertex (on layer 0): 1.000000 (red), 0.868000 (green), 0.576000 (blue)
            Texture UV (on layer 0): 0.524760, 0.385215
            Coordinates: 4.886016, 4.746351, -1.449470
            Color vertex (on layer 0): 1.000000 (red), 0.868000 (green), 0.576000 (blue)
            Texture UV (on layer 0): 0.391904, 0.433216
            Coordinates: 5.332593, 4.653234, -2.034122
            Color vertex (on layer 0): 1.000000 (red), 0.868000 (green), 0.576000 (blue)
            Texture UV (on layer 0): 0.391904, 0.433216
        Polygon 918
            Coordinates: 5.322868, 2.564859, -2.107740
            Color vertex (on layer 0): 1.000000 (red), 0.868000 (green), 0.576000 (blue)
            Texture UV (on layer 0): 0.391904, 0.433216
            Coordinates: 4.974858, 2.147958, -1.755119
            Color vertex (on layer 0): 1.000000 (red), 0.868000 (green), 0.576000 (blue)
            Texture UV (on layer 0): 0.537621, 0.370696
            Coordinates: 5.391218, 2.388205, -2.238868
            Color vertex (on layer 0): 1.000000 (red), 0.868000 (green), 0.576000 (blue)
            Texture UV (on layer 0): 0.402712, 0.444093
        Polygon 919
            Coordinates: 4.974858, 2.147958, -1.755119
            Color vertex (on layer 0): 1.000000 (red), 0.868000 (green), 0.576000 (blue)
            Texture UV (on layer 0): 0.537621, 0.370696
            Coordinates: 5.257947, 2.060857, -2.143964
            Color vertex (on layer 0): 1.000000 (red), 0.868000 (green), 0.576000 (blue)
            Texture UV (on layer 0): 0.402712, 0.444093
            Coordinates: 5.391218, 2.388205, -2.238868
            Color vertex (on layer 0): 1.000000 (red), 0.868000 (green), 0.576000 (blue)
            Texture UV (on layer 0): 0.402712, 0.444093
        Polygon 920
            Coordinates: 5.257947, 2.060857, -2.143964
            Color vertex (on layer 0): 1.000000 (red), 0.868000 (green), 0.576000 (blue)
            Texture UV (on layer 0): 0.402712, 0.444093
            Coordinates: 5.541035, 1.973756, -2.532809
            Color vertex (on layer 0): 1.000000 (red), 0.868000 (green), 0.576000 (blue)
            Texture UV (on layer 0): 0.535712, 0.394320
            Coordinates: 5.391218, 2.388205, -2.238868
            Color vertex (on layer 0): 1.000000 (red), 0.868000 (green), 0.576000 (blue)
            Texture UV (on layer 0): 0.402712, 0.444093
        Polygon 921
            Coordinates: 5.541035, 1.973756, -2.532809
            Color vertex (on layer 0): 1.000000 (red), 0.868000 (green), 0.576000 (blue)
            Texture UV (on layer 0): 0.535712, 0.394320
            Coordinates: 5.605955, 2.477759, -2.496585
            Color vertex (on layer 0): 1.000000 (red), 0.868000 (green), 0.576000 (blue)
            Texture UV (on layer 0): 0.487200, 0.314439
            Coordinates: 5.391218, 2.388205, -2.238868
            Color vertex (on layer 0): 1.000000 (red), 0.868000 (green), 0.576000 (blue)
            Texture UV (on layer 0): 0.402712, 0.444093
        Polygon 922
            Coordinates: 6.061656, 2.521864, -3.344373
            Color vertex (on layer 0): 1.000000 (red), 0.868000 (green), 0.576000 (blue)
            Texture UV (on layer 0): 0.475940, 0.301047
            Coordinates: 5.605955, 2.477759, -2.496585
            Color vertex (on layer 0): 1.000000 (red), 0.868000 (green), 0.576000 (blue)
            Texture UV (on layer 0): 0.487200, 0.314439
            Coordinates: 6.001241, 1.759900, -3.333971
            Color vertex (on layer 0): 1.000000 (red), 0.868000 (green), 0.576000 (blue)
            Texture UV (on layer 0): 0.503157, 0.302339
        Polygon 923
            Coordinates: 5.605955, 2.477759, -2.496585
            Color vertex (on layer 0): 1.000000 (red), 0.868000 (green), 0.576000 (blue)
            Texture UV (on layer 0): 0.487200, 0.314439
            Coordinates: 5.541035, 1.973756, -2.532809
            Color vertex (on layer 0): 1.000000 (red), 0.868000 (green), 0.576000 (blue)
            Texture UV (on layer 0): 0.535712, 0.394320
            Coordinates: 6.001241, 1.759900, -3.333971
            Color vertex (on layer 0): 1.000000 (red), 0.868000 (green), 0.576000 (blue)
            Texture UV (on layer 0): 0.503157, 0.302339
        Polygon 924
            Coordinates: 6.461445, 1.546042, -4.135133
            Color vertex (on layer 0): 1.000000 (red), 0.868000 (green), 0.576000 (blue)
            Texture UV (on layer 0): 0.512075, 0.364621
            Coordinates: 6.381242, 2.616484, -3.930336
            Color vertex (on layer 0): 1.000000 (red), 0.868000 (green), 0.576000 (blue)
            Texture UV (on layer 0): 0.487200, 0.314439
            Coordinates: 6.001241, 1.759900, -3.333971
            Color vertex (on layer 0): 1.000000 (red), 0.868000 (green), 0.576000 (blue)
            Texture UV (on layer 0): 0.503157, 0.302339
        Polygon 925
            Coordinates: 6.001241, 1.759900, -3.333971
            Color vertex (on layer 0): 1.000000 (red), 0.868000 (green), 0.576000 (blue)
            Texture UV (on layer 0): 0.503157, 0.302339
            Coordinates: 6.381242, 2.616484, -3.930336
            Color vertex (on layer 0): 1.000000 (red), 0.868000 (green), 0.576000 (blue)
            Texture UV (on layer 0): 0.487200, 0.314439
            Coordinates: 6.061656, 2.521864, -3.344373
            Color vertex (on layer 0): 1.000000 (red), 0.868000 (green), 0.576000 (blue)
            Texture UV (on layer 0): 0.475940, 0.301047
        Polygon 926
            Coordinates: 6.301038, 3.686928, -3.725537
            Color vertex (on layer 0): 1.000000 (red), 0.868000 (green), 0.576000 (blue)
            Texture UV (on layer 0): 0.455846, 0.395965
            Coordinates: 5.985958, 3.334344, -3.092949
            Color vertex (on layer 0): 1.000000 (red), 0.868000 (green), 0.576000 (blue)
            Texture UV (on layer 0): 0.407535, 0.453782
            Coordinates: 6.381242, 2.616484, -3.930336
            Color vertex (on layer 0): 1.000000 (red), 0.868000 (green), 0.576000 (blue)
            Texture UV (on layer 0): 0.487200, 0.314439
        Polygon 927
            Coordinates: 6.381242, 2.616484, -3.930336
            Color vertex (on layer 0): 1.000000 (red), 0.868000 (green), 0.576000 (blue)
            Texture UV (on layer 0): 0.487200, 0.314439
            Coordinates: 5.985958, 3.334344, -3.092949
            Color vertex (on layer 0): 1.000000 (red), 0.868000 (green), 0.576000 (blue)
            Texture UV (on layer 0): 0.407535, 0.453782
            Coordinates: 6.061656, 2.521864, -3.344373
            Color vertex (on layer 0): 1.000000 (red), 0.868000 (green), 0.576000 (blue)
            Texture UV (on layer 0): 0.475940, 0.301047
        Polygon 928
            Coordinates: 1.092608, 2.267601, 0.492702
            Color vertex (on layer 0): 1.000000 (red), 0.868000 (green), 0.576000 (blue)
            Texture UV (on layer 0): 0.508373, 0.323904
            Coordinates: 1.537857, 1.383568, 0.087970
            Color vertex (on layer 0): 1.000000 (red), 0.868000 (green), 0.576000 (blue)
            Texture UV (on layer 0): 0.318107, 0.377606
            Coordinates: 1.758842, 2.447171, 0.264427
            Color vertex (on layer 0): 1.000000 (red), 0.868000 (green), 0.576000 (blue)
            Texture UV (on layer 0): 0.503157, 0.302339
        Polygon 929
            Coordinates: 1.537857, 1.383568, 0.087970
            Color vertex (on layer 0): 1.000000 (red), 0.868000 (green), 0.576000 (blue)
            Texture UV (on layer 0): 0.318107, 0.377606
            Coordinates: 2.066970, 1.620243, -0.087358
            Color vertex (on layer 0): 1.000000 (red), 0.868000 (green), 0.576000 (blue)
            Texture UV (on layer 0): 0.503157, 0.302339
            Coordinates: 1.758842, 2.447171, 0.264427
            Color vertex (on layer 0): 1.000000 (red), 0.868000 (green), 0.576000 (blue)
            Texture UV (on layer 0): 0.503157, 0.302339
        Polygon 930
            Coordinates: 2.766502, 1.877927, -0.331089
            Color vertex (on layer 0): 1.000000 (red), 0.868000 (green), 0.576000 (blue)
            Texture UV (on layer 0): 0.636922, 0.493198
            Coordinates: 2.426076, 2.683499, 0.051095
            Color vertex (on layer 0): 1.000000 (red), 0.868000 (green), 0.576000 (blue)
            Texture UV (on layer 0): 0.525899, 0.305532
            Coordinates: 2.066970, 1.620243, -0.087358
            Color vertex (on layer 0): 1.000000 (red), 0.868000 (green), 0.576000 (blue)
            Texture UV (on layer 0): 0.503157, 0.302339
        Polygon 931
            Coordinates: 2.066970, 1.620243, -0.087358
            Color vertex (on layer 0): 1.000000 (red), 0.868000 (green), 0.576000 (blue)
            Texture UV (on layer 0): 0.503157, 0.302339
            Coordinates: 2.426076, 2.683499, 0.051095
            Color vertex (on layer 0): 1.000000 (red), 0.868000 (green), 0.576000 (blue)
            Texture UV (on layer 0): 0.525899, 0.305532
            Coordinates: 1.758842, 2.447171, 0.264427
            Color vertex (on layer 0): 1.000000 (red), 0.868000 (green), 0.576000 (blue)
            Texture UV (on layer 0): 0.503157, 0.302339
        Polygon 932
            Coordinates: 2.426076, 2.683499, 0.051095
            Color vertex (on layer 0): 1.000000 (red), 0.868000 (green), 0.576000 (blue)
            Texture UV (on layer 0): 0.525899, 0.305532
            Coordinates: 2.085650, 3.489071, 0.433278
            Color vertex (on layer 0): 1.000000 (red), 0.868000 (green), 0.576000 (blue)
            Texture UV (on layer 0): 0.660396, 0.484069
            Coordinates: 1.758842, 2.447171, 0.264427
            Color vertex (on layer 0): 1.000000 (red), 0.868000 (green), 0.576000 (blue)
            Texture UV (on layer 0): 0.503157, 0.302339
        Polygon 933
            Coordinates: 2.085650, 3.489071, 0.433278
            Color vertex (on layer 0): 1.000000 (red), 0.868000 (green), 0.576000 (blue)
            Texture UV (on layer 0): 0.660396, 0.484069
            Coordinates: 1.451712, 3.330858, 0.631155
            Color vertex (on layer 0): 1.000000 (red), 0.868000 (green), 0.576000 (blue)
            Texture UV (on layer 0): 0.413803, 0.465995
            Coordinates: 1.758842, 2.447171, 0.264427
            Color vertex (on layer 0): 1.000000 (red), 0.868000 (green), 0.576000 (blue)
            Texture UV (on layer 0): 0.503157, 0.302339
        Polygon 934
            Coordinates: 3.443051, 2.604875, -0.591692
            Color vertex (on layer 0): 1.000000 (red), 0.868000 (green), 0.576000 (blue)
            Texture UV (on layer 0): 0.508373, 0.323904
            Coordinates: 3.001068, 3.263880, -0.109831
            Color vertex (on layer 0): 1.000000 (red), 0.868000 (green), 0.576000 (blue)
            Texture UV (on layer 0): 0.401012, 0.453888
            Coordinates: 2.426076, 2.683499, 0.051095
            Color vertex (on layer 0): 1.000000 (red), 0.868000 (green), 0.576000 (blue)
            Texture UV (on layer 0): 0.525899, 0.305532
        Polygon 935
            Coordinates: 3.001068, 3.263880, -0.109831
            Color vertex (on layer 0): 1.000000 (red), 0.868000 (green), 0.576000 (blue)
            Texture UV (on layer 0): 0.401012, 0.453888
            Coordinates: 2.085650, 3.489071, 0.433278
            Color vertex (on layer 0): 1.000000 (red), 0.868000 (green), 0.576000 (blue)
            Texture UV (on layer 0): 0.660396, 0.484069
            Coordinates: 2.426076, 2.683499, 0.051095
            Color vertex (on layer 0): 1.000000 (red), 0.868000 (green), 0.576000 (blue)
            Texture UV (on layer 0): 0.525899, 0.305532
        Polygon 936
            Coordinates: 3.870679, 2.012943, -1.043104
            Color vertex (on layer 0): 1.000000 (red), 0.868000 (green), 0.576000 (blue)
            Texture UV (on layer 0): 0.503157, 0.302339
            Coordinates: 3.443051, 2.604875, -0.591692
            Color vertex (on layer 0): 1.000000 (red), 0.868000 (green), 0.576000 (blue)
            Texture UV (on layer 0): 0.508373, 0.323904
            Coordinates: 2.766502, 1.877927, -0.331089
            Color vertex (on layer 0): 1.000000 (red), 0.868000 (green), 0.576000 (blue)
            Texture UV (on layer 0): 0.636922, 0.493198
        Polygon 937
            Coordinates: 2.426076, 2.683499, 0.051095
            Color vertex (on layer 0): 1.000000 (red), 0.868000 (green), 0.576000 (blue)
            Texture UV (on layer 0): 0.525899, 0.305532
            Coordinates: 2.766502, 1.877927, -0.331089
            Color vertex (on layer 0): 1.000000 (red), 0.868000 (green), 0.576000 (blue)
            Texture UV (on layer 0): 0.636922, 0.493198
            Coordinates: 3.443051, 2.604875, -0.591692
            Color vertex (on layer 0): 1.000000 (red), 0.868000 (green), 0.576000 (blue)
            Texture UV (on layer 0): 0.508373, 0.323904
        Polygon 938
            Coordinates: 4.974858, 2.147958, -1.755119
            Color vertex (on layer 0): 1.000000 (red), 0.868000 (green), 0.576000 (blue)
            Texture UV (on layer 0): 0.326094, 0.384998
            Coordinates: 4.445673, 2.593323, -1.204030
            Color vertex (on layer 0): 1.000000 (red), 0.868000 (green), 0.576000 (blue)
            Texture UV (on layer 0): 0.475940, 0.301047
            Coordinates: 3.870679, 2.012943, -1.043104
            Color vertex (on layer 0): 1.000000 (red), 0.868000 (green), 0.576000 (blue)
            Texture UV (on layer 0): 0.503157, 0.302339
        Polygon 939
            Coordinates: 3.870679, 2.012943, -1.043104
            Color vertex (on layer 0): 1.000000 (red), 0.868000 (green), 0.576000 (blue)
            Texture UV (on layer 0): 0.503157, 0.302339
            Coordinates: 4.445673, 2.593323, -1.204030
            Color vertex (on layer 0): 1.000000 (red), 0.868000 (green), 0.576000 (blue)
            Texture UV (on layer 0): 0.475940, 0.301047
            Coordinates: 3.443051, 2.604875, -0.591692
            Color vertex (on layer 0): 1.000000 (red), 0.868000 (green), 0.576000 (blue)
            Texture UV (on layer 0): 0.508373, 0.323904
        Polygon 940
            Coordinates: 4.445673, 2.593323, -1.204030
            Color vertex (on layer 0): 1.000000 (red), 0.868000 (green), 0.576000 (blue)
            Texture UV (on layer 0): 0.475940, 0.301047
            Coordinates: 4.974858, 2.147958, -1.755119
            Color vertex (on layer 0): 1.000000 (red), 0.868000 (green), 0.576000 (blue)
            Texture UV (on layer 0): 0.326094, 0.384998
            Coordinates: 4.574723, 2.833204, -1.261467
            Color vertex (on layer 0): 1.000000 (red), 0.868000 (green), 0.576000 (blue)
            Texture UV (on layer 0): 0.504784, 0.295562
        Polygon 941
            Coordinates: 4.974858, 2.147958, -1.755119
            Color vertex (on layer 0): 1.000000 (red), 0.868000 (green), 0.576000 (blue)
            Texture UV (on layer 0): 0.326094, 0.384998
            Coordinates: 4.920831, 2.780870, -1.569133
            Color vertex (on layer 0): 1.000000 (red), 0.868000 (green), 0.576000 (blue)
            Texture UV (on layer 0): 0.475940, 0.301047
            Coordinates: 4.574723, 2.833204, -1.261467
            Color vertex (on layer 0): 1.000000 (red), 0.868000 (green), 0.576000 (blue)
            Texture UV (on layer 0): 0.504784, 0.295562
        Polygon 942
            Coordinates: 4.920831, 2.780870, -1.569133
            Color vertex (on layer 0): 1.000000 (red), 0.868000 (green), 0.576000 (blue)
            Texture UV (on layer 0): 0.475940, 0.301047
            Coordinates: 4.866805, 3.413781, -1.383147
            Color vertex (on layer 0): 1.000000 (red), 0.868000 (green), 0.576000 (blue)
            Texture UV (on layer 0): 0.331669, 0.344712
            Coordinates: 4.574723, 2.833204, -1.261467
            Color vertex (on layer 0): 1.000000 (red), 0.868000 (green), 0.576000 (blue)
            Texture UV (on layer 0): 0.504784, 0.295562
        Polygon 943
            Coordinates: 4.866805, 3.413781, -1.383147
            Color vertex (on layer 0): 1.000000 (red), 0.868000 (green), 0.576000 (blue)
            Texture UV (on layer 0): 0.331669, 0.344712
            Coordinates: 4.391644, 3.226235, -1.018044
            Color vertex (on layer 0): 1.000000 (red), 0.868000 (green), 0.576000 (blue)
            Texture UV (on layer 0): 0.481286, 0.294466
            Coordinates: 4.574723, 2.833204, -1.261467
            Color vertex (on layer 0): 1.000000 (red), 0.868000 (green), 0.576000 (blue)
            Texture UV (on layer 0): 0.504784, 0.295562
        Polygon 944
            Coordinates: 5.322868, 2.564859, -2.107740
            Color vertex (on layer 0): 1.000000 (red), 0.868000 (green), 0.576000 (blue)
            Texture UV (on layer 0): 0.504784, 0.295562
            Coordinates: 5.670877, 2.981760, -2.460361
            Color vertex (on layer 0): 1.000000 (red), 0.868000 (green), 0.576000 (blue)
            Texture UV (on layer 0): 0.378804, 0.347782
            Coordinates: 5.201155, 2.925586, -1.873058
            Color vertex (on layer 0): 1.000000 (red), 0.868000 (green), 0.576000 (blue)
            Texture UV (on layer 0): 0.504784, 0.295562
        Polygon 945
            Coordinates: 5.670877, 2.981760, -2.460361
            Color vertex (on layer 0): 1.000000 (red), 0.868000 (green), 0.576000 (blue)
            Texture UV (on layer 0): 0.378804, 0.347782
            Coordinates: 5.550409, 3.233603, -2.220742
            Color vertex (on layer 0): 1.000000 (red), 0.868000 (green), 0.576000 (blue)
            Texture UV (on layer 0): 0.530815, 0.298619
            Coordinates: 5.201155, 2.925586, -1.873058
            Color vertex (on layer 0): 1.000000 (red), 0.868000 (green), 0.576000 (blue)
            Texture UV (on layer 0): 0.504784, 0.295562
        Polygon 946
            Coordinates: 5.550409, 3.233603, -2.220742
            Color vertex (on layer 0): 1.000000 (red), 0.868000 (green), 0.576000 (blue)
            Texture UV (on layer 0): 0.530815, 0.298619
            Coordinates: 5.429938, 3.485443, -1.981123
            Color vertex (on layer 0): 1.000000 (red), 0.868000 (green), 0.576000 (blue)
            Texture UV (on layer 0): 0.384045, 0.347498
            Coordinates: 5.201155, 2.925586, -1.873058
            Color vertex (on layer 0): 1.000000 (red), 0.868000 (green), 0.576000 (blue)
            Texture UV (on layer 0): 0.504784, 0.295562
        Polygon 947
            Coordinates: 5.429938, 3.485443, -1.981123
            Color vertex (on layer 0): 1.000000 (red), 0.868000 (green), 0.576000 (blue)
            Texture UV (on layer 0): 0.384045, 0.347498
            Coordinates: 5.148372, 3.449613, -1.682135
            Color vertex (on layer 0): 1.000000 (red), 0.868000 (green), 0.576000 (blue)
            Texture UV (on layer 0): 0.530815, 0.298619
            Coordinates: 5.201155, 2.925586, -1.873058
            Color vertex (on layer 0): 1.000000 (red), 0.868000 (green), 0.576000 (blue)
            Texture UV (on layer 0): 0.504784, 0.295562
        Polygon 948
            Coordinates: 4.866805, 3.413781, -1.383147
            Color vertex (on layer 0): 1.000000 (red), 0.868000 (green), 0.576000 (blue)
            Texture UV (on layer 0): 0.331669, 0.344712
            Coordinates: 4.920831, 2.780870, -1.569133
            Color vertex (on layer 0): 1.000000 (red), 0.868000 (green), 0.576000 (blue)
            Texture UV (on layer 0): 0.475940, 0.301047
            Coordinates: 5.148372, 3.449613, -1.682135
            Color vertex (on layer 0): 1.000000 (red), 0.868000 (green), 0.576000 (blue)
            Texture UV (on layer 0): 0.530815, 0.298619
        Polygon 949
            Coordinates: 5.148372, 3.449613, -1.682135
            Color vertex (on layer 0): 1.000000 (red), 0.868000 (green), 0.576000 (blue)
            Texture UV (on layer 0): 0.530815, 0.298619
            Coordinates: 4.920831, 2.780870, -1.569133
            Color vertex (on layer 0): 1.000000 (red), 0.868000 (green), 0.576000 (blue)
            Texture UV (on layer 0): 0.475940, 0.301047
            Coordinates: 5.201155, 2.925586, -1.873058
            Color vertex (on layer 0): 1.000000 (red), 0.868000 (green), 0.576000 (blue)
            Texture UV (on layer 0): 0.504784, 0.295562
        Polygon 950
            Coordinates: 5.145700, 0.309126, -1.858162
            Color vertex (on layer 0): 0.000000 (red), 0.000000 (green), 0.000000 (blue)
            Texture UV (on layer 0): 0.384045, 0.347498
            Coordinates: 5.748114, 0.177153, -2.142967
            Color vertex (on layer 0): 0.000000 (red), 0.000000 (green), 0.000000 (blue)
            Texture UV (on layer 0): 0.503157, 0.302339
            Coordinates: 5.543573, 0.658900, -2.054423
            Color vertex (on layer 0): 0.000000 (red), 0.000000 (green), 0.000000 (blue)
            Texture UV (on layer 0): 0.405346, 0.367863
        Polygon 951
            Coordinates: 5.543573, 0.658900, -2.054423
            Color vertex (on layer 0): 0.000000 (red), 0.000000 (green), 0.000000 (blue)
            Texture UV (on layer 0): 0.405346, 0.367863
            Coordinates: 5.748114, 0.177153, -2.142967
            Color vertex (on layer 0): 0.000000 (red), 0.000000 (green), 0.000000 (blue)
            Texture UV (on layer 0): 0.503157, 0.302339
            Coordinates: 5.906285, 0.538451, -2.237175
            Color vertex (on layer 0): 0.000000 (red), 0.000000 (green), 0.000000 (blue)
            Texture UV (on layer 0): 0.525899, 0.305532
        Polygon 952
            Coordinates: 4.778593, -0.226823, -1.378979
            Color vertex (on layer 0): 0.000000 (red), 0.000000 (green), 0.000000 (blue)
            Texture UV (on layer 0): 0.422508, 0.387463
            Coordinates: 5.198918, -0.388748, -1.665266
            Color vertex (on layer 0): 0.000000 (red), 0.000000 (green), 0.000000 (blue)
            Texture UV (on layer 0): 0.413116, 0.301852
            Coordinates: 5.132629, 0.064903, -1.708200
            Color vertex (on layer 0): 1.000000 (red), 1.000000 (green), 1.000000 (blue)
            Texture UV (on layer 0): 0.414462, 0.389154
        Polygon 953
            Coordinates: 5.132629, 0.064903, -1.708200
            Color vertex (on layer 0): 1.000000 (red), 1.000000 (green), 1.000000 (blue)
            Texture UV (on layer 0): 0.414462, 0.389154
            Coordinates: 5.198918, -0.388748, -1.665266
            Color vertex (on layer 0): 0.000000 (red), 0.000000 (green), 0.000000 (blue)
            Texture UV (on layer 0): 0.413116, 0.301852
            Coordinates: 5.432935, -0.091365, -1.917374
            Color vertex (on layer 0): 0.000000 (red), 0.000000 (green), 0.000000 (blue)
            Texture UV (on layer 0): 0.408326, 0.312839
        Polygon 954
            Coordinates: 3.903333, -0.586013, -0.843489
            Color vertex (on layer 0): 0.000000 (red), 0.000000 (green), 0.000000 (blue)
            Texture UV (on layer 0): 0.551526, 0.568966
            Coordinates: 4.340756, -0.873575, -0.996133
            Color vertex (on layer 0): 0.000000 (red), 0.000000 (green), 0.000000 (blue)
            Texture UV (on layer 0): 0.413116, 0.301852
            Coordinates: 4.370192, -0.426011, -1.116017
            Color vertex (on layer 0): 0.000000 (red), 0.000000 (green), 0.000000 (blue)
            Texture UV (on layer 0): 0.551287, 0.574249
        Polygon 955
            Coordinates: 4.370192, -0.426011, -1.116017
            Color vertex (on layer 0): 0.000000 (red), 0.000000 (green), 0.000000 (blue)
            Texture UV (on layer 0): 0.551287, 0.574249
            Coordinates: 4.340756, -0.873575, -0.996133
            Color vertex (on layer 0): 0.000000 (red), 0.000000 (green), 0.000000 (blue)
            Texture UV (on layer 0): 0.413116, 0.301852
            Coordinates: 4.662665, -0.662246, -1.219173
            Color vertex (on layer 0): 0.000000 (red), 0.000000 (green), 0.000000 (blue)
            Texture UV (on layer 0): 0.420609, 0.317828
        Polygon 956
            Coordinates: 5.344027, 1.829343, -1.349591
            Color vertex (on layer 0): 0.000000 (red), 0.000000 (green), 0.000000 (blue)
            Texture UV (on layer 0): 0.420609, 0.317828
            Coordinates: 5.684602, 1.747095, -1.691231
            Color vertex (on layer 0): 0.000000 (red), 0.000000 (green), 0.000000 (blue)
            Texture UV (on layer 0): 0.420001, 0.301940
            Coordinates: 5.627121, 2.060648, -1.509931
            Color vertex (on layer 0): 0.000000 (red), 0.000000 (green), 0.000000 (blue)
            Texture UV (on layer 0): 0.551526, 0.568966
        Polygon 957
            Coordinates: 5.627121, 2.060648, -1.509931
            Color vertex (on layer 0): 0.000000 (red), 0.000000 (green), 0.000000 (blue)
            Texture UV (on layer 0): 0.551526, 0.568966
            Coordinates: 5.684602, 1.747095, -1.691231
            Color vertex (on layer 0): 0.000000 (red), 0.000000 (green), 0.000000 (blue)
            Texture UV (on layer 0): 0.420001, 0.301940
            Coordinates: 5.919848, 1.979490, -1.800314
            Color vertex (on layer 0): 0.000000 (red), 0.000000 (green), 0.000000 (blue)
            Texture UV (on layer 0): 0.545075, 0.564540
        Polygon 958
            Coordinates: 4.853929, 1.995945, -0.826661
            Color vertex (on layer 0): 0.000000 (red), 0.000000 (green), 0.000000 (blue)
            Texture UV (on layer 0): 0.413116, 0.301852
            Coordinates: 5.112491, 1.915713, -1.185049
            Color vertex (on layer 0): 0.000000 (red), 0.000000 (green), 0.000000 (blue)
            Texture UV (on layer 0): 0.412872, 0.295530
            Coordinates: 5.252679, 2.216273, -1.019782
            Color vertex (on layer 0): 0.000000 (red), 0.000000 (green), 0.000000 (blue)
            Texture UV (on layer 0): 0.399365, 0.402058
        Polygon 959
            Coordinates: 5.252679, 2.216273, -1.019782
            Color vertex (on layer 0): 0.000000 (red), 0.000000 (green), 0.000000 (blue)
            Texture UV (on layer 0): 0.399365, 0.402058
            Coordinates: 5.112491, 1.915713, -1.185049
            Color vertex (on layer 0): 0.000000 (red), 0.000000 (green), 0.000000 (blue)
            Texture UV (on layer 0): 0.412872, 0.295530
            Coordinates: 5.407412, 2.123999, -1.306540
            Color vertex (on layer 0): 0.000000 (red), 0.000000 (green), 0.000000 (blue)
            Texture UV (on layer 0): 0.400816, 0.396122
        Polygon 960
            Coordinates: 4.040727, 2.109285, -0.370041
            Color vertex (on layer 0): 0.000000 (red), 0.000000 (green), 0.000000 (blue)
            Texture UV (on layer 0): 0.404840, 0.301924
            Coordinates: 4.274262, 2.000672, -0.522481
            Color vertex (on layer 0): 0.000000 (red), 0.000000 (green), 0.000000 (blue)
            Texture UV (on layer 0): 0.403971, 0.295103
            Coordinates: 4.460420, 2.435085, -0.509976
            Color vertex (on layer 0): 0.000000 (red), 0.000000 (green), 0.000000 (blue)
            Texture UV (on layer 0): 0.543918, 0.571136
        Polygon 961
            Coordinates: 4.460420, 2.435085, -0.509976
            Color vertex (on layer 0): 0.000000 (red), 0.000000 (green), 0.000000 (blue)
            Texture UV (on layer 0): 0.543918, 0.571136
            Coordinates: 4.274262, 2.000672, -0.522481
            Color vertex (on layer 0): 0.000000 (red), 0.000000 (green), 0.000000 (blue)
            Texture UV (on layer 0): 0.403971, 0.295103
            Coordinates: 4.571806, 2.286723, -0.619384
            Color vertex (on layer 0): 0.000000 (red), 0.000000 (green), 0.000000 (blue)
            Texture UV (on layer 0): 0.537641, 0.567538
        Polygon 962
            Coordinates: -1.417775, -4.658962, 0.138816
            Color vertex (on layer 0): 1.000000 (red), 0.866700 (green), 0.572500 (blue)
            Texture UV (on layer 0): 0.386585, 0.370618
            Coordinates: -2.905028, -4.652115, -0.566307
            Color vertex (on layer 0): 1.000000 (red), 0.866700 (green), 0.572500 (blue)
            Texture UV (on layer 0): 0.393259, 0.373591
            Coordinates: -1.770207, -5.073244, -0.096126
            Color vertex (on layer 0): 1.000000 (red), 0.868000 (green), 0.576000 (blue)
            Texture UV (on layer 0): 0.403971, 0.295103
        Polygon 963
            Coordinates: -2.905028, -4.652115, -0.566307
            Color vertex (on layer 0): 1.000000 (red), 0.866700 (green), 0.572500 (blue)
            Texture UV (on layer 0): 0.393259, 0.373591
            Coordinates: -1.946199, -6.173570, -0.644001
            Color vertex (on layer 0): 1.000000 (red), 0.868000 (green), 0.576000 (blue)
            Texture UV (on layer 0): 0.343099, 0.436222
            Coordinates: -1.770207, -5.073244, -0.096126
            Color vertex (on layer 0): 1.000000 (red), 0.868000 (green), 0.576000 (blue)
            Texture UV (on layer 0): 0.403971, 0.295103
        Polygon 964
            Coordinates: 0.758488, -4.751244, 0.383958
            Color vertex (on layer 0): 1.000000 (red), 0.868000 (green), 0.576000 (blue)
            Texture UV (on layer 0): 0.510383, 0.575835
            Coordinates: 1.658705, -4.623732, -0.029006
            Color vertex (on layer 0): 1.000000 (red), 0.868000 (green), 0.576000 (blue)
            Texture UV (on layer 0): 0.413116, 0.301852
            Coordinates: 1.750679, -3.498826, 0.037955
            Color vertex (on layer 0): 1.000000 (red), 0.868000 (green), 0.576000 (blue)
            Texture UV (on layer 0): 0.325624, 0.409627
        Polygon 965
            Coordinates: 0.758488, -4.751244, 0.383958
            Color vertex (on layer 0): 1.000000 (red), 0.868000 (green), 0.576000 (blue)
            Texture UV (on layer 0): 0.510383, 0.575835
            Coordinates: 0.971622, -5.351866, 0.229674
            Color vertex (on layer 0): 1.000000 (red), 0.868000 (green), 0.576000 (blue)
            Texture UV (on layer 0): 0.510917, 0.563572
            Coordinates: 1.658705, -4.623732, -0.029006
            Color vertex (on layer 0): 1.000000 (red), 0.868000 (green), 0.576000 (blue)
            Texture UV (on layer 0): 0.413116, 0.301852
        Polygon 966
            Coordinates: 1.661468, -5.003071, -0.064291
            Color vertex (on layer 0): 1.000000 (red), 0.868000 (green), 0.576000 (blue)
            Texture UV (on layer 0): 0.568605, 0.544866
            Coordinates: 1.658705, -4.623732, -0.029006
            Color vertex (on layer 0): 1.000000 (red), 0.868000 (green), 0.576000 (blue)
            Texture UV (on layer 0): 0.413116, 0.301852
            Coordinates: 0.971622, -5.351866, 0.229674
            Color vertex (on layer 0): 1.000000 (red), 0.868000 (green), 0.576000 (blue)
            Texture UV (on layer 0): 0.510917, 0.563572
        Polygon 967
            Coordinates: 0.971622, -5.351866, 0.229674
            Color vertex (on layer 0): 1.000000 (red), 0.868000 (green), 0.576000 (blue)
            Texture UV (on layer 0): 0.510917, 0.563572
            Coordinates: 1.939967, -6.066620, -0.623051
            Color vertex (on layer 0): 1.000000 (red), 0.868000 (green), 0.576000 (blue)
            Texture UV (on layer 0): 0.635706, 0.543799
            Coordinates: 1.661468, -5.003071, -0.064291
            Color vertex (on layer 0): 1.000000 (red), 0.868000 (green), 0.576000 (blue)
            Texture UV (on layer 0): 0.568605, 0.544866
        Polygon 968
            Coordinates: -5.791018, 0.961605, -2.063388
            Color vertex (on layer 0): 1.000000 (red), 1.000000 (green), 1.000000 (blue)
            Texture UV (on layer 0): 0.391766, 0.325154
            Coordinates: -5.331334, -0.009056, -1.833074
            Color vertex (on layer 0): 0.744700 (red), 0.744700 (green), 0.744700 (blue)
            Texture UV (on layer 0): 0.393125, 0.310832
            Coordinates: -5.398000, 0.449399, -1.772630
            Color vertex (on layer 0): 0.873976 (red), 0.873976 (green), 0.873976 (blue)
            Texture UV (on layer 0): 0.566150, 0.562616
        Polygon 969
            Coordinates: -4.915740, 0.278294, -1.191899
            Color vertex (on layer 0): 0.870323 (red), 0.870323 (green), 0.870323 (blue)
            Texture UV (on layer 0): 0.559021, 0.557371
            Coordinates: -5.398000, 0.449399, -1.772630
            Color vertex (on layer 0): 0.873976 (red), 0.873976 (green), 0.873976 (blue)
            Texture UV (on layer 0): 0.566150, 0.562616
            Coordinates: -5.331334, -0.009056, -1.833074
            Color vertex (on layer 0): 0.744700 (red), 0.744700 (green), 0.744700 (blue)
            Texture UV (on layer 0): 0.393125, 0.310832
            Coordinates: -4.633014, -0.487476, -1.209159
            Color vertex (on layer 0): 0.744700 (red), 0.744700 (green), 0.744700 (blue)
            Texture UV (on layer 0): 0.372781, 0.299308
        Polygon 970
            Coordinates: 5.301621, 1.252716, -1.806101
            Color vertex (on layer 0): 1.000000 (red), 1.000000 (green), 1.000000 (blue)
            Texture UV (on layer 0): 0.382266, 0.337276
            Coordinates: 4.964740, 1.169817, -1.473551
            Color vertex (on layer 0): 1.000000 (red), 1.000000 (green), 1.000000 (blue)
            Texture UV (on layer 0): 0.350736, 0.340158
            Coordinates: 4.925104, 0.702930, -1.537304
            Color vertex (on layer 0): 1.000000 (red), 1.000000 (green), 1.000000 (blue)
            Texture UV (on layer 0): 0.559021, 0.557371
        Polygon 971
            Coordinates: 4.232977, 0.436809, -0.920849
            Color vertex (on layer 0): 1.000000 (red), 1.000000 (green), 1.000000 (blue)
            Texture UV (on layer 0): 0.566150, 0.562616
            Coordinates: 4.925104, 0.702930, -1.537304
            Color vertex (on layer 0): 1.000000 (red), 1.000000 (green), 1.000000 (blue)
            Texture UV (on layer 0): 0.559021, 0.557371
            Coordinates: 4.964740, 1.169817, -1.473551
            Color vertex (on layer 0): 1.000000 (red), 1.000000 (green), 1.000000 (blue)
            Texture UV (on layer 0): 0.350736, 0.340158
            Coordinates: 4.278381, 1.233090, -0.818767
            Color vertex (on layer 0): 1.000000 (red), 1.000000 (green), 1.000000 (blue)
            Texture UV (on layer 0): 0.343589, 0.461092
        Polygon 972
            Coordinates: 10.745170, 3.648539, -13.596116
            Color vertex (on layer 0): 0.773000 (red), 0.670000 (green), 0.442600 (blue)
            Texture UV (on layer 0): 0.559264, 0.567571
            Coordinates: 11.662507, 0.906184, -14.492576
            Color vertex (on layer 0): 0.773000 (red), 0.670000 (green), 0.442600 (blue)
            Texture UV (on layer 0): 0.475940, 0.301047
            Coordinates: 14.376816, 4.537171, -15.021157
            Color vertex (on layer 0): 0.773000 (red), 0.670000 (green), 0.442600 (blue)
            Texture UV (on layer 0): 0.487200, 0.314439
        Polygon 973
            Coordinates: 13.958946, 10.514495, -11.448966
            Color vertex (on layer 0): 0.773000 (red), 0.670000 (green), 0.442600 (blue)
            Texture UV (on layer 0): 0.467362, 0.310554
            Coordinates: 12.728061, 7.031302, -14.492654
            Color vertex (on layer 0): 0.773000 (red), 0.670000 (green), 0.442600 (blue)
            Texture UV (on layer 0): 0.420609, 0.317828
            Coordinates: 19.066673, 6.803391, -11.051398
            Color vertex (on layer 0): 0.773000 (red), 0.670000 (green), 0.442600 (blue)
            Texture UV (on layer 0): 0.426910, 0.312199
        Polygon 974
            Coordinates: 9.758099, -0.242458, -11.215687
            Color vertex (on layer 0): 0.773000 (red), 0.670000 (green), 0.442600 (blue)
            Texture UV (on layer 0): 0.431042, 0.334243
            Coordinates: 8.800932, -0.761271, -6.628325
            Color vertex (on layer 0): 0.773000 (red), 0.670000 (green), 0.442600 (blue)
            Texture UV (on layer 0): 0.434396, 0.314120
            Coordinates: 10.527785, -3.581801, -11.206840
            Color vertex (on layer 0): 0.773000 (red), 0.670000 (green), 0.442600 (blue)
            Texture UV (on layer 0): 0.431042, 0.334243
        Polygon 975
            Coordinates: 12.342954, 12.959149, -10.558424
            Color vertex (on layer 0): 0.773000 (red), 0.670000 (green), 0.442600 (blue)
            Texture UV (on layer 0): 0.426910, 0.312199
            Coordinates: 8.268630, 12.835130, -12.953259
            Color vertex (on layer 0): 0.773000 (red), 0.670000 (green), 0.442600 (blue)
            Texture UV (on layer 0): 0.443718, 0.404269
            Coordinates: 10.824417, 9.973157, -10.245608
            Color vertex (on layer 0): 0.773000 (red), 0.670000 (green), 0.442600 (blue)
            Texture UV (on layer 0): 0.445711, 0.395259
        Polygon 976
            Coordinates: -10.870810, 2.534946, -12.721203
            Color vertex (on layer 0): 0.773000 (red), 0.670000 (green), 0.442600 (blue)
            Texture UV (on layer 0): 0.455846, 0.395965
            Coordinates: -12.486694, 2.114909, -17.144241
            Color vertex (on layer 0): 0.773000 (red), 0.670000 (green), 0.442600 (blue)
            Texture UV (on layer 0): 0.445711, 0.395259
            Coordinates: -12.335302, -0.453504, -13.215541
            Color vertex (on layer 0): 0.773000 (red), 0.670000 (green), 0.442600 (blue)
            Texture UV (on layer 0): 0.455558, 0.390829
        Polygon 977
            Coordinates: -8.931515, 0.374539, -13.052016
            Color vertex (on layer 0): 0.773000 (red), 0.670000 (green), 0.442600 (blue)
            Texture UV (on layer 0): 0.455846, 0.395965
            Coordinates: -12.442254, -0.538051, -18.336985
            Color vertex (on layer 0): 0.773000 (red), 0.670000 (green), 0.442600 (blue)
            Texture UV (on layer 0): 0.532292, 0.414864
            Coordinates: -12.113334, -6.118292, -13.642680
            Color vertex (on layer 0): 0.773000 (red), 0.670000 (green), 0.442600 (blue)
            Texture UV (on layer 0): 0.532276, 0.412766
        Polygon 978
            Coordinates: 6.742265, 1.338017, -2.530322
            Color vertex (on layer 0): 0.000000 (red), 0.000000 (green), 0.000000 (blue)
            Texture UV (on layer 0): 0.539251, 0.413297
            Coordinates: 6.338380, 1.361586, -2.338302
            Color vertex (on layer 0): 0.000000 (red), 0.000000 (green), 0.000000 (blue)
            Texture UV (on layer 0): 0.535674, 0.410638
            Coordinates: 6.530605, 0.979576, -2.400736
            Color vertex (on layer 0): 0.000000 (red), 0.000000 (green), 0.000000 (blue)
            Texture UV (on layer 0): 0.539251, 0.413297
        Polygon 979
            Coordinates: 6.338380, 1.361586, -2.338302
            Color vertex (on layer 0): 0.000000 (red), 0.000000 (green), 0.000000 (blue)
            Texture UV (on layer 0): 0.535674, 0.410638
            Coordinates: 6.261603, 0.967655, -2.280395
            Color vertex (on layer 0): 0.000000 (red), 0.000000 (green), 0.000000 (blue)
            Texture UV (on layer 0): 0.532276, 0.412766
            Coordinates: 6.530605, 0.979576, -2.400736
            Color vertex (on layer 0): 0.000000 (red), 0.000000 (green), 0.000000 (blue)
            Texture UV (on layer 0): 0.539251, 0.413297
        Polygon 980
            Coordinates: 5.642041, 0.940199, -2.003227
            Color vertex (on layer 0): 0.000000 (red), 0.000000 (green), 0.000000 (blue)
            Texture UV (on layer 0): 0.543196, 0.406168
            Coordinates: 6.261603, 0.967655, -2.280395
            Color vertex (on layer 0): 0.000000 (red), 0.000000 (green), 0.000000 (blue)
            Texture UV (on layer 0): 0.532276, 0.412766
            Coordinates: 5.956315, 1.383882, -2.156654
            Color vertex (on layer 0): 0.000000 (red), 0.000000 (green), 0.000000 (blue)
            Texture UV (on layer 0): 0.545538, 0.415808
        Polygon 981
            Coordinates: 5.956315, 1.383882, -2.156654
            Color vertex (on layer 0): 0.000000 (red), 0.000000 (green), 0.000000 (blue)
            Texture UV (on layer 0): 0.545538, 0.415808
            Coordinates: 6.261603, 0.967655, -2.280395
            Color vertex (on layer 0): 0.000000 (red), 0.000000 (green), 0.000000 (blue)
            Texture UV (on layer 0): 0.532276, 0.412766
            Coordinates: 6.338380, 1.361586, -2.338302
            Color vertex (on layer 0): 0.000000 (red), 0.000000 (green), 0.000000 (blue)
            Texture UV (on layer 0): 0.535674, 0.410638
        Polygon 982
            Coordinates: 3.141919, -0.757136, -0.340577
            Color vertex (on layer 0): 0.000000 (red), 0.000000 (green), 0.000000 (blue)
            Texture UV (on layer 0): 0.535674, 0.410638
            Coordinates: 3.526503, -1.114175, -0.488728
            Color vertex (on layer 0): 0.000000 (red), 0.000000 (green), 0.000000 (blue)
            Texture UV (on layer 0): 0.545538, 0.415808
            Coordinates: 3.618487, -0.682353, -0.632330
            Color vertex (on layer 0): 0.000000 (red), 0.000000 (green), 0.000000 (blue)
            Texture UV (on layer 0): 0.539251, 0.413297
        Polygon 983
            Coordinates: 3.618487, -0.682353, -0.632330
            Color vertex (on layer 0): 0.000000 (red), 0.000000 (green), 0.000000 (blue)
            Texture UV (on layer 0): 0.539251, 0.413297
            Coordinates: 3.526503, -1.114175, -0.488728
            Color vertex (on layer 0): 0.000000 (red), 0.000000 (green), 0.000000 (blue)
            Texture UV (on layer 0): 0.545538, 0.415808
            Coordinates: 3.869043, -0.964544, -0.730201
            Color vertex (on layer 0): 0.000000 (red), 0.000000 (green), 0.000000 (blue)
            Texture UV (on layer 0): 0.535674, 0.410638
        Polygon 984
            Coordinates: -6.290027, 0.757232, -2.240057
            Color vertex (on layer 0): 0.000000 (red), 0.000000 (green), 0.000000 (blue)
            Texture UV (on layer 0): 0.545676, 0.389131
            Coordinates: -6.606273, 1.219231, -2.334333
            Color vertex (on layer 0): 0.000000 (red), 0.000000 (green), 0.000000 (blue)
            Texture UV (on layer 0): 0.538886, 0.398555
            Coordinates: -6.742751, 0.804844, -2.428883
            Color vertex (on layer 0): 0.000000 (red), 0.000000 (green), 0.000000 (blue)
            Texture UV (on layer 0): 0.535300, 0.400872
        Polygon 985
            Coordinates: -6.742751, 0.804844, -2.428883
            Color vertex (on layer 0): 0.000000 (red), 0.000000 (green), 0.000000 (blue)
            Texture UV (on layer 0): 0.535300, 0.400872
            Coordinates: -6.606273, 1.219231, -2.334333
            Color vertex (on layer 0): 0.000000 (red), 0.000000 (green), 0.000000 (blue)
            Texture UV (on layer 0): 0.538886, 0.398555
            Coordinates: -6.989580, 1.222286, -2.509185
            Color vertex (on layer 0): 0.000000 (red), 0.000000 (green), 0.000000 (blue)
            Texture UV (on layer 0): 0.532096, 0.407979
        Polygon 986
            Coordinates: -6.742751, 0.804844, -2.428883
            Color vertex (on layer 0): 0.000000 (red), 0.000000 (green), 0.000000 (blue)
            Texture UV (on layer 0): 0.535300, 0.400872
            Coordinates: -6.989580, 1.222286, -2.509185
            Color vertex (on layer 0): 0.000000 (red), 0.000000 (green), 0.000000 (blue)
            Texture UV (on layer 0): 0.532096, 0.407979
            Coordinates: -7.191259, 0.852013, -2.615951
            Color vertex (on layer 0): 0.000000 (red), 0.000000 (green), 0.000000 (blue)
            Texture UV (on layer 0): 0.535300, 0.400872
        Polygon 987
            Coordinates: -7.191259, 0.852013, -2.615951
            Color vertex (on layer 0): 0.000000 (red), 0.000000 (green), 0.000000 (blue)
            Texture UV (on layer 0): 0.535300, 0.400872
            Coordinates: -6.989580, 1.222286, -2.509185
            Color vertex (on layer 0): 0.000000 (red), 0.000000 (green), 0.000000 (blue)
            Texture UV (on layer 0): 0.532096, 0.407979
            Coordinates: -7.404401, 1.225591, -2.698410
            Color vertex (on layer 0): 0.000000 (red), 0.000000 (green), 0.000000 (blue)
            Texture UV (on layer 0): 0.538886, 0.398555
        Polygon 988
            Coordinates: -3.518199, -0.976950, -0.425601
            Color vertex (on layer 0): 0.000000 (red), 0.000000 (green), 0.000000 (blue)
            Texture UV (on layer 0): 0.551826, 0.418320
            Coordinates: -3.992126, -0.915185, -0.732070
            Color vertex (on layer 0): 0.000000 (red), 0.000000 (green), 0.000000 (blue)
            Texture UV (on layer 0): 0.548751, 0.403725
            Coordinates: -3.803195, -1.282699, -0.591106
            Color vertex (on layer 0): 0.000000 (red), 0.000000 (green), 0.000000 (blue)
            Texture UV (on layer 0): 0.560714, 0.405142
        Polygon 989
            Coordinates: -3.803195, -1.282699, -0.591106
            Color vertex (on layer 0): 0.000000 (red), 0.000000 (green), 0.000000 (blue)
            Texture UV (on layer 0): 0.560714, 0.405142
            Coordinates: -3.992126, -0.915185, -0.732070
            Color vertex (on layer 0): 0.000000 (red), 0.000000 (green), 0.000000 (blue)
            Texture UV (on layer 0): 0.548751, 0.403725
            Coordinates: -4.197854, -1.185877, -0.859801
            Color vertex (on layer 0): 0.000000 (red), 0.000000 (green), 0.000000 (blue)
            Texture UV (on layer 0): 0.545676, 0.389131
        Polygon 990
            Coordinates: -4.452909, -5.041531, -2.144348
            Color vertex (on layer 0): 1.000000 (red), 0.868000 (green), 0.576000 (blue)
            Texture UV (on layer 0): 0.386585, 0.370618
            Coordinates: -2.905028, -4.652115, -0.566307
            Color vertex (on layer 0): 1.000000 (red), 0.866700 (green), 0.572500 (blue)
            Texture UV (on layer 0): 0.393259, 0.373591
            Coordinates: -4.093946, -4.185636, -1.442170
            Color vertex (on layer 0): 1.000000 (red), 0.866700 (green), 0.572500 (blue)
            Texture UV (on layer 0): 0.386585, 0.370618
        Polygon 991
            Coordinates: 2.728961, -6.840916, -1.320516
            Color vertex (on layer 0): 1.000000 (red), 0.868000 (green), 0.576000 (blue)
            Texture UV (on layer 0): 0.354221, 0.384401
            Coordinates: 4.396640, -4.797979, -2.096651
            Color vertex (on layer 0): 1.000000 (red), 0.868000 (green), 0.576000 (blue)
            Texture UV (on layer 0): 0.664840, 0.530451
            Coordinates: 2.704773, -4.475560, -0.508878
            Color vertex (on layer 0): 1.000000 (red), 0.868000 (green), 0.576000 (blue)
            Texture UV (on layer 0): 0.320975, 0.402372
        Polygon 992
            Coordinates: -4.649904, -0.762805, -1.796464
            Color vertex (on layer 0): 1.000000 (red), 0.868000 (green), 0.576000 (blue)
            Texture UV (on layer 0): 0.396015, 0.397049
            Coordinates: -2.580223, -1.937371, -0.405094
            Color vertex (on layer 0): 1.000000 (red), 0.866700 (green), 0.572500 (blue)
            Texture UV (on layer 0): 0.397735, 0.390568
            Coordinates: -2.794001, -0.760944, -1.018570
            Color vertex (on layer 0): 1.000000 (red), 0.868000 (green), 0.576000 (blue)
            Texture UV (on layer 0): 0.560714, 0.405142
        Polygon 993
            Coordinates: -2.580223, -1.937371, -0.405094
            Color vertex (on layer 0): 1.000000 (red), 0.866700 (green), 0.572500 (blue)
            Texture UV (on layer 0): 0.548751, 0.403725
            Coordinates: -3.834647, -2.402229, -1.010337
            Color vertex (on layer 0): 1.000000 (red), 0.866700 (green), 0.572500 (blue)
            Texture UV (on layer 0): 0.570801, 0.381736
            Coordinates: -1.901074, -3.598467, 0.022904
            Color vertex (on layer 0): 1.000000 (red), 0.866700 (green), 0.572500 (blue)
            Texture UV (on layer 0): 0.560714, 0.405142
        Polygon 994
            Coordinates: -1.901074, -3.598467, 0.022904
            Color vertex (on layer 0): 1.000000 (red), 0.866700 (green), 0.572500 (blue)
            Texture UV (on layer 0): 0.545676, 0.389131
            Coordinates: -3.834647, -2.402229, -1.010337
            Color vertex (on layer 0): 1.000000 (red), 0.866700 (green), 0.572500 (blue)
            Texture UV (on layer 0): 0.545676, 0.389131
            Coordinates: -4.093946, -4.185636, -1.442170
            Color vertex (on layer 0): 1.000000 (red), 0.866700 (green), 0.572500 (blue)
            Texture UV (on layer 0): 0.535300, 0.400872
            Coordinates: -2.905028, -4.652115, -0.566307
            Color vertex (on layer 0): 1.000000 (red), 0.866700 (green), 0.572500 (blue)
            Texture UV (on layer 0): 0.535712, 0.394320
        Polygon 995
            Coordinates: -3.834647, -2.402229, -1.010337
            Color vertex (on layer 0): 1.000000 (red), 0.866700 (green), 0.572500 (blue)
            Texture UV (on layer 0): 0.522871, 0.376202
            Coordinates: -5.117416, -1.938943, -1.819878
            Color vertex (on layer 0): 1.000000 (red), 0.866700 (green), 0.572500 (blue)
            Texture UV (on layer 0): 0.512468, 0.381650
            Coordinates: -4.093946, -4.185636, -1.442170
            Color vertex (on layer 0): 1.000000 (red), 0.866700 (green), 0.572500 (blue)
            Texture UV (on layer 0): 0.512037, 0.370858
        Polygon 996
            Coordinates: -1.901074, -3.598467, 0.022904
            Color vertex (on layer 0): 1.000000 (red), 0.866700 (green), 0.572500 (blue)
            Texture UV (on layer 0): 0.512468, 0.381650
            Coordinates: -2.905028, -4.652115, -0.566307
            Color vertex (on layer 0): 1.000000 (red), 0.866700 (green), 0.572500 (blue)
            Texture UV (on layer 0): 0.503612, 0.372647
            Coordinates: -1.417775, -4.658962, 0.138816
            Color vertex (on layer 0): 1.000000 (red), 0.866700 (green), 0.572500 (blue)
            Texture UV (on layer 0): 0.512037, 0.370858
        Polygon 997
            Coordinates: 4.045997, -3.676964, -1.256346
            Color vertex (on layer 0): 1.000000 (red), 0.868000 (green), 0.576000 (blue)
            Texture UV (on layer 0): 0.658637, 0.514089
            Coordinates: 4.329226, -1.932998, -1.355332
            Color vertex (on layer 0): 1.000000 (red), 0.868000 (green), 0.576000 (blue)
            Texture UV (on layer 0): 0.658637, 0.514089
            Coordinates: 1.750679, -3.498826, 0.037955
            Color vertex (on layer 0): 1.000000 (red), 0.868000 (green), 0.576000 (blue)
            Texture UV (on layer 0): 0.325624, 0.409627
            Coordinates: 2.704773, -4.475560, -0.508878
            Color vertex (on layer 0): 1.000000 (red), 0.868000 (green), 0.576000 (blue)
            Texture UV (on layer 0): 0.320975, 0.402372

    Material layer 0: 
           Mapping: All Same
           Indices: 0

    Materials on layer 0: 
        Material 0
            Name: "head1:face"
            Ambient: 0.000000 (red), 0.000000 (green), 0.000000 (blue)
            Diffuse: 1.000000 (red), 1.000000 (green), 1.000000 (blue)
            Diffuse: 1.000000 (red), 1.000000 (green), 1.000000 (blue)
            Opacity: 0.000000
            Shading Model: Lambert

    Texture layer 0: 
           Mapping: By Polygon
           Indices: 0, 0, 0, 0, 0, 0, 0, 0, 0, 0, 0, 0, 0, 0, 0, 0, 0, 0, 0, 0, 0, 0, 0, 0, 0, 0, 0, 0, 0, 0, 0, 0, 0, 0, 0, 0, 0, 0, 0, 0, 0, 0, 0, 0, 0, 0, 0, 0, 0, 0, 0, 0, 0, 0, 0, 0, 0, 0, 0, 0, 0, 0, 0, 0, 0, 0, 0, 0, 0, 0, 0, 0, 0, 0, 0, 0, 0, 0, 0, 0, 0, 0, 0, 0, 0, 0, 0, 0, 0, 0, 0, 0, 0, 0, 0, 0, 0, 0, 0, 0, 0, 0, 0, 0, 0, 0, 0, 0, 0, 0, 0, 0, 0, 0, 0, 0, 0, 0, 0, 0, 0, 0, 0, 0, 0, 0, 0, 0, 0, 0, 0, 0, 0, 0, 0, 0, 0, 0, 0, 0, 0, 0, 0, 0, 0, 0, 0, 0, 0, 0, 0, 0, 0, 0, 0, 0, 0, 0, 0, 0, 0, 0, 0, 0, 0, 0, 0, 0, 0, 0, 0, 0, 0, 0, 0, 0, 0, 0, 0, 0, 0, 0, 0, 0, 0, 0, 0, 0, 0, 0, 0, 0, 0, 0, 0, 0, 0, 0, 0, 0, 0, 0, 0, 0, 0, 0, 0, 0, 0, 0, 0, 0, 0, 0, 0, 0, 0, 0, 0, 0, 0, 0, 0, 0, 0, 0, 0, 0, 0, 0, 0, 0, 0, 0, 0, 0, 0, 0, 0, 0, 0, 0, 0, 0, 0, 0, 0, 0, 0, 0, 0, 0, 0, 0, 0, 0, 0, 0, 0, 0, 0, 0, 0, 0, 0, 0, 0, 0, 0, 0, 0, 0, 0, 0, 0, 0, 0, 0, 0, 0, 0, 0, 0, 0, 0, 0, 0, 0, 0, 0, 0, 0, 0, 0, 0, 0, 0, 0, 0, 0, 0, 0, 0, 0, 0, 0, 0, 0, 0, 0, 0, 0, 0, 0, 0, 0, 0, 0, 0, 0, 0, 0, 0, 0, 0, 0, 0, 0, 0, 0, 0, 0, 0, 0, 0, 0, 0, 0, 0, 0, 0, 0, 0, 0, 0, 0, 0, 0, 0, 0, 0, 0, 0, 0, 0, 0, 0, 0, 0, 0, 0, 0, 0, 0, 0, 0, 0, 0, 0, 0, 0, 0, 0, 0, 0, 0, 0, 0, 0, 0, 0, 0, 0, 0, 0, 0, 0, 0, 0, 0, 0, 0, 0, 0, 0, 0, 0, 0, 0, 0, 0, 0, 0, 0, 0, 0, 0, 0, 0, 0, 0, 0, 0, 0, 0, 0, 0, 0, 0, 0, 0, 0, 0, 0, 0, 0, 0, 0, 0, 0, 0, 0, 0, 0, 0, 0, 0, 0, 0, 0, 0, 0, 0, 0, 0, 0, 0, 0, 0, 0, 0, 0, 0, 0, 0, 0, 0, 0, 0, 0, 0, 0, 0, 0, 0, 0, 0, 0, 0, 0, 0, 0, 0, 0, 0, 0, 0, 0, 0, 0, 0, 0, 0, 0, 0, 0, 0, 0, 0, 0, 0, 0, 0, 0, 0, 0, 0, 0, 0, 0, 0, 0, 0, 0, 0, 0, 0, 0, 0, 0, 0, 0, 0, 0, 0, 0, 0, 0, 0, 0, 0, 0, 0, 0, 0, 0, 0, 0, 0, 0, 0, 0, 0, 0, 0, 0, 0, 0, 0, 0, 0, 0, 0, 0, 0, 0, 0, 0, 0, 0, 0, 0, 0, 0, 0, 0, 0, 0, 0, 0, 0, 0, 0, 0, 0, 0, 0, 0, 0, 0, 0, 0, 0, 0, 0, 0, 0, 0, 0, 0, 0, 0, 0, 0, 0, 0, 0, 0, 0, 0, 0, 0, 0, 0, 0, 0, 0, 0, 0, 0, 0, 0, 0, 0, 0, 0, 0, 0, 0, 0, 0, 0, 0, 0, 0, 0, 0, 0, 0, 0, 0, 0, 0, 0, 0, 0, 0, 0, 0, 0, 0, 0, 0, 0, 0, 0, 0, 0, 0, 0, 0, 0, 0, 0, 0, 0, 0, 0, 0, 0, 0, 0, 0, 0, 0, 0, 0, 0, 0, 0, 0, 0, 0, 0, 0, 0, 0, 0, 0, 0, 0, 0, 0, 0, 0, 0, 0, 0, 0, 0, 0, 0, 0, 0, 0, 0, 0, 0, 0, 0, 0, 0, 0, 0, 0, 0, 0, 0, 0, 0, 0, 0, 0, 0, 0, 0, 0, 0, 0, 0, 0, 0, 0, 0, 0, 0, 0, 0, 0, 0, 0, 0, 0, 0, 0, 0, 0, 0, 0, 0, 0, 0, 0, 0, 0, 0, 0, 0, 0, 0, 0, 0, 0, 0, 0, 0, 0, 0, 0, 0, 0, 0, 0, 0, 0, 0, 0, 0, 0, 0, 0, 0, 0, 0, 0, 0, 0, 0, 0, 0, 0, 0, 0, 0, 0, 0, 0, 0, 0, 0, 0, 0, 0, 0, 0, 0, 0, 0, 0, 0, 0, 0, 0, 0, 0, 0, 0, 0, 0, 0, 0, 0, 0, 0, 0, 0, 0, 0, 0, 0, 0, 0, 0, 0, 0, 0, 0, 0, 0, 0, 0, 0, 0, 0, 0, 0, 0, 0, 0, 0, 0, 0, 0, 0, 0, 0, 0, 0, 0, 0, 0, 0, 0, 0, 0, 0, 0, 0, 0, 0, 0, 0, 0, 0, 0, 0, 0, 0, 0, 0, 0, 0, 0, 0, 0, 0, 0, 0, 0, 0, 0, 0, 0, 0, 0, 0, 0, 0, 0, 0, 0, 0, 0, 0, 0, 0, 0, 0, 0, 0, 0, 0, 0, 0, 0, 0, 0, 0, 0, 0, 0, 0, 0, 0, 0, 0, 0, 0, 0, 0, 0, 0, 0, 0, 0, 0, 0, 0, 0, 0, 0, 0, 0, 0, 0, 0, 0, 0, 0, 0, 0, 0, 0, 0, 0, 0, 0, 0, 0, 0, 0, 0, 0, 0, 0, 0, 0, 0, 0, 0, 0, 0, 0, 0, 0, 0, 0, 0, 0, 0, 0, 0, 0, 0, 0, 0, 0, 0, 0, 0, 0, 0, 0, 0, 0, 0, 0, 0, 0, 0, 0, 0, 0, 0, 0, 0, 0, 0, 0, 0, 0, 0, 0, 0, 0, 0, 0, 0
        Blend Mode: Translucent
             Alpha: 1.000000


    Textures on layer 0: 
        Texture 0
            Name: "file1"
            File Name: "C:/psp/ReJ/Data/DemoTest/head/sprite.tga"
            Scale U: 1.000000
            Scale V: 1.000000
            Translation U: 0.000000
            Translation V: 0.000000
            Swap UV: false
            Rotation U: 0.000000
            Rotation V: 0.000000
            Rotation W: 0.000000
            Alpha Source: None
            Cropping Left: 0.000000
            Cropping Top: 0.000000
            Cropping Right: 0.000000
            Cropping Bottom: 0.000000
            Mapping Type: UV
            Material Use: Model Material
            Texture Use: Standard

    Property Count: 68
    Pivot Information
        Pivot State: Active
        Pre-Rotation: 0.000000 0.000000 0.000000
        Post-Rotation: 0.000000 -0.000000 0.000000
        Rotation Pivot: -0.708347 2.140105 -9.191170
        Rotation Offset: 0.000000 0.000000 0.000000
        Scaling Pivot: -0.708347 2.140105 -9.191170
        Scaling Offset: 0.000000 0.000000 0.000000
    Limits Information
        Translation limits: Inactive
            X
                Min Limit: Inactive
                Min Limit Value: 0.000000
                Max Limit: Inactive
                Max Limit Value: 0.000000
            Y
                Min Limit: Inactive
                Min Limit Value: 0.000000
                Max Limit: Inactive
                Max Limit Value: 0.000000
            Z
                Min Limit: Inactive
                Min Limit Value: 0.000000
                Max Limit: Inactive
                Max Limit Value: 0.000000
        Rotation limits: Active
            X
                Min Limit: Inactive
                Min Limit Value: 0.000000
                Max Limit: Inactive
                Max Limit Value: 0.000000
            Y
                Min Limit: Inactive
                Min Limit Value: 0.000000
                Max Limit: Inactive
                Max Limit Value: 0.000000
            Z
                Min Limit: Inactive
                Min Limit Value: 0.000000
                Max Limit: Inactive
                Max Limit Value: 0.000000
        Scaling limits: Inactive
            X
                Min Limit: Inactive
                Min Limit Value: 0.000000
                Max Limit: Inactive
                Max Limit Value: 0.000000
            Y
                Min Limit: Inactive
                Min Limit Value: 0.000000
                Max Limit: Inactive
                Max Limit Value: 0.000000
            Z
                Min Limit: Inactive
                Min Limit Value: 0.000000
                Max Limit: Inactive
                Max Limit Value: 0.000000
    Transformation Propagation
        Rotation Space: Euler XYZ
        Use the Rotation Space for Limit specification only: No
        Transformation Inheritance: RSrs
    Geometric Transformations
        Translation: 0.000000 0.000000 0.000000
        Rotation:    0.000000 0.000000 0.000000
        Scaling:     1.000000 1.000000 1.000000
    Default Animation
        TX
            Default Value: -4.570348
        TY
            Default Value: -1.571674
        TZ
            Default Value: 4.642796
        RX
            Default Value: -12.882398
        RY
            Default Value: 46.062935
        RZ
            Default Value: 1.431855
        SX
            Default Value: 1.094797
        SY
            Default Value: 1.094797
        SZ
            Default Value: 1.094797
        Property Visibility (Label: Visibility)
            Default Value: 1.000000



----
Pose
----



---------
Animation
---------

Take Name: Take 001

     Node Name: camera1

        TX
            Key Time: 1*.... Key Value: 0.329978 [ cubic | User | None | None ]
            Key Time: 179.... Key Value: 0.401803 [ cubic | User | None | None ]
        TY
            Key Time: 1*.... Key Value: -5.049458 [ cubic | User | None | None ]
            Key Time: 179.... Key Value: -4.510451 [ cubic | User | None | None ]
        TZ
            Key Time: 1*.... Key Value: 36.371140 [ cubic | User | None | None ]
            Key Time: 179.... Key Value: 32.256321 [ cubic | User | None | None ]
        RX
            Key Time: 1*.... Key Value: 7.461647 [ cubic | User | None | None ]
        RY
            Key Time: 1*.... Key Value: -1.000000 [ cubic | User | None | None ]
        RZ
            Key Time: 1*.... Key Value: 0.000000 [ cubic | User | None | None ]
        SX
        SY
        SZ
        Field of View
        Field of View X
        Field of View Y
        Optical Center X
        Optical Center Y
        Roll
        Property Visibility (Label: Visibility)

     Node Name: xxx:head1

        TX
            Key Time: 1*.... Key Value: 16.321630 [ cubic | User | None | None ]
            Key Time: 199.... Key Value: -1.237156 [ cubic | User | None | None ]
            Key Time: 380.... Key Value: -4.570348 [ cubic | User | None | None ]
            Key Time: 380*.... Key Value: -10.448433 [ cubic | User | None | None ]
        TY
            Key Time: 1*.... Key Value: 0.000000 [ cubic | User | None | None ]
            Key Time: 199.... Key Value: -1.243116 [ cubic | User | None | None ]
            Key Time: 380*.... Key Value: -1.572578 [ cubic | User | None | None ]
        TZ
            Key Time: 1*.... Key Value: 0.000000 [ cubic | User | None | None ]
            Key Time: 199.... Key Value: 4.642796 [ cubic | User | None | None ]
        RX
            Key Time: 1*.... Key Value: 6.096055 [ cubic | User | None | None ]
            Key Time: 199.... Key Value: -12.883718 [ cubic | User | None | None ]
            Key Time: 380*.... Key Value: -12.882328 [ cubic | User | None | None ]
        RY
            Key Time: 1*.... Key Value: -52.188526 [ cubic | User | None | None ]
            Key Time: 199.... Key Value: 5.370930 [ cubic | User | None | None ]
            Key Time: 380*.... Key Value: 46.175297 [ cubic | User | None | None ]
        RZ
            Key Time: 1*.... Key Value: -17.939358 [ cubic | User | None | None ]
            Key Time: 199.... Key Value: 5.425866 [ cubic | User | None | None ]
            Key Time: 380*.... Key Value: 1.420721 [ cubic | User | None | None ]
        SX
        SY
        SZ
        Property Visibility (Label: Visibility)

WARNING: Scaling and rotation pivot must be the same


---------
Generic Information
---------

camera1

Name: camera1
    Property Count: 68
        Property 0
            Display Name: QuaternionInterpolate
            Internal Name: QuaternionInterpolate
            Type: Bool
            Min Limit: 0.000000
            Max Limit: 100.000000
            Is Animatable: false
            Is Temporary: false
            Default Value: false
        Property 1
            Display Name: RotationOffset
            Internal Name: RotationOffset
            Type: Vector
            Min Limit: 0.000000
            Max Limit: 100.000000
            Is Animatable: false
            Is Temporary: false
            Default Value: X=0.000000, Y=-0.000000, Z=-0.000000
        Property 2
            Display Name: RotationPivot
            Internal Name: RotationPivot
            Type: Vector
            Min Limit: 0.000000
            Max Limit: 100.000000
            Is Animatable: false
            Is Temporary: false
            Default Value: X=0.000000, Y=0.000000, Z=0.000000
        Property 3
            Display Name: ScalingOffset
            Internal Name: ScalingOffset
            Type: Vector
            Min Limit: 0.000000
            Max Limit: 100.000000
            Is Animatable: false
            Is Temporary: false
            Default Value: X=0.000000, Y=0.000000, Z=-0.000000
        Property 4
            Display Name: ScalingPivot
            Internal Name: ScalingPivot
            Type: Vector
            Min Limit: 0.000000
            Max Limit: 100.000000
            Is Animatable: false
            Is Temporary: false
            Default Value: X=0.000000, Y=0.000000, Z=0.000000
        Property 5
            Display Name: TranslationActive
            Internal Name: TranslationActive
            Type: Bool
            Min Limit: 0.000000
            Max Limit: 100.000000
            Is Animatable: false
            Is Temporary: false
            Default Value: false
        Property 6
            Display Name: TranslationMin
            Internal Name: TranslationMin
            Type: Vector
            Min Limit: 0.000000
            Max Limit: 100.000000
            Is Animatable: false
            Is Temporary: false
            Default Value: X=0.000000, Y=0.000000, Z=0.000000
        Property 7
            Display Name: TranslationMax
            Internal Name: TranslationMax
            Type: Vector
            Min Limit: 0.000000
            Max Limit: 100.000000
            Is Animatable: false
            Is Temporary: false
            Default Value: X=0.000000, Y=0.000000, Z=0.000000
        Property 8
            Display Name: TranslationMinX
            Internal Name: TranslationMinX
            Type: Bool
            Min Limit: 0.000000
            Max Limit: 100.000000
            Is Animatable: false
            Is Temporary: false
            Default Value: false
        Property 9
            Display Name: TranslationMinY
            Internal Name: TranslationMinY
            Type: Bool
            Min Limit: 0.000000
            Max Limit: 100.000000
            Is Animatable: false
            Is Temporary: false
            Default Value: false
        Property 10
            Display Name: TranslationMinZ
            Internal Name: TranslationMinZ
            Type: Bool
            Min Limit: 0.000000
            Max Limit: 100.000000
            Is Animatable: false
            Is Temporary: false
            Default Value: false
        Property 11
            Display Name: TranslationMaxX
            Internal Name: TranslationMaxX
            Type: Bool
            Min Limit: 0.000000
            Max Limit: 100.000000
            Is Animatable: false
            Is Temporary: false
            Default Value: false
        Property 12
            Display Name: TranslationMaxY
            Internal Name: TranslationMaxY
            Type: Bool
            Min Limit: 0.000000
            Max Limit: 100.000000
            Is Animatable: false
            Is Temporary: false
            Default Value: false
        Property 13
            Display Name: TranslationMaxZ
            Internal Name: TranslationMaxZ
            Type: Bool
            Min Limit: 0.000000
            Max Limit: 100.000000
            Is Animatable: false
            Is Temporary: false
            Default Value: false
        Property 14
            Display Name: RotationOrder
            Internal Name: RotationOrder
            Type: Enum
            Min Limit: 0.000000
            Max Limit: 100.000000
            Is Animatable: false
            Is Temporary: false
            Default Value: UNIDENTIFIED
        Property 15
            Display Name: RotationSpaceForLimitOnly
            Internal Name: RotationSpaceForLimitOnly
            Type: Bool
            Min Limit: 0.000000
            Max Limit: 100.000000
            Is Animatable: false
            Is Temporary: false
            Default Value: false
        Property 16
            Display Name: RotationStiffnessX
            Internal Name: RotationStiffnessX
            Type: Number
            Min Limit: 0.000000
            Max Limit: 100.000000
            Is Animatable: false
            Is Temporary: false
            Default Value: 0.000000
        Property 17
            Display Name: RotationStiffnessY
            Internal Name: RotationStiffnessY
            Type: Number
            Min Limit: 0.000000
            Max Limit: 100.000000
            Is Animatable: false
            Is Temporary: false
            Default Value: 0.000000
        Property 18
            Display Name: RotationStiffnessZ
            Internal Name: RotationStiffnessZ
            Type: Number
            Min Limit: 0.000000
            Max Limit: 100.000000
            Is Animatable: false
            Is Temporary: false
            Default Value: 0.000000
        Property 19
            Display Name: AxisLen
            Internal Name: AxisLen
            Type: Number
            Min Limit: 0.000000
            Max Limit: 100.000000
            Is Animatable: false
            Is Temporary: false
            Default Value: 10.000000
        Property 20
            Display Name: PreRotation
            Internal Name: PreRotation
            Type: Vector
            Min Limit: 0.000000
            Max Limit: 100.000000
            Is Animatable: false
            Is Temporary: false
            Default Value: X=0.000000, Y=0.000000, Z=0.000000
        Property 21
            Display Name: PostRotation
            Internal Name: PostRotation
            Type: Vector
            Min Limit: 0.000000
            Max Limit: 100.000000
            Is Animatable: false
            Is Temporary: false
            Default Value: X=-0.000000, Y=-90.000000, Z=0.000000
        Property 22
            Display Name: RotationActive
            Internal Name: RotationActive
            Type: Bool
            Min Limit: 0.000000
            Max Limit: 100.000000
            Is Animatable: false
            Is Temporary: false
            Default Value: true
        Property 23
            Display Name: RotationMin
            Internal Name: RotationMin
            Type: Vector
            Min Limit: 0.000000
            Max Limit: 100.000000
            Is Animatable: false
            Is Temporary: false
            Default Value: X=0.000000, Y=0.000000, Z=0.000000
        Property 24
            Display Name: RotationMax
            Internal Name: RotationMax
            Type: Vector
            Min Limit: 0.000000
            Max Limit: 100.000000
            Is Animatable: false
            Is Temporary: false
            Default Value: X=0.000000, Y=0.000000, Z=0.000000
        Property 25
            Display Name: RotationMinX
            Internal Name: RotationMinX
            Type: Bool
            Min Limit: 0.000000
            Max Limit: 100.000000
            Is Animatable: false
            Is Temporary: false
            Default Value: false
        Property 26
            Display Name: RotationMinY
            Internal Name: RotationMinY
            Type: Bool
            Min Limit: 0.000000
            Max Limit: 100.000000
            Is Animatable: false
            Is Temporary: false
            Default Value: false
        Property 27
            Display Name: RotationMinZ
            Internal Name: RotationMinZ
            Type: Bool
            Min Limit: 0.000000
            Max Limit: 100.000000
            Is Animatable: false
            Is Temporary: false
            Default Value: false
        Property 28
            Display Name: RotationMaxX
            Internal Name: RotationMaxX
            Type: Bool
            Min Limit: 0.000000
            Max Limit: 100.000000
            Is Animatable: false
            Is Temporary: false
            Default Value: false
        Property 29
            Display Name: RotationMaxY
            Internal Name: RotationMaxY
            Type: Bool
            Min Limit: 0.000000
            Max Limit: 100.000000
            Is Animatable: false
            Is Temporary: false
            Default Value: false
        Property 30
            Display Name: RotationMaxZ
            Internal Name: RotationMaxZ
            Type: Bool
            Min Limit: 0.000000
            Max Limit: 100.000000
            Is Animatable: false
            Is Temporary: false
            Default Value: false
        Property 31
            Display Name: InheritType
            Internal Name: InheritType
            Type: Enum
            Min Limit: 0.000000
            Max Limit: 100.000000
            Is Animatable: false
            Is Temporary: false
            Default Value: UNIDENTIFIED
        Property 32
            Display Name: ScalingActive
            Internal Name: ScalingActive
            Type: Bool
            Min Limit: 0.000000
            Max Limit: 100.000000
            Is Animatable: false
            Is Temporary: false
            Default Value: false
        Property 33
            Display Name: ScalingMin
            Internal Name: ScalingMin
            Type: Vector
            Min Limit: 0.000000
            Max Limit: 100.000000
            Is Animatable: false
            Is Temporary: false
            Default Value: X=0.000000, Y=0.000000, Z=0.000000
        Property 34
            Display Name: ScalingMax
            Internal Name: ScalingMax
            Type: Vector
            Min Limit: 0.000000
            Max Limit: 100.000000
            Is Animatable: false
            Is Temporary: false
            Default Value: X=0.000000, Y=0.000000, Z=0.000000
        Property 35
            Display Name: ScalingMinX
            Internal Name: ScalingMinX
            Type: Bool
            Min Limit: 0.000000
            Max Limit: 100.000000
            Is Animatable: false
            Is Temporary: false
            Default Value: false
        Property 36
            Display Name: ScalingMinY
            Internal Name: ScalingMinY
            Type: Bool
            Min Limit: 0.000000
            Max Limit: 100.000000
            Is Animatable: false
            Is Temporary: false
            Default Value: false
        Property 37
            Display Name: ScalingMinZ
            Internal Name: ScalingMinZ
            Type: Bool
            Min Limit: 0.000000
            Max Limit: 100.000000
            Is Animatable: false
            Is Temporary: false
            Default Value: false
        Property 38
            Display Name: ScalingMaxX
            Internal Name: ScalingMaxX
            Type: Bool
            Min Limit: 0.000000
            Max Limit: 100.000000
            Is Animatable: false
            Is Temporary: false
            Default Value: false
        Property 39
            Display Name: ScalingMaxY
            Internal Name: ScalingMaxY
            Type: Bool
            Min Limit: 0.000000
            Max Limit: 100.000000
            Is Animatable: false
            Is Temporary: false
            Default Value: false
        Property 40
            Display Name: ScalingMaxZ
            Internal Name: ScalingMaxZ
            Type: Bool
            Min Limit: 0.000000
            Max Limit: 100.000000
            Is Animatable: false
            Is Temporary: false
            Default Value: false
        Property 41
            Display Name: GeometricTranslation
            Internal Name: GeometricTranslation
            Type: Vector
            Min Limit: 0.000000
            Max Limit: 100.000000
            Is Animatable: false
            Is Temporary: false
            Default Value: X=0.000000, Y=0.000000, Z=0.000000
        Property 42
            Display Name: GeometricRotation
            Internal Name: GeometricRotation
            Type: Vector
            Min Limit: 0.000000
            Max Limit: 100.000000
            Is Animatable: false
            Is Temporary: false
            Default Value: X=0.000000, Y=0.000000, Z=0.000000
        Property 43
            Display Name: GeometricScaling
            Internal Name: GeometricScaling
            Type: Vector
            Min Limit: 0.000000
            Max Limit: 100.000000
            Is Animatable: false
            Is Temporary: false
            Default Value: X=1.000000, Y=1.000000, Z=1.000000
        Property 44
            Display Name: MinDampRangeX
            Internal Name: MinDampRangeX
            Type: Number
            Min Limit: 0.000000
            Max Limit: 100.000000
            Is Animatable: false
            Is Temporary: false
            Default Value: 0.000000
        Property 45
            Display Name: MinDampRangeY
            Internal Name: MinDampRangeY
            Type: Number
            Min Limit: 0.000000
            Max Limit: 100.000000
            Is Animatable: false
            Is Temporary: false
            Default Value: 0.000000
        Property 46
            Display Name: MinDampRangeZ
            Internal Name: MinDampRangeZ
            Type: Number
            Min Limit: 0.000000
            Max Limit: 100.000000
            Is Animatable: false
            Is Temporary: false
            Default Value: 0.000000
        Property 47
            Display Name: MaxDampRangeX
            Internal Name: MaxDampRangeX
            Type: Number
            Min Limit: 0.000000
            Max Limit: 100.000000
            Is Animatable: false
            Is Temporary: false
            Default Value: 0.000000
        Property 48
            Display Name: MaxDampRangeY
            Internal Name: MaxDampRangeY
            Type: Number
            Min Limit: 0.000000
            Max Limit: 100.000000
            Is Animatable: false
            Is Temporary: false
            Default Value: 0.000000
        Property 49
            Display Name: MaxDampRangeZ
            Internal Name: MaxDampRangeZ
            Type: Number
            Min Limit: 0.000000
            Max Limit: 100.000000
            Is Animatable: false
            Is Temporary: false
            Default Value: 0.000000
        Property 50
            Display Name: MinDampStrengthX
            Internal Name: MinDampStrengthX
            Type: Number
            Min Limit: 0.000000
            Max Limit: 100.000000
            Is Animatable: false
            Is Temporary: false
            Default Value: 0.000000
        Property 51
            Display Name: MinDampStrengthY
            Internal Name: MinDampStrengthY
            Type: Number
            Min Limit: 0.000000
            Max Limit: 100.000000
            Is Animatable: false
            Is Temporary: false
            Default Value: 0.000000
        Property 52
            Display Name: MinDampStrengthZ
            Internal Name: MinDampStrengthZ
            Type: Number
            Min Limit: 0.000000
            Max Limit: 100.000000
            Is Animatable: false
            Is Temporary: false
            Default Value: 0.000000
        Property 53
            Display Name: MaxDampStrengthX
            Internal Name: MaxDampStrengthX
            Type: Number
            Min Limit: 0.000000
            Max Limit: 100.000000
            Is Animatable: false
            Is Temporary: false
            Default Value: 0.000000
        Property 54
            Display Name: MaxDampStrengthY
            Internal Name: MaxDampStrengthY
            Type: Number
            Min Limit: 0.000000
            Max Limit: 100.000000
            Is Animatable: false
            Is Temporary: false
            Default Value: 0.000000
        Property 55
            Display Name: MaxDampStrengthZ
            Internal Name: MaxDampStrengthZ
            Type: Number
            Min Limit: 0.000000
            Max Limit: 100.000000
            Is Animatable: false
            Is Temporary: false
            Default Value: 0.000000
        Property 56
            Display Name: PreferedAngleX
            Internal Name: PreferedAngleX
            Type: Number
            Min Limit: 0.000000
            Max Limit: 100.000000
            Is Animatable: false
            Is Temporary: false
            Default Value: 0.000000
        Property 57
            Display Name: PreferedAngleY
            Internal Name: PreferedAngleY
            Type: Number
            Min Limit: 0.000000
            Max Limit: 100.000000
            Is Animatable: false
            Is Temporary: false
            Default Value: 0.000000
        Property 58
            Display Name: PreferedAngleZ
            Internal Name: PreferedAngleZ
            Type: Number
            Min Limit: 0.000000
            Max Limit: 100.000000
            Is Animatable: false
            Is Temporary: false
            Default Value: 0.000000
        Property 59
            Display Name: LookAtProperty
            Internal Name: LookAtProperty
            Type: object
            Min Limit: 0.000000
            Max Limit: 100.000000
            Is Animatable: false
            Is Temporary: false
            Default Value: UNIDENTIFIED
        Property 60
            Display Name: UpVectorProperty
            Internal Name: UpVectorProperty
            Type: object
            Min Limit: 0.000000
            Max Limit: 100.000000
            Is Animatable: false
            Is Temporary: false
            Default Value: UNIDENTIFIED
        Property 61
            Display Name: Show
            Internal Name: Show
            Type: Bool
            Min Limit: 0.000000
            Max Limit: 100.000000
            Is Animatable: false
            Is Temporary: false
            Default Value: true
        Property 62
            Display Name: NegativePercentShapeSupport
            Internal Name: NegativePercentShapeSupport
            Type: Bool
            Min Limit: 0.000000
            Max Limit: 100.000000
            Is Animatable: false
            Is Temporary: false
            Default Value: true
        Property 63
            Display Name: DefaultAttributeIndex
            Internal Name: DefaultAttributeIndex
            Type: Integer
            Min Limit: 0.000000
            Max Limit: 100.000000
            Is Animatable: false
            Is Temporary: false
            Default Value: 0
        Property 64
            Display Name: Lcl Translation
            Internal Name: Lcl Translation
            Type: Lcl Translation
            Min Limit: 0.000000
            Max Limit: 100.000000
            Is Animatable: true
            Is Temporary: false
            Default Value: X=0.401803, Y=-4.510451, Z=32.256321
        Property 65
            Display Name: Lcl Rotation
            Internal Name: Lcl Rotation
            Type: Lcl Rotation
            Min Limit: 0.000000
            Max Limit: 100.000000
            Is Animatable: true
            Is Temporary: false
            Default Value: X=7.461647, Y=-1.000000, Z=0.000000
        Property 66
            Display Name: Lcl Scaling
            Internal Name: Lcl Scaling
            Type: Lcl Scaling
            Min Limit: 0.000000
            Max Limit: 100.000000
            Is Animatable: true
            Is Temporary: false
            Default Value: X=1.000000, Y=1.000000, Z=1.000000
        Property 67
            Display Name: Visibility
            Internal Name: Visibility
            Type: Visibility
            Min Limit: 0.000000
            Max Limit: 100.000000
            Is Animatable: true
            Is Temporary: false
            Default Value: 1.000000

directionalLight1

Name: directionalLight1
    Property Count: 68
        Property 0
            Display Name: QuaternionInterpolate
            Internal Name: QuaternionInterpolate
            Type: Bool
            Min Limit: 0.000000
            Max Limit: 100.000000
            Is Animatable: false
            Is Temporary: false
            Default Value: false
        Property 1
            Display Name: RotationOffset
            Internal Name: RotationOffset
            Type: Vector
            Min Limit: 0.000000
            Max Limit: 100.000000
            Is Animatable: false
            Is Temporary: false
            Default Value: X=0.000000, Y=0.000000, Z=0.000000
        Property 2
            Display Name: RotationPivot
            Internal Name: RotationPivot
            Type: Vector
            Min Limit: 0.000000
            Max Limit: 100.000000
            Is Animatable: false
            Is Temporary: false
            Default Value: X=0.000000, Y=0.000000, Z=0.000000
        Property 3
            Display Name: ScalingOffset
            Internal Name: ScalingOffset
            Type: Vector
            Min Limit: 0.000000
            Max Limit: 100.000000
            Is Animatable: false
            Is Temporary: false
            Default Value: X=0.000000, Y=0.000000, Z=0.000000
        Property 4
            Display Name: ScalingPivot
            Internal Name: ScalingPivot
            Type: Vector
            Min Limit: 0.000000
            Max Limit: 100.000000
            Is Animatable: false
            Is Temporary: false
            Default Value: X=0.000000, Y=0.000000, Z=0.000000
        Property 5
            Display Name: TranslationActive
            Internal Name: TranslationActive
            Type: Bool
            Min Limit: 0.000000
            Max Limit: 100.000000
            Is Animatable: false
            Is Temporary: false
            Default Value: false
        Property 6
            Display Name: TranslationMin
            Internal Name: TranslationMin
            Type: Vector
            Min Limit: 0.000000
            Max Limit: 100.000000
            Is Animatable: false
            Is Temporary: false
            Default Value: X=0.000000, Y=0.000000, Z=0.000000
        Property 7
            Display Name: TranslationMax
            Internal Name: TranslationMax
            Type: Vector
            Min Limit: 0.000000
            Max Limit: 100.000000
            Is Animatable: false
            Is Temporary: false
            Default Value: X=0.000000, Y=0.000000, Z=0.000000
        Property 8
            Display Name: TranslationMinX
            Internal Name: TranslationMinX
            Type: Bool
            Min Limit: 0.000000
            Max Limit: 100.000000
            Is Animatable: false
            Is Temporary: false
            Default Value: false
        Property 9
            Display Name: TranslationMinY
            Internal Name: TranslationMinY
            Type: Bool
            Min Limit: 0.000000
            Max Limit: 100.000000
            Is Animatable: false
            Is Temporary: false
            Default Value: false
        Property 10
            Display Name: TranslationMinZ
            Internal Name: TranslationMinZ
            Type: Bool
            Min Limit: 0.000000
            Max Limit: 100.000000
            Is Animatable: false
            Is Temporary: false
            Default Value: false
        Property 11
            Display Name: TranslationMaxX
            Internal Name: TranslationMaxX
            Type: Bool
            Min Limit: 0.000000
            Max Limit: 100.000000
            Is Animatable: false
            Is Temporary: false
            Default Value: false
        Property 12
            Display Name: TranslationMaxY
            Internal Name: TranslationMaxY
            Type: Bool
            Min Limit: 0.000000
            Max Limit: 100.000000
            Is Animatable: false
            Is Temporary: false
            Default Value: false
        Property 13
            Display Name: TranslationMaxZ
            Internal Name: TranslationMaxZ
            Type: Bool
            Min Limit: 0.000000
            Max Limit: 100.000000
            Is Animatable: false
            Is Temporary: false
            Default Value: false
        Property 14
            Display Name: RotationOrder
            Internal Name: RotationOrder
            Type: Enum
            Min Limit: 0.000000
            Max Limit: 100.000000
            Is Animatable: false
            Is Temporary: false
            Default Value: UNIDENTIFIED
        Property 15
            Display Name: RotationSpaceForLimitOnly
            Internal Name: RotationSpaceForLimitOnly
            Type: Bool
            Min Limit: 0.000000
            Max Limit: 100.000000
            Is Animatable: false
            Is Temporary: false
            Default Value: false
        Property 16
            Display Name: RotationStiffnessX
            Internal Name: RotationStiffnessX
            Type: Number
            Min Limit: 0.000000
            Max Limit: 100.000000
            Is Animatable: false
            Is Temporary: false
            Default Value: 0.000000
        Property 17
            Display Name: RotationStiffnessY
            Internal Name: RotationStiffnessY
            Type: Number
            Min Limit: 0.000000
            Max Limit: 100.000000
            Is Animatable: false
            Is Temporary: false
            Default Value: 0.000000
        Property 18
            Display Name: RotationStiffnessZ
            Internal Name: RotationStiffnessZ
            Type: Number
            Min Limit: 0.000000
            Max Limit: 100.000000
            Is Animatable: false
            Is Temporary: false
            Default Value: 0.000000
        Property 19
            Display Name: AxisLen
            Internal Name: AxisLen
            Type: Number
            Min Limit: 0.000000
            Max Limit: 100.000000
            Is Animatable: false
            Is Temporary: false
            Default Value: 10.000000
        Property 20
            Display Name: PreRotation
            Internal Name: PreRotation
            Type: Vector
            Min Limit: 0.000000
            Max Limit: 100.000000
            Is Animatable: false
            Is Temporary: false
            Default Value: X=0.000000, Y=0.000000, Z=0.000000
        Property 21
            Display Name: PostRotation
            Internal Name: PostRotation
            Type: Vector
            Min Limit: 0.000000
            Max Limit: 100.000000
            Is Animatable: false
            Is Temporary: false
            Default Value: X=-90.000000, Y=-0.000000, Z=0.000000
        Property 22
            Display Name: RotationActive
            Internal Name: RotationActive
            Type: Bool
            Min Limit: 0.000000
            Max Limit: 100.000000
            Is Animatable: false
            Is Temporary: false
            Default Value: true
        Property 23
            Display Name: RotationMin
            Internal Name: RotationMin
            Type: Vector
            Min Limit: 0.000000
            Max Limit: 100.000000
            Is Animatable: false
            Is Temporary: false
            Default Value: X=0.000000, Y=0.000000, Z=0.000000
        Property 24
            Display Name: RotationMax
            Internal Name: RotationMax
            Type: Vector
            Min Limit: 0.000000
            Max Limit: 100.000000
            Is Animatable: false
            Is Temporary: false
            Default Value: X=0.000000, Y=0.000000, Z=0.000000
        Property 25
            Display Name: RotationMinX
            Internal Name: RotationMinX
            Type: Bool
            Min Limit: 0.000000
            Max Limit: 100.000000
            Is Animatable: false
            Is Temporary: false
            Default Value: false
        Property 26
            Display Name: RotationMinY
            Internal Name: RotationMinY
            Type: Bool
            Min Limit: 0.000000
            Max Limit: 100.000000
            Is Animatable: false
            Is Temporary: false
            Default Value: false
        Property 27
            Display Name: RotationMinZ
            Internal Name: RotationMinZ
            Type: Bool
            Min Limit: 0.000000
            Max Limit: 100.000000
            Is Animatable: false
            Is Temporary: false
            Default Value: false
        Property 28
            Display Name: RotationMaxX
            Internal Name: RotationMaxX
            Type: Bool
            Min Limit: 0.000000
            Max Limit: 100.000000
            Is Animatable: false
            Is Temporary: false
            Default Value: false
        Property 29
            Display Name: RotationMaxY
            Internal Name: RotationMaxY
            Type: Bool
            Min Limit: 0.000000
            Max Limit: 100.000000
            Is Animatable: false
            Is Temporary: false
            Default Value: false
        Property 30
            Display Name: RotationMaxZ
            Internal Name: RotationMaxZ
            Type: Bool
            Min Limit: 0.000000
            Max Limit: 100.000000
            Is Animatable: false
            Is Temporary: false
            Default Value: false
        Property 31
            Display Name: InheritType
            Internal Name: InheritType
            Type: Enum
            Min Limit: 0.000000
            Max Limit: 100.000000
            Is Animatable: false
            Is Temporary: false
            Default Value: UNIDENTIFIED
        Property 32
            Display Name: ScalingActive
            Internal Name: ScalingActive
            Type: Bool
            Min Limit: 0.000000
            Max Limit: 100.000000
            Is Animatable: false
            Is Temporary: false
            Default Value: false
        Property 33
            Display Name: ScalingMin
            Internal Name: ScalingMin
            Type: Vector
            Min Limit: 0.000000
            Max Limit: 100.000000
            Is Animatable: false
            Is Temporary: false
            Default Value: X=0.000000, Y=0.000000, Z=0.000000
        Property 34
            Display Name: ScalingMax
            Internal Name: ScalingMax
            Type: Vector
            Min Limit: 0.000000
            Max Limit: 100.000000
            Is Animatable: false
            Is Temporary: false
            Default Value: X=0.000000, Y=0.000000, Z=0.000000
        Property 35
            Display Name: ScalingMinX
            Internal Name: ScalingMinX
            Type: Bool
            Min Limit: 0.000000
            Max Limit: 100.000000
            Is Animatable: false
            Is Temporary: false
            Default Value: false
        Property 36
            Display Name: ScalingMinY
            Internal Name: ScalingMinY
            Type: Bool
            Min Limit: 0.000000
            Max Limit: 100.000000
            Is Animatable: false
            Is Temporary: false
            Default Value: false
        Property 37
            Display Name: ScalingMinZ
            Internal Name: ScalingMinZ
            Type: Bool
            Min Limit: 0.000000
            Max Limit: 100.000000
            Is Animatable: false
            Is Temporary: false
            Default Value: false
        Property 38
            Display Name: ScalingMaxX
            Internal Name: ScalingMaxX
            Type: Bool
            Min Limit: 0.000000
            Max Limit: 100.000000
            Is Animatable: false
            Is Temporary: false
            Default Value: false
        Property 39
            Display Name: ScalingMaxY
            Internal Name: ScalingMaxY
            Type: Bool
            Min Limit: 0.000000
            Max Limit: 100.000000
            Is Animatable: false
            Is Temporary: false
            Default Value: false
        Property 40
            Display Name: ScalingMaxZ
            Internal Name: ScalingMaxZ
            Type: Bool
            Min Limit: 0.000000
            Max Limit: 100.000000
            Is Animatable: false
            Is Temporary: false
            Default Value: false
        Property 41
            Display Name: GeometricTranslation
            Internal Name: GeometricTranslation
            Type: Vector
            Min Limit: 0.000000
            Max Limit: 100.000000
            Is Animatable: false
            Is Temporary: false
            Default Value: X=0.000000, Y=0.000000, Z=0.000000
        Property 42
            Display Name: GeometricRotation
            Internal Name: GeometricRotation
            Type: Vector
            Min Limit: 0.000000
            Max Limit: 100.000000
            Is Animatable: false
            Is Temporary: false
            Default Value: X=0.000000, Y=0.000000, Z=0.000000
        Property 43
            Display Name: GeometricScaling
            Internal Name: GeometricScaling
            Type: Vector
            Min Limit: 0.000000
            Max Limit: 100.000000
            Is Animatable: false
            Is Temporary: false
            Default Value: X=1.000000, Y=1.000000, Z=1.000000
        Property 44
            Display Name: MinDampRangeX
            Internal Name: MinDampRangeX
            Type: Number
            Min Limit: 0.000000
            Max Limit: 100.000000
            Is Animatable: false
            Is Temporary: false
            Default Value: 0.000000
        Property 45
            Display Name: MinDampRangeY
            Internal Name: MinDampRangeY
            Type: Number
            Min Limit: 0.000000
            Max Limit: 100.000000
            Is Animatable: false
            Is Temporary: false
            Default Value: 0.000000
        Property 46
            Display Name: MinDampRangeZ
            Internal Name: MinDampRangeZ
            Type: Number
            Min Limit: 0.000000
            Max Limit: 100.000000
            Is Animatable: false
            Is Temporary: false
            Default Value: 0.000000
        Property 47
            Display Name: MaxDampRangeX
            Internal Name: MaxDampRangeX
            Type: Number
            Min Limit: 0.000000
            Max Limit: 100.000000
            Is Animatable: false
            Is Temporary: false
            Default Value: 0.000000
        Property 48
            Display Name: MaxDampRangeY
            Internal Name: MaxDampRangeY
            Type: Number
            Min Limit: 0.000000
            Max Limit: 100.000000
            Is Animatable: false
            Is Temporary: false
            Default Value: 0.000000
        Property 49
            Display Name: MaxDampRangeZ
            Internal Name: MaxDampRangeZ
            Type: Number
            Min Limit: 0.000000
            Max Limit: 100.000000
            Is Animatable: false
            Is Temporary: false
            Default Value: 0.000000
        Property 50
            Display Name: MinDampStrengthX
            Internal Name: MinDampStrengthX
            Type: Number
            Min Limit: 0.000000
            Max Limit: 100.000000
            Is Animatable: false
            Is Temporary: false
            Default Value: 0.000000
        Property 51
            Display Name: MinDampStrengthY
            Internal Name: MinDampStrengthY
            Type: Number
            Min Limit: 0.000000
            Max Limit: 100.000000
            Is Animatable: false
            Is Temporary: false
            Default Value: 0.000000
        Property 52
            Display Name: MinDampStrengthZ
            Internal Name: MinDampStrengthZ
            Type: Number
            Min Limit: 0.000000
            Max Limit: 100.000000
            Is Animatable: false
            Is Temporary: false
            Default Value: 0.000000
        Property 53
            Display Name: MaxDampStrengthX
            Internal Name: MaxDampStrengthX
            Type: Number
            Min Limit: 0.000000
            Max Limit: 100.000000
            Is Animatable: false
            Is Temporary: false
            Default Value: 0.000000
        Property 54
            Display Name: MaxDampStrengthY
            Internal Name: MaxDampStrengthY
            Type: Number
            Min Limit: 0.000000
            Max Limit: 100.000000
            Is Animatable: false
            Is Temporary: false
            Default Value: 0.000000
        Property 55
            Display Name: MaxDampStrengthZ
            Internal Name: MaxDampStrengthZ
            Type: Number
            Min Limit: 0.000000
            Max Limit: 100.000000
            Is Animatable: false
            Is Temporary: false
            Default Value: 0.000000
        Property 56
            Display Name: PreferedAngleX
            Internal Name: PreferedAngleX
            Type: Number
            Min Limit: 0.000000
            Max Limit: 100.000000
            Is Animatable: false
            Is Temporary: false
            Default Value: 0.000000
        Property 57
            Display Name: PreferedAngleY
            Internal Name: PreferedAngleY
            Type: Number
            Min Limit: 0.000000
            Max Limit: 100.000000
            Is Animatable: false
            Is Temporary: false
            Default Value: 0.000000
        Property 58
            Display Name: PreferedAngleZ
            Internal Name: PreferedAngleZ
            Type: Number
            Min Limit: 0.000000
            Max Limit: 100.000000
            Is Animatable: false
            Is Temporary: false
            Default Value: 0.000000
        Property 59
            Display Name: LookAtProperty
            Internal Name: LookAtProperty
            Type: object
            Min Limit: 0.000000
            Max Limit: 100.000000
            Is Animatable: false
            Is Temporary: false
            Default Value: UNIDENTIFIED
        Property 60
            Display Name: UpVectorProperty
            Internal Name: UpVectorProperty
            Type: object
            Min Limit: 0.000000
            Max Limit: 100.000000
            Is Animatable: false
            Is Temporary: false
            Default Value: UNIDENTIFIED
        Property 61
            Display Name: Show
            Internal Name: Show
            Type: Bool
            Min Limit: 0.000000
            Max Limit: 100.000000
            Is Animatable: false
            Is Temporary: false
            Default Value: true
        Property 62
            Display Name: NegativePercentShapeSupport
            Internal Name: NegativePercentShapeSupport
            Type: Bool
            Min Limit: 0.000000
            Max Limit: 100.000000
            Is Animatable: false
            Is Temporary: false
            Default Value: true
        Property 63
            Display Name: DefaultAttributeIndex
            Internal Name: DefaultAttributeIndex
            Type: Integer
            Min Limit: 0.000000
            Max Limit: 100.000000
            Is Animatable: false
            Is Temporary: false
            Default Value: 0
        Property 64
            Display Name: Lcl Translation
            Internal Name: Lcl Translation
            Type: Lcl Translation
            Min Limit: 0.000000
            Max Limit: 100.000000
            Is Animatable: true
            Is Temporary: false
            Default Value: X=-16.805311, Y=0.000000, Z=0.000000
        Property 65
            Display Name: Lcl Rotation
            Internal Name: Lcl Rotation
            Type: Lcl Rotation
            Min Limit: 0.000000
            Max Limit: 100.000000
            Is Animatable: true
            Is Temporary: false
            Default Value: X=-28.037231, Y=5.989056, Z=-2.757349
        Property 66
            Display Name: Lcl Scaling
            Internal Name: Lcl Scaling
            Type: Lcl Scaling
            Min Limit: 0.000000
            Max Limit: 100.000000
            Is Animatable: true
            Is Temporary: false
            Default Value: X=1.000000, Y=1.000000, Z=1.000000
        Property 67
            Display Name: Visibility
            Internal Name: Visibility
            Type: Visibility
            Min Limit: 0.000000
            Max Limit: 100.000000
            Is Animatable: true
            Is Temporary: false
            Default Value: 1.000000

xxx:head1

Name: xxx:head1
    Property Count: 68
        Property 0
            Display Name: QuaternionInterpolate
            Internal Name: QuaternionInterpolate
            Type: Bool
            Min Limit: 0.000000
            Max Limit: 100.000000
            Is Animatable: false
            Is Temporary: false
            Default Value: false
        Property 1
            Display Name: RotationOffset
            Internal Name: RotationOffset
            Type: Vector
            Min Limit: 0.000000
            Max Limit: 100.000000
            Is Animatable: false
            Is Temporary: false
            Default Value: X=0.000000, Y=0.000000, Z=0.000000
        Property 2
            Display Name: RotationPivot
            Internal Name: RotationPivot
            Type: Vector
            Min Limit: 0.000000
            Max Limit: 100.000000
            Is Animatable: false
            Is Temporary: false
            Default Value: X=-0.708347, Y=2.140105, Z=-9.191170
        Property 3
            Display Name: ScalingOffset
            Internal Name: ScalingOffset
            Type: Vector
            Min Limit: 0.000000
            Max Limit: 100.000000
            Is Animatable: false
            Is Temporary: false
            Default Value: X=0.000000, Y=0.000000, Z=0.000000
        Property 4
            Display Name: ScalingPivot
            Internal Name: ScalingPivot
            Type: Vector
            Min Limit: 0.000000
            Max Limit: 100.000000
            Is Animatable: false
            Is Temporary: false
            Default Value: X=-0.708347, Y=2.140105, Z=-9.191170
        Property 5
            Display Name: TranslationActive
            Internal Name: TranslationActive
            Type: Bool
            Min Limit: 0.000000
            Max Limit: 100.000000
            Is Animatable: false
            Is Temporary: false
            Default Value: false
        Property 6
            Display Name: TranslationMin
            Internal Name: TranslationMin
            Type: Vector
            Min Limit: 0.000000
            Max Limit: 100.000000
            Is Animatable: false
            Is Temporary: false
            Default Value: X=0.000000, Y=0.000000, Z=0.000000
        Property 7
            Display Name: TranslationMax
            Internal Name: TranslationMax
            Type: Vector
            Min Limit: 0.000000
            Max Limit: 100.000000
            Is Animatable: false
            Is Temporary: false
            Default Value: X=0.000000, Y=0.000000, Z=0.000000
        Property 8
            Display Name: TranslationMinX
            Internal Name: TranslationMinX
            Type: Bool
            Min Limit: 0.000000
            Max Limit: 100.000000
            Is Animatable: false
            Is Temporary: false
            Default Value: false
        Property 9
            Display Name: TranslationMinY
            Internal Name: TranslationMinY
            Type: Bool
            Min Limit: 0.000000
            Max Limit: 100.000000
            Is Animatable: false
            Is Temporary: false
            Default Value: false
        Property 10
            Display Name: TranslationMinZ
            Internal Name: TranslationMinZ
            Type: Bool
            Min Limit: 0.000000
            Max Limit: 100.000000
            Is Animatable: false
            Is Temporary: false
            Default Value: false
        Property 11
            Display Name: TranslationMaxX
            Internal Name: TranslationMaxX
            Type: Bool
            Min Limit: 0.000000
            Max Limit: 100.000000
            Is Animatable: false
            Is Temporary: false
            Default Value: false
        Property 12
            Display Name: TranslationMaxY
            Internal Name: TranslationMaxY
            Type: Bool
            Min Limit: 0.000000
            Max Limit: 100.000000
            Is Animatable: false
            Is Temporary: false
            Default Value: false
        Property 13
            Display Name: TranslationMaxZ
            Internal Name: TranslationMaxZ
            Type: Bool
            Min Limit: 0.000000
            Max Limit: 100.000000
            Is Animatable: false
            Is Temporary: false
            Default Value: false
        Property 14
            Display Name: RotationOrder
            Internal Name: RotationOrder
            Type: Enum
            Min Limit: 0.000000
            Max Limit: 100.000000
            Is Animatable: false
            Is Temporary: false
            Default Value: UNIDENTIFIED
        Property 15
            Display Name: RotationSpaceForLimitOnly
            Internal Name: RotationSpaceForLimitOnly
            Type: Bool
            Min Limit: 0.000000
            Max Limit: 100.000000
            Is Animatable: false
            Is Temporary: false
            Default Value: false
        Property 16
            Display Name: RotationStiffnessX
            Internal Name: RotationStiffnessX
            Type: Number
            Min Limit: 0.000000
            Max Limit: 100.000000
            Is Animatable: false
            Is Temporary: false
            Default Value: 0.000000
        Property 17
            Display Name: RotationStiffnessY
            Internal Name: RotationStiffnessY
            Type: Number
            Min Limit: 0.000000
            Max Limit: 100.000000
            Is Animatable: false
            Is Temporary: false
            Default Value: 0.000000
        Property 18
            Display Name: RotationStiffnessZ
            Internal Name: RotationStiffnessZ
            Type: Number
            Min Limit: 0.000000
            Max Limit: 100.000000
            Is Animatable: false
            Is Temporary: false
            Default Value: 0.000000
        Property 19
            Display Name: AxisLen
            Internal Name: AxisLen
            Type: Number
            Min Limit: 0.000000
            Max Limit: 100.000000
            Is Animatable: false
            Is Temporary: false
            Default Value: 10.000000
        Property 20
            Display Name: PreRotation
            Internal Name: PreRotation
            Type: Vector
            Min Limit: 0.000000
            Max Limit: 100.000000
            Is Animatable: false
            Is Temporary: false
            Default Value: X=0.000000, Y=0.000000, Z=0.000000
        Property 21
            Display Name: PostRotation
            Internal Name: PostRotation
            Type: Vector
            Min Limit: 0.000000
            Max Limit: 100.000000
            Is Animatable: false
            Is Temporary: false
            Default Value: X=0.000000, Y=-0.000000, Z=0.000000
        Property 22
            Display Name: RotationActive
            Internal Name: RotationActive
            Type: Bool
            Min Limit: 0.000000
            Max Limit: 100.000000
            Is Animatable: false
            Is Temporary: false
            Default Value: true
        Property 23
            Display Name: RotationMin
            Internal Name: RotationMin
            Type: Vector
            Min Limit: 0.000000
            Max Limit: 100.000000
            Is Animatable: false
            Is Temporary: false
            Default Value: X=0.000000, Y=0.000000, Z=0.000000
        Property 24
            Display Name: RotationMax
            Internal Name: RotationMax
            Type: Vector
            Min Limit: 0.000000
            Max Limit: 100.000000
            Is Animatable: false
            Is Temporary: false
            Default Value: X=0.000000, Y=0.000000, Z=0.000000
        Property 25
            Display Name: RotationMinX
            Internal Name: RotationMinX
            Type: Bool
            Min Limit: 0.000000
            Max Limit: 100.000000
            Is Animatable: false
            Is Temporary: false
            Default Value: false
        Property 26
            Display Name: RotationMinY
            Internal Name: RotationMinY
            Type: Bool
            Min Limit: 0.000000
            Max Limit: 100.000000
            Is Animatable: false
            Is Temporary: false
            Default Value: false
        Property 27
            Display Name: RotationMinZ
            Internal Name: RotationMinZ
            Type: Bool
            Min Limit: 0.000000
            Max Limit: 100.000000
            Is Animatable: false
            Is Temporary: false
            Default Value: false
        Property 28
            Display Name: RotationMaxX
            Internal Name: RotationMaxX
            Type: Bool
            Min Limit: 0.000000
            Max Limit: 100.000000
            Is Animatable: false
            Is Temporary: false
            Default Value: false
        Property 29
            Display Name: RotationMaxY
            Internal Name: RotationMaxY
            Type: Bool
            Min Limit: 0.000000
            Max Limit: 100.000000
            Is Animatable: false
            Is Temporary: false
            Default Value: false
        Property 30
            Display Name: RotationMaxZ
            Internal Name: RotationMaxZ
            Type: Bool
            Min Limit: 0.000000
            Max Limit: 100.000000
            Is Animatable: false
            Is Temporary: false
            Default Value: false
        Property 31
            Display Name: InheritType
            Internal Name: InheritType
            Type: Enum
            Min Limit: 0.000000
            Max Limit: 100.000000
            Is Animatable: false
            Is Temporary: false
            Default Value: UNIDENTIFIED
        Property 32
            Display Name: ScalingActive
            Internal Name: ScalingActive
            Type: Bool
            Min Limit: 0.000000
            Max Limit: 100.000000
            Is Animatable: false
            Is Temporary: false
            Default Value: false
        Property 33
            Display Name: ScalingMin
            Internal Name: ScalingMin
            Type: Vector
            Min Limit: 0.000000
            Max Limit: 100.000000
            Is Animatable: false
            Is Temporary: false
            Default Value: X=0.000000, Y=0.000000, Z=0.000000
        Property 34
            Display Name: ScalingMax
            Internal Name: ScalingMax
            Type: Vector
            Min Limit: 0.000000
            Max Limit: 100.000000
            Is Animatable: false
            Is Temporary: false
            Default Value: X=0.000000, Y=0.000000, Z=0.000000
        Property 35
            Display Name: ScalingMinX
            Internal Name: ScalingMinX
            Type: Bool
            Min Limit: 0.000000
            Max Limit: 100.000000
            Is Animatable: false
            Is Temporary: false
            Default Value: false
        Property 36
            Display Name: ScalingMinY
            Internal Name: ScalingMinY
            Type: Bool
            Min Limit: 0.000000
            Max Limit: 100.000000
            Is Animatable: false
            Is Temporary: false
            Default Value: false
        Property 37
            Display Name: ScalingMinZ
            Internal Name: ScalingMinZ
            Type: Bool
            Min Limit: 0.000000
            Max Limit: 100.000000
            Is Animatable: false
            Is Temporary: false
            Default Value: false
        Property 38
            Display Name: ScalingMaxX
            Internal Name: ScalingMaxX
            Type: Bool
            Min Limit: 0.000000
            Max Limit: 100.000000
            Is Animatable: false
            Is Temporary: false
            Default Value: false
        Property 39
            Display Name: ScalingMaxY
            Internal Name: ScalingMaxY
            Type: Bool
            Min Limit: 0.000000
            Max Limit: 100.000000
            Is Animatable: false
            Is Temporary: false
            Default Value: false
        Property 40
            Display Name: ScalingMaxZ
            Internal Name: ScalingMaxZ
            Type: Bool
            Min Limit: 0.000000
            Max Limit: 100.000000
            Is Animatable: false
            Is Temporary: false
            Default Value: false
        Property 41
            Display Name: GeometricTranslation
            Internal Name: GeometricTranslation
            Type: Vector
            Min Limit: 0.000000
            Max Limit: 100.000000
            Is Animatable: false
            Is Temporary: false
            Default Value: X=0.000000, Y=0.000000, Z=0.000000
        Property 42
            Display Name: GeometricRotation
            Internal Name: GeometricRotation
            Type: Vector
            Min Limit: 0.000000
            Max Limit: 100.000000
            Is Animatable: false
            Is Temporary: false
            Default Value: X=0.000000, Y=0.000000, Z=0.000000
        Property 43
            Display Name: GeometricScaling
            Internal Name: GeometricScaling
            Type: Vector
            Min Limit: 0.000000
            Max Limit: 100.000000
            Is Animatable: false
            Is Temporary: false
            Default Value: X=1.000000, Y=1.000000, Z=1.000000
        Property 44
            Display Name: MinDampRangeX
            Internal Name: MinDampRangeX
            Type: Number
            Min Limit: 0.000000
            Max Limit: 100.000000
            Is Animatable: false
            Is Temporary: false
            Default Value: 0.000000
        Property 45
            Display Name: MinDampRangeY
            Internal Name: MinDampRangeY
            Type: Number
            Min Limit: 0.000000
            Max Limit: 100.000000
            Is Animatable: false
            Is Temporary: false
            Default Value: 0.000000
        Property 46
            Display Name: MinDampRangeZ
            Internal Name: MinDampRangeZ
            Type: Number
            Min Limit: 0.000000
            Max Limit: 100.000000
            Is Animatable: false
            Is Temporary: false
            Default Value: 0.000000
        Property 47
            Display Name: MaxDampRangeX
            Internal Name: MaxDampRangeX
            Type: Number
            Min Limit: 0.000000
            Max Limit: 100.000000
            Is Animatable: false
            Is Temporary: false
            Default Value: 0.000000
        Property 48
            Display Name: MaxDampRangeY
            Internal Name: MaxDampRangeY
            Type: Number
            Min Limit: 0.000000
            Max Limit: 100.000000
            Is Animatable: false
            Is Temporary: false
            Default Value: 0.000000
        Property 49
            Display Name: MaxDampRangeZ
            Internal Name: MaxDampRangeZ
            Type: Number
            Min Limit: 0.000000
            Max Limit: 100.000000
            Is Animatable: false
            Is Temporary: false
            Default Value: 0.000000
        Property 50
            Display Name: MinDampStrengthX
            Internal Name: MinDampStrengthX
            Type: Number
            Min Limit: 0.000000
            Max Limit: 100.000000
            Is Animatable: false
            Is Temporary: false
            Default Value: 0.000000
        Property 51
            Display Name: MinDampStrengthY
            Internal Name: MinDampStrengthY
            Type: Number
            Min Limit: 0.000000
            Max Limit: 100.000000
            Is Animatable: false
            Is Temporary: false
            Default Value: 0.000000
        Property 52
            Display Name: MinDampStrengthZ
            Internal Name: MinDampStrengthZ
            Type: Number
            Min Limit: 0.000000
            Max Limit: 100.000000
            Is Animatable: false
            Is Temporary: false
            Default Value: 0.000000
        Property 53
            Display Name: MaxDampStrengthX
            Internal Name: MaxDampStrengthX
            Type: Number
            Min Limit: 0.000000
            Max Limit: 100.000000
            Is Animatable: false
            Is Temporary: false
            Default Value: 0.000000
        Property 54
            Display Name: MaxDampStrengthY
            Internal Name: MaxDampStrengthY
            Type: Number
            Min Limit: 0.000000
            Max Limit: 100.000000
            Is Animatable: false
            Is Temporary: false
            Default Value: 0.000000
        Property 55
            Display Name: MaxDampStrengthZ
            Internal Name: MaxDampStrengthZ
            Type: Number
            Min Limit: 0.000000
            Max Limit: 100.000000
            Is Animatable: false
            Is Temporary: false
            Default Value: 0.000000
        Property 56
            Display Name: PreferedAngleX
            Internal Name: PreferedAngleX
            Type: Number
            Min Limit: 0.000000
            Max Limit: 100.000000
            Is Animatable: false
            Is Temporary: false
            Default Value: 0.000000
        Property 57
            Display Name: PreferedAngleY
            Internal Name: PreferedAngleY
            Type: Number
            Min Limit: 0.000000
            Max Limit: 100.000000
            Is Animatable: false
            Is Temporary: false
            Default Value: 0.000000
        Property 58
            Display Name: PreferedAngleZ
            Internal Name: PreferedAngleZ
            Type: Number
            Min Limit: 0.000000
            Max Limit: 100.000000
            Is Animatable: false
            Is Temporary: false
            Default Value: 0.000000
        Property 59
            Display Name: LookAtProperty
            Internal Name: LookAtProperty
            Type: object
            Min Limit: 0.000000
            Max Limit: 100.000000
            Is Animatable: false
            Is Temporary: false
            Default Value: UNIDENTIFIED
        Property 60
            Display Name: UpVectorProperty
            Internal Name: UpVectorProperty
            Type: object
            Min Limit: 0.000000
            Max Limit: 100.000000
            Is Animatable: false
            Is Temporary: false
            Default Value: UNIDENTIFIED
        Property 61
            Display Name: Show
            Internal Name: Show
            Type: Bool
            Min Limit: 0.000000
            Max Limit: 100.000000
            Is Animatable: false
            Is Temporary: false
            Default Value: true
        Property 62
            Display Name: NegativePercentShapeSupport
            Internal Name: NegativePercentShapeSupport
            Type: Bool
            Min Limit: 0.000000
            Max Limit: 100.000000
            Is Animatable: false
            Is Temporary: false
            Default Value: true
        Property 63
            Display Name: DefaultAttributeIndex
            Internal Name: DefaultAttributeIndex
            Type: Integer
            Min Limit: 0.000000
            Max Limit: 100.000000
            Is Animatable: false
            Is Temporary: false
            Default Value: 0
        Property 64
            Display Name: Lcl Translation
            Internal Name: Lcl Translation
            Type: Lcl Translation
            Min Limit: 0.000000
            Max Limit: 100.000000
            Is Animatable: true
            Is Temporary: false
            Default Value: X=-4.570348, Y=-1.571674, Z=4.642796
        Property 65
            Display Name: Lcl Rotation
            Internal Name: Lcl Rotation
            Type: Lcl Rotation
            Min Limit: 0.000000
            Max Limit: 100.000000
            Is Animatable: true
            Is Temporary: false
            Default Value: X=-12.882398, Y=46.062935, Z=1.431855
        Property 66
            Display Name: Lcl Scaling
            Internal Name: Lcl Scaling
            Type: Lcl Scaling
            Min Limit: 0.000000
            Max Limit: 100.000000
            Is Animatable: true
            Is Temporary: false
            Default Value: X=1.094797, Y=1.094797, Z=1.094797
        Property 67
            Display Name: Visibility
            Internal Name: Visibility
            Type: Visibility
            Min Limit: 0.000000
            Max Limit: 100.000000
            Is Animatable: true
            Is Temporary: false
            Default Value: 1.000000

